[{
  "_id": "11dbda1d-255e-43a3-8a0f-4fe01a3ccfe5",
  "creationDate": {
    "$date": {
      "$numberLong": "1681282687000"
    }
  },
  "executedOn": {
    "$date": {
      "$numberLong": "1681289907000"
    }
  },
  "createdBy": "712020:54fe5cd6-a2e2-4a9a-8712-12021521719a",
  "createdByAccountId": "712020:54fe5cd6-a2e2-4a9a-8712-12021521719a",
  "assignedOn": {
    "$date": {
      "$numberLong": "1681282716000"
    }
  },
  "assignedTo": "712020:54fe5cd6-a2e2-4a9a-8712-12021521719a",
  "executedBy": "712020:54fe5cd6-a2e2-4a9a-8712-12021521719a",
  "executedByAccountId": "712020:54fe5cd6-a2e2-4a9a-8712-12021521719a",
  "modifiedBy": "712020:54fe5cd6-a2e2-4a9a-8712-12021521719a",
  "modifiedByAccountId": "712020:54fe5cd6-a2e2-4a9a-8712-12021521719a",
  "statusId": 1,
  "statusName": "PASS",
  "statusDescription": "Test was executed and passed successfully.",
  "executionStatusIndex": 1,
  "defects": [],
  "stepDefects": [],
  "executionDefectCount": 0,
  "stepDefectCount": 0,
  "totalDefectCount": 0,
  "executedByZapi": false,
  "projectCycleVersionIndex": "10002_-1",
  "projectIssueCycleVersionIndex": "10002_10007_-1_-1",
  "projectId": 10002,
  "projectKey": "SAM",
  "projectName": "Sample",
  "versionId": -1,
  "issueId": 10007,
  "issueKey": "SAM-1",
  "issueIndex": 10007,
  "issueLabel": "",
  "component": "",
  "issueSummary": "login with correct credentials",
  "issueDescription": "",
  "viewIssuePermission": true,
  "executionWorkflowEnabled": false,
  "cycleId": "-1",
  "orderId": 1,
  "cycleName": "Ad hoc",
  "cycleIndex": "-1",
  "cycleTenantKey": "ZTI4MTBhMjYtNjVlYS0zYTViLWFlZGMtYzY3YTc4NDgyNzhi",
  "cycleCreationDate": {
    "$date": {
      "$numberLong": "1681257600000"
    }
  },
  "cycleCreatedBy": "712020:54fe5cd6-a2e2-4a9a-8712-12021521719a",
  "cycleCreatedByAccountId": "712020:54fe5cd6-a2e2-4a9a-8712-12021521719a",
  "_class": "com.cognizant.collector.jirazephyr.beans.zephyr.ZephyrExecution"
},{
  "_id": "43107aab-6b35-4f28-b08c-a2ebde2ebcf4",
  "creationDate": {
    "$date": {
      "$numberLong": "1681901299000"
    }
  },
  "executedOn": {
    "$date": {
      "$numberLong": "1681901308000"
    }
  },
  "createdBy": "712020:54fe5cd6-a2e2-4a9a-8712-12021521719a",
  "createdByAccountId": "712020:54fe5cd6-a2e2-4a9a-8712-12021521719a",
  "executedBy": "712020:54fe5cd6-a2e2-4a9a-8712-12021521719a",
  "executedByAccountId": "712020:54fe5cd6-a2e2-4a9a-8712-12021521719a",
  "modifiedBy": "712020:54fe5cd6-a2e2-4a9a-8712-12021521719a",
  "modifiedByAccountId": "712020:54fe5cd6-a2e2-4a9a-8712-12021521719a",
  "statusId": 1,
  "statusName": "PASS",
  "statusDescription": "Test was executed and passed successfully.",
  "executionStatusIndex": 1,
  "defects": [],
  "stepDefects": [],
  "executionDefectCount": 0,
  "stepDefectCount": 0,
  "totalDefectCount": 0,
  "executedByZapi": false,
  "projectCycleVersionIndex": "10002_-1",
  "projectIssueCycleVersionIndex": "10002_10078_-1_-1",
  "projectId": 10002,
  "projectKey": "SAM",
  "projectName": "Sample",
  "versionId": -1,
  "issueId": 10078,
  "issueKey": "SAM-43",
  "issueIndex": 10078,
  "issueLabel": "",
  "component": "",
  "issueSummary": "try creating graphs for user connections",
  "issueDescription": "",
  "viewIssuePermission": true,
  "executionWorkflowEnabled": false,
  "cycleId": "-1",
  "orderId": 1,
  "cycleName": "Ad hoc",
  "cycleIndex": "-1",
  "cycleTenantKey": "ZTI4MTBhMjYtNjVlYS0zYTViLWFlZGMtYzY3YTc4NDgyNzhi",
  "cycleCreationDate": {
    "$date": {
      "$numberLong": "1681257600000"
    }
  },
  "cycleCreatedBy": "712020:54fe5cd6-a2e2-4a9a-8712-12021521719a",
  "cycleCreatedByAccountId": "712020:54fe5cd6-a2e2-4a9a-8712-12021521719a",
  "_class": "com.cognizant.collector.jirazephyr.beans.zephyr.ZephyrExecution"
},{
  "_id": "60a8f57c-cdae-48c6-abe9-4720ac148048",
  "creationDate": {
    "$date": {
      "$numberLong": "1681285122000"
    }
  },
  "executedOn": {
    "$date": {
      "$numberLong": "1681299531000"
    }
  },
  "createdBy": "712020:54fe5cd6-a2e2-4a9a-8712-12021521719a",
  "createdByAccountId": "712020:54fe5cd6-a2e2-4a9a-8712-12021521719a",
  "executedBy": "712020:54fe5cd6-a2e2-4a9a-8712-12021521719a",
  "executedByAccountId": "712020:54fe5cd6-a2e2-4a9a-8712-12021521719a",
  "modifiedBy": "712020:54fe5cd6-a2e2-4a9a-8712-12021521719a",
  "modifiedByAccountId": "712020:54fe5cd6-a2e2-4a9a-8712-12021521719a",
  "statusId": 1,
  "statusName": "PASS",
  "statusDescription": "Test was executed and passed successfully.",
  "executionStatusIndex": 1,
  "defects": [],
  "stepDefects": [],
  "executionDefectCount": 0,
  "stepDefectCount": 0,
  "totalDefectCount": 0,
  "executedByZapi": false,
  "projectCycleVersionIndex": "10002_-1",
  "projectIssueCycleVersionIndex": "10002_10014_-1_-1",
  "projectId": 10002,
  "projectKey": "SAM",
  "projectName": "Sample",
  "versionId": -1,
  "issueId": 10014,
  "issueKey": "SAM-7",
  "issueIndex": 10014,
  "issueLabel": "",
  "component": "",
  "issueSummary": "booking",
  "issueDescription": "",
  "viewIssuePermission": true,
  "executionWorkflowEnabled": false,
  "cycleId": "-1",
  "orderId": 1,
  "cycleName": "Ad hoc",
  "cycleIndex": "-1",
  "cycleTenantKey": "ZTI4MTBhMjYtNjVlYS0zYTViLWFlZGMtYzY3YTc4NDgyNzhi",
  "cycleCreationDate": {
    "$date": {
      "$numberLong": "1681257600000"
    }
  },
  "cycleCreatedBy": "712020:54fe5cd6-a2e2-4a9a-8712-12021521719a",
  "cycleCreatedByAccountId": "712020:54fe5cd6-a2e2-4a9a-8712-12021521719a",
  "_class": "com.cognizant.collector.jirazephyr.beans.zephyr.ZephyrExecution"
},{
  "_id": "8f08a519-c2f1-4527-a1dc-7724c7632759",
  "creationDate": {
    "$date": {
      "$numberLong": "1681454509000"
    }
  },
  "executedOn": {
    "$date": {
      "$numberLong": "1681454518000"
    }
  },
  "createdBy": "712020:54fe5cd6-a2e2-4a9a-8712-12021521719a",
  "createdByAccountId": "712020:54fe5cd6-a2e2-4a9a-8712-12021521719a",
  "executedBy": "712020:54fe5cd6-a2e2-4a9a-8712-12021521719a",
  "executedByAccountId": "712020:54fe5cd6-a2e2-4a9a-8712-12021521719a",
  "modifiedBy": "712020:54fe5cd6-a2e2-4a9a-8712-12021521719a",
  "modifiedByAccountId": "712020:54fe5cd6-a2e2-4a9a-8712-12021521719a",
  "statusId": 1,
  "statusName": "PASS",
  "statusDescription": "Test was executed and passed successfully.",
  "executionStatusIndex": 1,
  "defects": [],
  "stepDefects": [],
  "executionDefectCount": 0,
  "stepDefectCount": 0,
  "totalDefectCount": 0,
  "executedByZapi": false,
  "projectCycleVersionIndex": "10002_-1",
  "projectIssueCycleVersionIndex": "10002_10017_-1_-1",
  "projectId": 10002,
  "projectKey": "SAM",
  "projectName": "Sample",
  "versionId": -1,
  "issueId": 10017,
  "issueKey": "SAM-10",
  "issueIndex": 10017,
  "issueLabel": "",
  "component": "",
  "issueSummary": "generating tokens",
  "issueDescription": "",
  "viewIssuePermission": true,
  "executionWorkflowEnabled": false,
  "cycleId": "-1",
  "orderId": 1,
  "cycleName": "Ad hoc",
  "cycleIndex": "-1",
  "cycleTenantKey": "ZTI4MTBhMjYtNjVlYS0zYTViLWFlZGMtYzY3YTc4NDgyNzhi",
  "cycleCreationDate": {
    "$date": {
      "$numberLong": "1681257600000"
    }
  },
  "cycleCreatedBy": "712020:54fe5cd6-a2e2-4a9a-8712-12021521719a",
  "cycleCreatedByAccountId": "712020:54fe5cd6-a2e2-4a9a-8712-12021521719a",
  "_class": "com.cognizant.collector.jirazephyr.beans.zephyr.ZephyrExecution"
},{
  "_id": "a0c94c54-081e-4ad0-a71f-8354d4d25d38",
  "creationDate": {
    "$date": {
      "$numberLong": "1681454550000"
    }
  },
  "executedOn": {
    "$date": {
      "$numberLong": "1681476160000"
    }
  },
  "createdBy": "712020:54fe5cd6-a2e2-4a9a-8712-12021521719a",
  "createdByAccountId": "712020:54fe5cd6-a2e2-4a9a-8712-12021521719a",
  "executedBy": "712020:54fe5cd6-a2e2-4a9a-8712-12021521719a",
  "executedByAccountId": "712020:54fe5cd6-a2e2-4a9a-8712-12021521719a",
  "modifiedBy": "712020:54fe5cd6-a2e2-4a9a-8712-12021521719a",
  "modifiedByAccountId": "712020:54fe5cd6-a2e2-4a9a-8712-12021521719a",
  "statusId": 1,
  "statusName": "PASS",
  "statusDescription": "Test was executed and passed successfully.",
  "executionStatusIndex": 1,
  "defects": [],
  "stepDefects": [],
  "executionDefectCount": 0,
  "stepDefectCount": 0,
  "totalDefectCount": 0,
  "executedByZapi": false,
  "projectCycleVersionIndex": "10002_-1",
  "projectIssueCycleVersionIndex": "10002_10018_-1_-1",
  "projectId": 10002,
  "projectKey": "SAM",
  "projectName": "Sample",
  "versionId": -1,
  "issueId": 10018,
  "issueKey": "SAM-11",
  "issueIndex": 10018,
  "issueLabel": "",
  "component": "",
  "issueSummary": "deleting token",
  "issueDescription": "",
  "viewIssuePermission": true,
  "executionWorkflowEnabled": false,
  "cycleId": "-1",
  "orderId": 1,
  "cycleName": "Ad hoc",
  "cycleIndex": "-1",
  "cycleTenantKey": "ZTI4MTBhMjYtNjVlYS0zYTViLWFlZGMtYzY3YTc4NDgyNzhi",
  "cycleCreationDate": {
    "$date": {
      "$numberLong": "1681257600000"
    }
  },
  "cycleCreatedBy": "712020:54fe5cd6-a2e2-4a9a-8712-12021521719a",
  "cycleCreatedByAccountId": "712020:54fe5cd6-a2e2-4a9a-8712-12021521719a",
  "_class": "com.cognizant.collector.jirazephyr.beans.zephyr.ZephyrExecution"
},{
  "_id": "a62db9b8-919d-4446-95a7-b385ed82d4f5",
  "creationDate": {
    "$date": {
      "$numberLong": "1681901488000"
    }
  },
  "executedOn": {
    "$date": {
      "$numberLong": "1681901506000"
    }
  },
  "createdBy": "712020:54fe5cd6-a2e2-4a9a-8712-12021521719a",
  "createdByAccountId": "712020:54fe5cd6-a2e2-4a9a-8712-12021521719a",
  "executedBy": "712020:54fe5cd6-a2e2-4a9a-8712-12021521719a",
  "executedByAccountId": "712020:54fe5cd6-a2e2-4a9a-8712-12021521719a",
  "modifiedBy": "712020:54fe5cd6-a2e2-4a9a-8712-12021521719a",
  "modifiedByAccountId": "712020:54fe5cd6-a2e2-4a9a-8712-12021521719a",
  "statusId": 1,
  "statusName": "PASS",
  "statusDescription": "Test was executed and passed successfully.",
  "executionStatusIndex": 1,
  "defects": [],
  "stepDefects": [],
  "executionDefectCount": 0,
  "stepDefectCount": 0,
  "totalDefectCount": 0,
  "executedByZapi": false,
  "projectCycleVersionIndex": "10002_-1",
  "projectIssueCycleVersionIndex": "10002_10083_-1_-1",
  "projectId": 10002,
  "projectKey": "SAM",
  "projectName": "Sample",
  "versionId": -1,
  "issueId": 10083,
  "issueKey": "SAM-44",
  "issueIndex": 10083,
  "issueLabel": "",
  "component": "",
  "issueSummary": "Try logging from microsoft account",
  "issueDescription": "",
  "viewIssuePermission": true,
  "executionWorkflowEnabled": false,
  "cycleId": "-1",
  "orderId": 1,
  "cycleName": "Ad hoc",
  "cycleIndex": "-1",
  "cycleTenantKey": "ZTI4MTBhMjYtNjVlYS0zYTViLWFlZGMtYzY3YTc4NDgyNzhi",
  "cycleCreationDate": {
    "$date": {
      "$numberLong": "1681257600000"
    }
  },
  "cycleCreatedBy": "712020:54fe5cd6-a2e2-4a9a-8712-12021521719a",
  "cycleCreatedByAccountId": "712020:54fe5cd6-a2e2-4a9a-8712-12021521719a",
  "_class": "com.cognizant.collector.jirazephyr.beans.zephyr.ZephyrExecution"
},{
  "_id": "aafd670a-9768-477c-b1bc-a62190387d6b",
  "creationDate": {
    "$date": {
      "$numberLong": "1681284855000"
    }
  },
  "executedOn": {
    "$date": {
      "$numberLong": "1681306463000"
    }
  },
  "createdBy": "712020:54fe5cd6-a2e2-4a9a-8712-12021521719a",
  "createdByAccountId": "712020:54fe5cd6-a2e2-4a9a-8712-12021521719a",
  "executedBy": "712020:54fe5cd6-a2e2-4a9a-8712-12021521719a",
  "executedByAccountId": "712020:54fe5cd6-a2e2-4a9a-8712-12021521719a",
  "modifiedBy": "712020:54fe5cd6-a2e2-4a9a-8712-12021521719a",
  "modifiedByAccountId": "712020:54fe5cd6-a2e2-4a9a-8712-12021521719a",
  "statusId": 1,
  "statusName": "PASS",
  "statusDescription": "Test was executed and passed successfully.",
  "executionStatusIndex": 1,
  "defects": [],
  "stepDefects": [],
  "executionDefectCount": 0,
  "stepDefectCount": 0,
  "totalDefectCount": 0,
  "executedByZapi": false,
  "projectCycleVersionIndex": "10002_-1",
  "projectIssueCycleVersionIndex": "10002_10012_-1_-1",
  "projectId": 10002,
  "projectKey": "SAM",
  "projectName": "Sample",
  "versionId": -1,
  "issueId": 10012,
  "issueKey": "SAM-5",
  "issueIndex": 10012,
  "issueLabel": "",
  "component": "",
  "issueSummary": "creating a comment",
  "issueDescription": "",
  "viewIssuePermission": true,
  "executionWorkflowEnabled": false,
  "cycleId": "-1",
  "orderId": 1,
  "cycleName": "Ad hoc",
  "cycleIndex": "-1",
  "cycleTenantKey": "ZTI4MTBhMjYtNjVlYS0zYTViLWFlZGMtYzY3YTc4NDgyNzhi",
  "cycleCreationDate": {
    "$date": {
      "$numberLong": "1681257600000"
    }
  },
  "cycleCreatedBy": "712020:54fe5cd6-a2e2-4a9a-8712-12021521719a",
  "cycleCreatedByAccountId": "712020:54fe5cd6-a2e2-4a9a-8712-12021521719a",
  "_class": "com.cognizant.collector.jirazephyr.beans.zephyr.ZephyrExecution"
},{
  "_id": "bd411fa0-d2cd-4354-99f6-5e10473f66a5",
  "creationDate": {
    "$date": {
      "$numberLong": "1681454760000"
    }
  },
  "executedOn": {
    "$date": {
      "$numberLong": "1681483570000"
    }
  },
  "createdBy": "712020:54fe5cd6-a2e2-4a9a-8712-12021521719a",
  "createdByAccountId": "712020:54fe5cd6-a2e2-4a9a-8712-12021521719a",
  "executedBy": "712020:54fe5cd6-a2e2-4a9a-8712-12021521719a",
  "executedByAccountId": "712020:54fe5cd6-a2e2-4a9a-8712-12021521719a",
  "modifiedBy": "712020:54fe5cd6-a2e2-4a9a-8712-12021521719a",
  "modifiedByAccountId": "712020:54fe5cd6-a2e2-4a9a-8712-12021521719a",
  "statusId": 2,
  "statusName": "FAIL",
  "statusDescription": "Test was executed and failed.",
  "executionStatusIndex": 2,
  "defects": [],
  "stepDefects": [],
  "executionDefectCount": 0,
  "stepDefectCount": 0,
  "totalDefectCount": 0,
  "executedByZapi": false,
  "projectCycleVersionIndex": "10002_-1",
  "projectIssueCycleVersionIndex": "10002_10019_-1_-1",
  "projectId": 10002,
  "projectKey": "SAM",
  "projectName": "Sample",
  "versionId": -1,
  "issueId": 10019,
  "issueKey": "SAM-12",
  "issueIndex": 10019,
  "issueLabel": "",
  "component": "",
  "issueSummary": "loggin off",
  "issueDescription": "",
  "viewIssuePermission": true,
  "executionWorkflowEnabled": false,
  "cycleId": "-1",
  "orderId": 1,
  "cycleName": "Ad hoc",
  "cycleIndex": "-1",
  "cycleTenantKey": "ZTI4MTBhMjYtNjVlYS0zYTViLWFlZGMtYzY3YTc4NDgyNzhi",
  "cycleCreationDate": {
    "$date": {
      "$numberLong": "1681257600000"
    }
  },
  "cycleCreatedBy": "712020:54fe5cd6-a2e2-4a9a-8712-12021521719a",
  "cycleCreatedByAccountId": "712020:54fe5cd6-a2e2-4a9a-8712-12021521719a",
  "_class": "com.cognizant.collector.jirazephyr.beans.zephyr.ZephyrExecution"
},{
  "_id": "cb2b676e-fe3c-469c-8d83-285f855c513f",
  "creationDate": {
    "$date": {
      "$numberLong": "1681899867000"
    }
  },
  "executedOn": {
    "$date": {
      "$numberLong": "1681899876000"
    }
  },
  "createdBy": "712020:54fe5cd6-a2e2-4a9a-8712-12021521719a",
  "createdByAccountId": "712020:54fe5cd6-a2e2-4a9a-8712-12021521719a",
  "executedBy": "712020:54fe5cd6-a2e2-4a9a-8712-12021521719a",
  "executedByAccountId": "712020:54fe5cd6-a2e2-4a9a-8712-12021521719a",
  "modifiedBy": "712020:54fe5cd6-a2e2-4a9a-8712-12021521719a",
  "modifiedByAccountId": "712020:54fe5cd6-a2e2-4a9a-8712-12021521719a",
  "statusId": 1,
  "statusName": "PASS",
  "statusDescription": "Test was executed and passed successfully.",
  "executionStatusIndex": 1,
  "defects": [],
  "stepDefects": [],
  "executionDefectCount": 0,
  "stepDefectCount": 0,
  "totalDefectCount": 0,
  "executedByZapi": false,
  "projectCycleVersionIndex": "10002_-1",
  "projectIssueCycleVersionIndex": "10002_10069_-1_-1",
  "projectId": 10002,
  "projectKey": "SAM",
  "projectName": "Sample",
  "versionId": -1,
  "issueId": 10069,
  "issueKey": "SAM-36",
  "issueIndex": 10069,
  "issueLabel": "",
  "component": "",
  "issueSummary": "Try logging off from current session",
  "issueDescription": "",
  "viewIssuePermission": true,
  "executionWorkflowEnabled": false,
  "cycleId": "-1",
  "orderId": 1,
  "cycleName": "Ad hoc",
  "cycleIndex": "-1",
  "cycleTenantKey": "ZTI4MTBhMjYtNjVlYS0zYTViLWFlZGMtYzY3YTc4NDgyNzhi",
  "cycleCreationDate": {
    "$date": {
      "$numberLong": "1681257600000"
    }
  },
  "cycleCreatedBy": "712020:54fe5cd6-a2e2-4a9a-8712-12021521719a",
  "cycleCreatedByAccountId": "712020:54fe5cd6-a2e2-4a9a-8712-12021521719a",
  "_class": "com.cognizant.collector.jirazephyr.beans.zephyr.ZephyrExecution"
},{
  "_id": "cdd6f10c-0094-4780-b16a-9a3ed1640b93",
  "creationDate": {
    "$date": {
      "$numberLong": "1681453885000"
    }
  },
  "executedOn": {
    "$date": {
      "$numberLong": "1681453897000"
    }
  },
  "createdBy": "712020:54fe5cd6-a2e2-4a9a-8712-12021521719a",
  "createdByAccountId": "712020:54fe5cd6-a2e2-4a9a-8712-12021521719a",
  "executedBy": "712020:54fe5cd6-a2e2-4a9a-8712-12021521719a",
  "executedByAccountId": "712020:54fe5cd6-a2e2-4a9a-8712-12021521719a",
  "modifiedBy": "712020:54fe5cd6-a2e2-4a9a-8712-12021521719a",
  "modifiedByAccountId": "712020:54fe5cd6-a2e2-4a9a-8712-12021521719a",
  "statusId": 1,
  "statusName": "PASS",
  "statusDescription": "Test was executed and passed successfully.",
  "executionStatusIndex": 1,
  "defects": [],
  "stepDefects": [],
  "executionDefectCount": 0,
  "stepDefectCount": 0,
  "totalDefectCount": 0,
  "executedByZapi": false,
  "projectCycleVersionIndex": "10002_-1",
  "projectIssueCycleVersionIndex": "10002_10015_-1_-1",
  "projectId": 10002,
  "projectKey": "SAM",
  "projectName": "Sample",
  "versionId": -1,
  "issueId": 10015,
  "issueKey": "SAM-8",
  "issueIndex": 10015,
  "issueLabel": "",
  "component": "",
  "issueSummary": "creating graphs",
  "issueDescription": "",
  "viewIssuePermission": true,
  "executionWorkflowEnabled": false,
  "cycleId": "-1",
  "orderId": 1,
  "cycleName": "Ad hoc",
  "cycleIndex": "-1",
  "cycleTenantKey": "ZTI4MTBhMjYtNjVlYS0zYTViLWFlZGMtYzY3YTc4NDgyNzhi",
  "cycleCreationDate": {
    "$date": {
      "$numberLong": "1681257600000"
    }
  },
  "cycleCreatedBy": "712020:54fe5cd6-a2e2-4a9a-8712-12021521719a",
  "cycleCreatedByAccountId": "712020:54fe5cd6-a2e2-4a9a-8712-12021521719a",
  "_class": "com.cognizant.collector.jirazephyr.beans.zephyr.ZephyrExecution"
},{
  "_id": "ddd9d872-96ef-435a-9e07-39caf3864629",
  "creationDate": {
    "$date": {
      "$numberLong": "1681285067000"
    }
  },
  "executedOn": {
    "$date": {
      "$numberLong": "1681285075000"
    }
  },
  "createdBy": "712020:54fe5cd6-a2e2-4a9a-8712-12021521719a",
  "createdByAccountId": "712020:54fe5cd6-a2e2-4a9a-8712-12021521719a",
  "executedBy": "712020:54fe5cd6-a2e2-4a9a-8712-12021521719a",
  "executedByAccountId": "712020:54fe5cd6-a2e2-4a9a-8712-12021521719a",
  "modifiedBy": "712020:54fe5cd6-a2e2-4a9a-8712-12021521719a",
  "modifiedByAccountId": "712020:54fe5cd6-a2e2-4a9a-8712-12021521719a",
  "statusId": 2,
  "statusName": "FAIL",
  "statusDescription": "Test was executed and failed.",
  "executionStatusIndex": 2,
  "defects": [],
  "stepDefects": [],
  "executionDefectCount": 0,
  "stepDefectCount": 0,
  "totalDefectCount": 0,
  "executedByZapi": false,
  "projectCycleVersionIndex": "10002_-1",
  "projectIssueCycleVersionIndex": "10002_10013_-1_-1",
  "projectId": 10002,
  "projectKey": "SAM",
  "projectName": "Sample",
  "versionId": -1,
  "issueId": 10013,
  "issueKey": "SAM-6",
  "issueIndex": 10013,
  "issueLabel": "",
  "component": "",
  "issueSummary": "giving rating",
  "issueDescription": "",
  "viewIssuePermission": true,
  "executionWorkflowEnabled": false,
  "cycleId": "-1",
  "orderId": 1,
  "cycleName": "Ad hoc",
  "cycleIndex": "-1",
  "cycleTenantKey": "ZTI4MTBhMjYtNjVlYS0zYTViLWFlZGMtYzY3YTc4NDgyNzhi",
  "cycleCreationDate": {
    "$date": {
      "$numberLong": "1681257600000"
    }
  },
  "cycleCreatedBy": "712020:54fe5cd6-a2e2-4a9a-8712-12021521719a",
  "cycleCreatedByAccountId": "712020:54fe5cd6-a2e2-4a9a-8712-12021521719a",
  "_class": "com.cognizant.collector.jirazephyr.beans.zephyr.ZephyrExecution"
},{
  "_id": "eb84dc66-6349-40f4-9d72-1c96cca6d5ea",
  "creationDate": {
    "$date": {
      "$numberLong": "1681898821000"
    }
  },
  "executedOn": {
    "$date": {
      "$numberLong": "1681898842000"
    }
  },
  "createdBy": "712020:54fe5cd6-a2e2-4a9a-8712-12021521719a",
  "createdByAccountId": "712020:54fe5cd6-a2e2-4a9a-8712-12021521719a",
  "executedBy": "712020:54fe5cd6-a2e2-4a9a-8712-12021521719a",
  "executedByAccountId": "712020:54fe5cd6-a2e2-4a9a-8712-12021521719a",
  "modifiedBy": "712020:54fe5cd6-a2e2-4a9a-8712-12021521719a",
  "modifiedByAccountId": "712020:54fe5cd6-a2e2-4a9a-8712-12021521719a",
  "statusId": 2,
  "statusName": "FAIL",
  "statusDescription": "Test was executed and failed.",
  "executionStatusIndex": 2,
  "defects": [],
  "stepDefects": [],
  "executionDefectCount": 0,
  "stepDefectCount": 0,
  "totalDefectCount": 0,
  "executedByZapi": false,
  "projectCycleVersionIndex": "10002_-1",
  "projectIssueCycleVersionIndex": "10002_10065_-1_-1",
  "projectId": 10002,
  "projectKey": "SAM",
  "projectName": "Sample",
  "versionId": -1,
  "issueId": 10065,
  "issueKey": "SAM-32",
  "issueIndex": 10065,
  "issueLabel": "",
  "component": "",
  "issueSummary": "Dislike the comments created by other user ",
  "issueDescription": "",
  "viewIssuePermission": true,
  "executionWorkflowEnabled": false,
  "cycleId": "-1",
  "orderId": 1,
  "cycleName": "Ad hoc",
  "cycleIndex": "-1",
  "cycleTenantKey": "ZTI4MTBhMjYtNjVlYS0zYTViLWFlZGMtYzY3YTc4NDgyNzhi",
  "cycleCreationDate": {
    "$date": {
      "$numberLong": "1681257600000"
    }
  },
  "cycleCreatedBy": "712020:54fe5cd6-a2e2-4a9a-8712-12021521719a",
  "cycleCreatedByAccountId": "712020:54fe5cd6-a2e2-4a9a-8712-12021521719a",
  "_class": "com.cognizant.collector.jirazephyr.beans.zephyr.ZephyrExecution"
},{
  "_id": "eec76d7d-303c-49a9-b952-337407d76301",
  "creationDate": {
    "$date": {
      "$numberLong": "1681900196000"
    }
  },
  "executedOn": {
    "$date": {
      "$numberLong": "1681900209000"
    }
  },
  "createdBy": "712020:54fe5cd6-a2e2-4a9a-8712-12021521719a",
  "createdByAccountId": "712020:54fe5cd6-a2e2-4a9a-8712-12021521719a",
  "executedBy": "712020:54fe5cd6-a2e2-4a9a-8712-12021521719a",
  "executedByAccountId": "712020:54fe5cd6-a2e2-4a9a-8712-12021521719a",
  "modifiedBy": "712020:54fe5cd6-a2e2-4a9a-8712-12021521719a",
  "modifiedByAccountId": "712020:54fe5cd6-a2e2-4a9a-8712-12021521719a",
  "statusId": 2,
  "statusName": "FAIL",
  "statusDescription": "Test was executed and failed.",
  "executionStatusIndex": 2,
  "defects": [],
  "stepDefects": [],
  "executionDefectCount": 0,
  "stepDefectCount": 0,
  "totalDefectCount": 0,
  "executedByZapi": false,
  "projectCycleVersionIndex": "10002_-1",
  "projectIssueCycleVersionIndex": "10002_10073_-1_-1",
  "projectId": 10002,
  "projectKey": "SAM",
  "projectName": "Sample",
  "versionId": -1,
  "issueId": 10073,
  "issueKey": "SAM-39",
  "issueIndex": 10073,
  "issueLabel": "",
  "component": "",
  "issueSummary": "navigate from one window to other ",
  "issueDescription": "",
  "viewIssuePermission": true,
  "executionWorkflowEnabled": false,
  "cycleId": "-1",
  "orderId": 1,
  "cycleName": "Ad hoc",
  "cycleIndex": "-1",
  "cycleTenantKey": "ZTI4MTBhMjYtNjVlYS0zYTViLWFlZGMtYzY3YTc4NDgyNzhi",
  "cycleCreationDate": {
    "$date": {
      "$numberLong": "1681257600000"
    }
  },
  "cycleCreatedBy": "712020:54fe5cd6-a2e2-4a9a-8712-12021521719a",
  "cycleCreatedByAccountId": "712020:54fe5cd6-a2e2-4a9a-8712-12021521719a",
  "_class": "com.cognizant.collector.jirazephyr.beans.zephyr.ZephyrExecution"
},{
  "_id": "f79dff83-7ded-4f86-9108-e81b83ef0e59",
  "creationDate": {
    "$date": {
      "$numberLong": "1681893852000"
    }
  },
  "executedOn": {
    "$date": {
      "$numberLong": "1681893869000"
    }
  },
  "createdBy": "712020:54fe5cd6-a2e2-4a9a-8712-12021521719a",
  "createdByAccountId": "712020:54fe5cd6-a2e2-4a9a-8712-12021521719a",
  "executedBy": "712020:54fe5cd6-a2e2-4a9a-8712-12021521719a",
  "executedByAccountId": "712020:54fe5cd6-a2e2-4a9a-8712-12021521719a",
  "modifiedBy": "712020:54fe5cd6-a2e2-4a9a-8712-12021521719a",
  "modifiedByAccountId": "712020:54fe5cd6-a2e2-4a9a-8712-12021521719a",
  "statusId": 2,
  "statusName": "FAIL",
  "statusDescription": "Test was executed and failed.",
  "executionStatusIndex": 2,
  "defects": [],
  "stepDefects": [],
  "executionDefectCount": 0,
  "stepDefectCount": 0,
  "totalDefectCount": 0,
  "executedByZapi": false,
  "projectCycleVersionIndex": "10002_-1",
  "projectIssueCycleVersionIndex": "10002_10044_-1_-1",
  "projectId": 10002,
  "projectKey": "SAM",
  "projectName": "Sample",
  "versionId": -1,
  "issueId": 10044,
  "issueKey": "SAM-21",
  "issueIndex": 10044,
  "issueLabel": "",
  "component": "",
  "issueSummary": "try login using email id of user",
  "issueDescription": "",
  "viewIssuePermission": true,
  "executionWorkflowEnabled": false,
  "cycleId": "-1",
  "orderId": 1,
  "cycleName": "Ad hoc",
  "cycleIndex": "-1",
  "cycleTenantKey": "ZTI4MTBhMjYtNjVlYS0zYTViLWFlZGMtYzY3YTc4NDgyNzhi",
  "cycleCreationDate": {
    "$date": {
      "$numberLong": "1681257600000"
    }
  },
  "cycleCreatedBy": "712020:54fe5cd6-a2e2-4a9a-8712-12021521719a",
  "cycleCreatedByAccountId": "712020:54fe5cd6-a2e2-4a9a-8712-12021521719a",
  "_class": "com.cognizant.collector.jirazephyr.beans.zephyr.ZephyrExecution"
},{
  "_id": "fbd2ad5e-0bce-4c4a-9d36-5b185b6a7bbe",
  "creationDate": {
    "$date": {
      "$numberLong": "1681897066000"
    }
  },
  "executedOn": {
    "$date": {
      "$numberLong": "1681897084000"
    }
  },
  "createdBy": "712020:54fe5cd6-a2e2-4a9a-8712-12021521719a",
  "createdByAccountId": "712020:54fe5cd6-a2e2-4a9a-8712-12021521719a",
  "executedBy": "712020:54fe5cd6-a2e2-4a9a-8712-12021521719a",
  "executedByAccountId": "712020:54fe5cd6-a2e2-4a9a-8712-12021521719a",
  "modifiedBy": "712020:54fe5cd6-a2e2-4a9a-8712-12021521719a",
  "modifiedByAccountId": "712020:54fe5cd6-a2e2-4a9a-8712-12021521719a",
  "statusId": 2,
  "statusName": "FAIL",
  "statusDescription": "Test was executed and failed.",
  "executionStatusIndex": 2,
  "defects": [],
  "stepDefects": [],
  "executionDefectCount": 0,
  "stepDefectCount": 0,
  "totalDefectCount": 0,
  "executedByZapi": false,
  "projectCycleVersionIndex": "10002_-1",
  "projectIssueCycleVersionIndex": "10002_10053_-1_-1",
  "projectId": 10002,
  "projectKey": "SAM",
  "projectName": "Sample",
  "versionId": -1,
  "issueId": 10053,
  "issueKey": "SAM-25",
  "issueIndex": 10053,
  "issueLabel": "",
  "component": "",
  "issueSummary": "try login with mobile number",
  "issueDescription": "",
  "viewIssuePermission": true,
  "executionWorkflowEnabled": false,
  "cycleId": "-1",
  "orderId": 1,
  "cycleName": "Ad hoc",
  "cycleIndex": "-1",
  "cycleTenantKey": "ZTI4MTBhMjYtNjVlYS0zYTViLWFlZGMtYzY3YTc4NDgyNzhi",
  "cycleCreationDate": {
    "$date": {
      "$numberLong": "1681257600000"
    }
  },
  "cycleCreatedBy": "712020:54fe5cd6-a2e2-4a9a-8712-12021521719a",
  "cycleCreatedByAccountId": "712020:54fe5cd6-a2e2-4a9a-8712-12021521719a",
  "_class": "com.cognizant.collector.jirazephyr.beans.zephyr.ZephyrExecution"
},{
  "_id": "ff511459-b059-415d-b849-81a1341879ee",
  "creationDate": {
    "$date": {
      "$numberLong": "1681728749000"
    }
  },
  "executedOn": {
    "$date": {
      "$numberLong": "1681728774000"
    }
  },
  "createdBy": "712020:54fe5cd6-a2e2-4a9a-8712-12021521719a",
  "createdByAccountId": "712020:54fe5cd6-a2e2-4a9a-8712-12021521719a",
  "executedBy": "712020:54fe5cd6-a2e2-4a9a-8712-12021521719a",
  "executedByAccountId": "712020:54fe5cd6-a2e2-4a9a-8712-12021521719a",
  "modifiedBy": "712020:54fe5cd6-a2e2-4a9a-8712-12021521719a",
  "modifiedByAccountId": "712020:54fe5cd6-a2e2-4a9a-8712-12021521719a",
  "statusId": 1,
  "statusName": "PASS",
  "statusDescription": "Test was executed and passed successfully.",
  "executionStatusIndex": 1,
  "defects": [],
  "stepDefects": [],
  "executionDefectCount": 0,
  "stepDefectCount": 0,
  "totalDefectCount": 0,
  "executedByZapi": false,
  "projectCycleVersionIndex": "10002_-1",
  "projectIssueCycleVersionIndex": "10002_10022_-1_-1",
  "projectId": 10002,
  "projectKey": "SAM",
  "projectName": "Sample",
  "versionId": -1,
  "issueId": 10022,
  "issueKey": "SAM-15",
  "issueIndex": 10022,
  "issueLabel": "",
  "component": "",
  "issueSummary": "liking other people comments",
  "issueDescription": "Try reacting on other people comments",
  "viewIssuePermission": true,
  "executionWorkflowEnabled": false,
  "cycleId": "-1",
  "orderId": 1,
  "cycleName": "Ad hoc",
  "cycleIndex": "-1",
  "cycleTenantKey": "ZTI4MTBhMjYtNjVlYS0zYTViLWFlZGMtYzY3YTc4NDgyNzhi",
  "cycleCreationDate": {
    "$date": {
      "$numberLong": "1681257600000"
    }
  },
  "cycleCreatedBy": "712020:54fe5cd6-a2e2-4a9a-8712-12021521719a",
  "cycleCreatedByAccountId": "712020:54fe5cd6-a2e2-4a9a-8712-12021521719a",
  "_class": "com.cognizant.collector.jirazephyr.beans.zephyr.ZephyrExecution"
},{
  "_id": "0f4e2214-a0f8-4c65-b2a4-1d25cd221dec",
  "creationDate": {
    "$date": {
      "$numberLong": "1681966636000"
    }
  },
  "executedOn": {
    "$date": {
      "$numberLong": "1681966645000"
    }
  },
  "createdBy": "712020:54fe5cd6-a2e2-4a9a-8712-12021521719a",
  "createdByAccountId": "712020:54fe5cd6-a2e2-4a9a-8712-12021521719a",
  "executedBy": "712020:54fe5cd6-a2e2-4a9a-8712-12021521719a",
  "executedByAccountId": "712020:54fe5cd6-a2e2-4a9a-8712-12021521719a",
  "modifiedBy": "712020:54fe5cd6-a2e2-4a9a-8712-12021521719a",
  "modifiedByAccountId": "712020:54fe5cd6-a2e2-4a9a-8712-12021521719a",
  "statusId": 2,
  "statusName": "FAIL",
  "statusDescription": "Test was executed and failed.",
  "executionStatusIndex": 2,
  "defects": [],
  "stepDefects": [],
  "executionDefectCount": 0,
  "stepDefectCount": 0,
  "totalDefectCount": 0,
  "executedByZapi": false,
  "projectCycleVersionIndex": "10002_-1",
  "projectIssueCycleVersionIndex": "10002_10115_-1_-1",
  "projectId": 10002,
  "projectKey": "SAM",
  "projectName": "Sample",
  "versionId": -1,
  "issueId": 10115,
  "issueKey": "SAM-50",
  "issueIndex": 10115,
  "issueLabel": "",
  "component": "",
  "issueSummary": "Testing mapping process",
  "issueDescription": "",
  "viewIssuePermission": true,
  "executionWorkflowEnabled": false,
  "cycleId": "-1",
  "orderId": 1,
  "cycleName": "Ad hoc",
  "cycleIndex": "-1",
  "cycleTenantKey": "ZTI4MTBhMjYtNjVlYS0zYTViLWFlZGMtYzY3YTc4NDgyNzhi",
  "cycleCreationDate": {
    "$date": {
      "$numberLong": "1681257600000"
    }
  },
  "cycleCreatedBy": "712020:54fe5cd6-a2e2-4a9a-8712-12021521719a",
  "cycleCreatedByAccountId": "712020:54fe5cd6-a2e2-4a9a-8712-12021521719a",
  "_class": "com.cognizant.collector.jirazephyr.beans.zephyr.ZephyrExecution"
},{
  "_id": "2b2973c3-cc35-4944-877d-5c669a2780bd",
  "creationDate": {
    "$date": {
      "$numberLong": "1682324848000"
    }
  },
  "executedOn": {
    "$date": {
      "$numberLong": "1682324863000"
    }
  },
  "createdBy": "712020:54fe5cd6-a2e2-4a9a-8712-12021521719a",
  "createdByAccountId": "712020:54fe5cd6-a2e2-4a9a-8712-12021521719a",
  "executedBy": "712020:54fe5cd6-a2e2-4a9a-8712-12021521719a",
  "executedByAccountId": "712020:54fe5cd6-a2e2-4a9a-8712-12021521719a",
  "modifiedBy": "712020:54fe5cd6-a2e2-4a9a-8712-12021521719a",
  "modifiedByAccountId": "712020:54fe5cd6-a2e2-4a9a-8712-12021521719a",
  "statusId": 2,
  "statusName": "FAIL",
  "statusDescription": "Test was executed and failed.",
  "executionStatusIndex": 2,
  "defects": [],
  "stepDefects": [],
  "executionDefectCount": 0,
  "stepDefectCount": 0,
  "totalDefectCount": 0,
  "executedByZapi": false,
  "projectCycleVersionIndex": "10002_-1",
  "projectIssueCycleVersionIndex": "10002_10246_-1_-1",
  "projectId": 10002,
  "projectKey": "SAM",
  "projectName": "Sample",
  "versionId": -1,
  "issueId": 10246,
  "issueKey": "SAM-76",
  "issueIndex": 10246,
  "issueLabel": "",
  "component": "",
  "issueSummary": "Send referral via whatapp and check if it is successful ",
  "issueDescription": "",
  "viewIssuePermission": true,
  "executionWorkflowEnabled": false,
  "cycleId": "-1",
  "orderId": 1,
  "cycleName": "Ad hoc",
  "cycleIndex": "-1",
  "cycleTenantKey": "ZTI4MTBhMjYtNjVlYS0zYTViLWFlZGMtYzY3YTc4NDgyNzhi",
  "cycleCreationDate": {
    "$date": {
      "$numberLong": "1681257600000"
    }
  },
  "cycleCreatedBy": "712020:54fe5cd6-a2e2-4a9a-8712-12021521719a",
  "cycleCreatedByAccountId": "712020:54fe5cd6-a2e2-4a9a-8712-12021521719a",
  "_class": "com.cognizant.collector.jirazephyr.beans.zephyr.ZephyrExecution"
},{
  "_id": "5a3450af-a8d9-4be2-be38-70a99bfdb052",
  "creationDate": {
    "$date": {
      "$numberLong": "1682325233000"
    }
  },
  "executedOn": {
    "$date": {
      "$numberLong": "1682325241000"
    }
  },
  "createdBy": "712020:54fe5cd6-a2e2-4a9a-8712-12021521719a",
  "createdByAccountId": "712020:54fe5cd6-a2e2-4a9a-8712-12021521719a",
  "executedBy": "712020:54fe5cd6-a2e2-4a9a-8712-12021521719a",
  "executedByAccountId": "712020:54fe5cd6-a2e2-4a9a-8712-12021521719a",
  "modifiedBy": "712020:54fe5cd6-a2e2-4a9a-8712-12021521719a",
  "modifiedByAccountId": "712020:54fe5cd6-a2e2-4a9a-8712-12021521719a",
  "statusId": 1,
  "statusName": "PASS",
  "statusDescription": "Test was executed and passed successfully.",
  "executionStatusIndex": 1,
  "defects": [],
  "stepDefects": [],
  "executionDefectCount": 0,
  "stepDefectCount": 0,
  "totalDefectCount": 0,
  "executedByZapi": false,
  "projectCycleVersionIndex": "10002_-1",
  "projectIssueCycleVersionIndex": "10002_10253_-1_-1",
  "projectId": 10002,
  "projectKey": "SAM",
  "projectName": "Sample",
  "versionId": -1,
  "issueId": 10253,
  "issueKey": "SAM-80",
  "issueIndex": 10253,
  "issueLabel": "",
  "component": "",
  "issueSummary": "Test if user is able to see his rewards in his account or not",
  "issueDescription": "",
  "viewIssuePermission": true,
  "executionWorkflowEnabled": false,
  "cycleId": "-1",
  "orderId": 1,
  "cycleName": "Ad hoc",
  "cycleIndex": "-1",
  "cycleTenantKey": "ZTI4MTBhMjYtNjVlYS0zYTViLWFlZGMtYzY3YTc4NDgyNzhi",
  "cycleCreationDate": {
    "$date": {
      "$numberLong": "1681257600000"
    }
  },
  "cycleCreatedBy": "712020:54fe5cd6-a2e2-4a9a-8712-12021521719a",
  "cycleCreatedByAccountId": "712020:54fe5cd6-a2e2-4a9a-8712-12021521719a",
  "_class": "com.cognizant.collector.jirazephyr.beans.zephyr.ZephyrExecution"
},{
  "_id": "5c286a5e-2425-4ce0-9ec1-3ff7405f843f",
  "creationDate": {
    "$date": {
      "$numberLong": "1681966962000"
    }
  },
  "executedOn": {
    "$date": {
      "$numberLong": "1681966969000"
    }
  },
  "createdBy": "712020:54fe5cd6-a2e2-4a9a-8712-12021521719a",
  "createdByAccountId": "712020:54fe5cd6-a2e2-4a9a-8712-12021521719a",
  "executedBy": "712020:54fe5cd6-a2e2-4a9a-8712-12021521719a",
  "executedByAccountId": "712020:54fe5cd6-a2e2-4a9a-8712-12021521719a",
  "modifiedBy": "712020:54fe5cd6-a2e2-4a9a-8712-12021521719a",
  "modifiedByAccountId": "712020:54fe5cd6-a2e2-4a9a-8712-12021521719a",
  "statusId": 2,
  "statusName": "FAIL",
  "statusDescription": "Test was executed and failed.",
  "executionStatusIndex": 2,
  "defects": [],
  "stepDefects": [],
  "executionDefectCount": 0,
  "stepDefectCount": 0,
  "totalDefectCount": 0,
  "executedByZapi": false,
  "projectCycleVersionIndex": "10002_-1",
  "projectIssueCycleVersionIndex": "10002_10121_-1_-1",
  "projectId": 10002,
  "projectKey": "SAM",
  "projectName": "Sample",
  "versionId": -1,
  "issueId": 10121,
  "issueKey": "SAM-54",
  "issueIndex": 10121,
  "issueLabel": "",
  "component": "",
  "issueSummary": "Logging with phone number",
  "issueDescription": "",
  "viewIssuePermission": true,
  "executionWorkflowEnabled": false,
  "cycleId": "-1",
  "orderId": 1,
  "cycleName": "Ad hoc",
  "cycleIndex": "-1",
  "cycleTenantKey": "ZTI4MTBhMjYtNjVlYS0zYTViLWFlZGMtYzY3YTc4NDgyNzhi",
  "cycleCreationDate": {
    "$date": {
      "$numberLong": "1681257600000"
    }
  },
  "cycleCreatedBy": "712020:54fe5cd6-a2e2-4a9a-8712-12021521719a",
  "cycleCreatedByAccountId": "712020:54fe5cd6-a2e2-4a9a-8712-12021521719a",
  "_class": "com.cognizant.collector.jirazephyr.beans.zephyr.ZephyrExecution"
},{
  "_id": "5d39b273-d7c4-45de-b7cc-ab4b4db9b9a2",
  "creationDate": {
    "$date": {
      "$numberLong": "1681968214000"
    }
  },
  "executedOn": {
    "$date": {
      "$numberLong": "1681968219000"
    }
  },
  "createdBy": "712020:54fe5cd6-a2e2-4a9a-8712-12021521719a",
  "createdByAccountId": "712020:54fe5cd6-a2e2-4a9a-8712-12021521719a",
  "executedBy": "712020:54fe5cd6-a2e2-4a9a-8712-12021521719a",
  "executedByAccountId": "712020:54fe5cd6-a2e2-4a9a-8712-12021521719a",
  "modifiedBy": "712020:54fe5cd6-a2e2-4a9a-8712-12021521719a",
  "modifiedByAccountId": "712020:54fe5cd6-a2e2-4a9a-8712-12021521719a",
  "statusId": 1,
  "statusName": "PASS",
  "statusDescription": "Test was executed and passed successfully.",
  "executionStatusIndex": 1,
  "defects": [],
  "stepDefects": [],
  "executionDefectCount": 0,
  "stepDefectCount": 0,
  "totalDefectCount": 0,
  "executedByZapi": false,
  "projectCycleVersionIndex": "10002_-1",
  "projectIssueCycleVersionIndex": "10002_10141_-1_-1",
  "projectId": 10002,
  "projectKey": "SAM",
  "projectName": "Sample",
  "versionId": -1,
  "issueId": 10141,
  "issueKey": "SAM-68",
  "issueIndex": 10141,
  "issueLabel": "",
  "component": "",
  "issueSummary": "Test if user is able to change its password ",
  "issueDescription": "",
  "viewIssuePermission": true,
  "executionWorkflowEnabled": false,
  "cycleId": "-1",
  "orderId": 1,
  "cycleName": "Ad hoc",
  "cycleIndex": "-1",
  "cycleTenantKey": "ZTI4MTBhMjYtNjVlYS0zYTViLWFlZGMtYzY3YTc4NDgyNzhi",
  "cycleCreationDate": {
    "$date": {
      "$numberLong": "1681257600000"
    }
  },
  "cycleCreatedBy": "712020:54fe5cd6-a2e2-4a9a-8712-12021521719a",
  "cycleCreatedByAccountId": "712020:54fe5cd6-a2e2-4a9a-8712-12021521719a",
  "_class": "com.cognizant.collector.jirazephyr.beans.zephyr.ZephyrExecution"
},{
  "_id": "63f2a8ad-5686-4f78-91c9-b5c29b505662",
  "creationDate": {
    "$date": {
      "$numberLong": "1681967483000"
    }
  },
  "executedOn": {
    "$date": {
      "$numberLong": "1681967488000"
    }
  },
  "createdBy": "712020:54fe5cd6-a2e2-4a9a-8712-12021521719a",
  "createdByAccountId": "712020:54fe5cd6-a2e2-4a9a-8712-12021521719a",
  "executedBy": "712020:54fe5cd6-a2e2-4a9a-8712-12021521719a",
  "executedByAccountId": "712020:54fe5cd6-a2e2-4a9a-8712-12021521719a",
  "modifiedBy": "712020:54fe5cd6-a2e2-4a9a-8712-12021521719a",
  "modifiedByAccountId": "712020:54fe5cd6-a2e2-4a9a-8712-12021521719a",
  "statusId": 2,
  "statusName": "FAIL",
  "statusDescription": "Test was executed and failed.",
  "executionStatusIndex": 2,
  "defects": [],
  "stepDefects": [],
  "executionDefectCount": 0,
  "stepDefectCount": 0,
  "totalDefectCount": 0,
  "executedByZapi": false,
  "projectCycleVersionIndex": "10002_-1",
  "projectIssueCycleVersionIndex": "10002_10126_-1_-1",
  "projectId": 10002,
  "projectKey": "SAM",
  "projectName": "Sample",
  "versionId": -1,
  "issueId": 10126,
  "issueKey": "SAM-59",
  "issueIndex": 10126,
  "issueLabel": "",
  "component": "",
  "issueSummary": "Test for view status feature",
  "issueDescription": "",
  "viewIssuePermission": true,
  "executionWorkflowEnabled": false,
  "cycleId": "-1",
  "orderId": 1,
  "cycleName": "Ad hoc",
  "cycleIndex": "-1",
  "cycleTenantKey": "ZTI4MTBhMjYtNjVlYS0zYTViLWFlZGMtYzY3YTc4NDgyNzhi",
  "cycleCreationDate": {
    "$date": {
      "$numberLong": "1681257600000"
    }
  },
  "cycleCreatedBy": "712020:54fe5cd6-a2e2-4a9a-8712-12021521719a",
  "cycleCreatedByAccountId": "712020:54fe5cd6-a2e2-4a9a-8712-12021521719a",
  "_class": "com.cognizant.collector.jirazephyr.beans.zephyr.ZephyrExecution"
},{
  "_id": "7277f739-60e4-40e3-93d5-9f40d644a16f",
  "creationDate": {
    "$date": {
      "$numberLong": "1681966016000"
    }
  },
  "executedOn": {
    "$date": {
      "$numberLong": "1681966029000"
    }
  },
  "createdBy": "712020:54fe5cd6-a2e2-4a9a-8712-12021521719a",
  "createdByAccountId": "712020:54fe5cd6-a2e2-4a9a-8712-12021521719a",
  "executedBy": "712020:54fe5cd6-a2e2-4a9a-8712-12021521719a",
  "executedByAccountId": "712020:54fe5cd6-a2e2-4a9a-8712-12021521719a",
  "modifiedBy": "712020:54fe5cd6-a2e2-4a9a-8712-12021521719a",
  "modifiedByAccountId": "712020:54fe5cd6-a2e2-4a9a-8712-12021521719a",
  "statusId": 1,
  "statusName": "PASS",
  "statusDescription": "Test was executed and passed successfully.",
  "executionStatusIndex": 1,
  "defects": [],
  "stepDefects": [],
  "executionDefectCount": 0,
  "stepDefectCount": 0,
  "totalDefectCount": 0,
  "executedByZapi": false,
  "projectCycleVersionIndex": "10002_-1",
  "projectIssueCycleVersionIndex": "10002_10108_-1_-1",
  "projectId": 10002,
  "projectKey": "SAM",
  "projectName": "Sample",
  "versionId": -1,
  "issueId": 10108,
  "issueKey": "SAM-47",
  "issueIndex": 10108,
  "issueLabel": "",
  "component": "",
  "issueSummary": "activating account holder details",
  "issueDescription": "",
  "viewIssuePermission": true,
  "executionWorkflowEnabled": false,
  "cycleId": "-1",
  "orderId": 1,
  "cycleName": "Ad hoc",
  "cycleIndex": "-1",
  "cycleTenantKey": "ZTI4MTBhMjYtNjVlYS0zYTViLWFlZGMtYzY3YTc4NDgyNzhi",
  "cycleCreationDate": {
    "$date": {
      "$numberLong": "1681257600000"
    }
  },
  "cycleCreatedBy": "712020:54fe5cd6-a2e2-4a9a-8712-12021521719a",
  "cycleCreatedByAccountId": "712020:54fe5cd6-a2e2-4a9a-8712-12021521719a",
  "_class": "com.cognizant.collector.jirazephyr.beans.zephyr.ZephyrExecution"
},{
  "_id": "7971745f-ec8e-43ca-84fa-67e221fb3119",
  "creationDate": {
    "$date": {
      "$numberLong": "1681966812000"
    }
  },
  "executedOn": {
    "$date": {
      "$numberLong": "1681966820000"
    }
  },
  "createdBy": "712020:54fe5cd6-a2e2-4a9a-8712-12021521719a",
  "createdByAccountId": "712020:54fe5cd6-a2e2-4a9a-8712-12021521719a",
  "executedBy": "712020:54fe5cd6-a2e2-4a9a-8712-12021521719a",
  "executedByAccountId": "712020:54fe5cd6-a2e2-4a9a-8712-12021521719a",
  "modifiedBy": "712020:54fe5cd6-a2e2-4a9a-8712-12021521719a",
  "modifiedByAccountId": "712020:54fe5cd6-a2e2-4a9a-8712-12021521719a",
  "statusId": 2,
  "statusName": "FAIL",
  "statusDescription": "Test was executed and failed.",
  "executionStatusIndex": 2,
  "defects": [],
  "stepDefects": [],
  "executionDefectCount": 0,
  "stepDefectCount": 0,
  "totalDefectCount": 0,
  "executedByZapi": false,
  "projectCycleVersionIndex": "10002_-1",
  "projectIssueCycleVersionIndex": "10002_10119_-1_-1",
  "projectId": 10002,
  "projectKey": "SAM",
  "projectName": "Sample",
  "versionId": -1,
  "issueId": 10119,
  "issueKey": "SAM-52",
  "issueIndex": 10119,
  "issueLabel": "",
  "component": "",
  "issueSummary": "logging via gmail account",
  "issueDescription": "",
  "viewIssuePermission": true,
  "executionWorkflowEnabled": false,
  "cycleId": "-1",
  "orderId": 1,
  "cycleName": "Ad hoc",
  "cycleIndex": "-1",
  "cycleTenantKey": "ZTI4MTBhMjYtNjVlYS0zYTViLWFlZGMtYzY3YTc4NDgyNzhi",
  "cycleCreationDate": {
    "$date": {
      "$numberLong": "1681257600000"
    }
  },
  "cycleCreatedBy": "712020:54fe5cd6-a2e2-4a9a-8712-12021521719a",
  "cycleCreatedByAccountId": "712020:54fe5cd6-a2e2-4a9a-8712-12021521719a",
  "_class": "com.cognizant.collector.jirazephyr.beans.zephyr.ZephyrExecution"
},{
  "_id": "b2896037-8a7b-4272-84eb-9530adf634e7",
  "creationDate": {
    "$date": {
      "$numberLong": "1681967887000"
    }
  },
  "executedOn": {
    "$date": {
      "$numberLong": "1681967894000"
    }
  },
  "createdBy": "712020:54fe5cd6-a2e2-4a9a-8712-12021521719a",
  "createdByAccountId": "712020:54fe5cd6-a2e2-4a9a-8712-12021521719a",
  "executedBy": "712020:54fe5cd6-a2e2-4a9a-8712-12021521719a",
  "executedByAccountId": "712020:54fe5cd6-a2e2-4a9a-8712-12021521719a",
  "modifiedBy": "712020:54fe5cd6-a2e2-4a9a-8712-12021521719a",
  "modifiedByAccountId": "712020:54fe5cd6-a2e2-4a9a-8712-12021521719a",
  "statusId": 2,
  "statusName": "FAIL",
  "statusDescription": "Test was executed and failed.",
  "executionStatusIndex": 2,
  "defects": [],
  "stepDefects": [],
  "executionDefectCount": 0,
  "stepDefectCount": 0,
  "totalDefectCount": 0,
  "executedByZapi": false,
  "projectCycleVersionIndex": "10002_-1",
  "projectIssueCycleVersionIndex": "10002_10131_-1_-1",
  "projectId": 10002,
  "projectKey": "SAM",
  "projectName": "Sample",
  "versionId": -1,
  "issueId": 10131,
  "issueKey": "SAM-64",
  "issueIndex": 10131,
  "issueLabel": "",
  "component": "",
  "issueSummary": "Test if user is able to like a particular product or not",
  "issueDescription": "",
  "viewIssuePermission": true,
  "executionWorkflowEnabled": false,
  "cycleId": "-1",
  "orderId": 1,
  "cycleName": "Ad hoc",
  "cycleIndex": "-1",
  "cycleTenantKey": "ZTI4MTBhMjYtNjVlYS0zYTViLWFlZGMtYzY3YTc4NDgyNzhi",
  "cycleCreationDate": {
    "$date": {
      "$numberLong": "1681257600000"
    }
  },
  "cycleCreatedBy": "712020:54fe5cd6-a2e2-4a9a-8712-12021521719a",
  "cycleCreatedByAccountId": "712020:54fe5cd6-a2e2-4a9a-8712-12021521719a",
  "_class": "com.cognizant.collector.jirazephyr.beans.zephyr.ZephyrExecution"
},{
  "_id": "dbcf95fd-102d-466d-8826-4453a0b7e564",
  "creationDate": {
    "$date": {
      "$numberLong": "1681968419000"
    }
  },
  "executedOn": {
    "$date": {
      "$numberLong": "1681968428000"
    }
  },
  "createdBy": "712020:54fe5cd6-a2e2-4a9a-8712-12021521719a",
  "createdByAccountId": "712020:54fe5cd6-a2e2-4a9a-8712-12021521719a",
  "executedBy": "712020:54fe5cd6-a2e2-4a9a-8712-12021521719a",
  "executedByAccountId": "712020:54fe5cd6-a2e2-4a9a-8712-12021521719a",
  "modifiedBy": "712020:54fe5cd6-a2e2-4a9a-8712-12021521719a",
  "modifiedByAccountId": "712020:54fe5cd6-a2e2-4a9a-8712-12021521719a",
  "statusId": 2,
  "statusName": "FAIL",
  "statusDescription": "Test was executed and failed.",
  "executionStatusIndex": 2,
  "defects": [],
  "stepDefects": [],
  "executionDefectCount": 0,
  "stepDefectCount": 0,
  "totalDefectCount": 0,
  "executedByZapi": false,
  "projectCycleVersionIndex": "10002_-1",
  "projectIssueCycleVersionIndex": "10002_10145_-1_-1",
  "projectId": 10002,
  "projectKey": "SAM",
  "projectName": "Sample",
  "versionId": -1,
  "issueId": 10145,
  "issueKey": "SAM-71",
  "issueIndex": 10145,
  "issueLabel": "",
  "component": "",
  "issueSummary": "Test if user is getting email notification from app",
  "issueDescription": "",
  "viewIssuePermission": true,
  "executionWorkflowEnabled": false,
  "cycleId": "-1",
  "orderId": 1,
  "cycleName": "Ad hoc",
  "cycleIndex": "-1",
  "cycleTenantKey": "ZTI4MTBhMjYtNjVlYS0zYTViLWFlZGMtYzY3YTc4NDgyNzhi",
  "cycleCreationDate": {
    "$date": {
      "$numberLong": "1681257600000"
    }
  },
  "cycleCreatedBy": "712020:54fe5cd6-a2e2-4a9a-8712-12021521719a",
  "cycleCreatedByAccountId": "712020:54fe5cd6-a2e2-4a9a-8712-12021521719a",
  "_class": "com.cognizant.collector.jirazephyr.beans.zephyr.ZephyrExecution"
}]