[{
  "_id": {
    "$oid": "64a3f5ab73fd86cdc8371c6d"
  },
  "metricName": "JIRA_Bug_Grouping",
  "category": "Defects",
  "calculationType": "percentage",
  "toolType": "Jira",
  "formula": "(totalRejectedBugs * 100)/totalBugs",
  "formulaParams": {
    "totalRejectedBugs": {
      "countAnd": {
        "StatusName": "Rejected",
        "IssueTypeName": "Bug"
      }
    },
    "totalBugs": {
      "count": {
        "IssueTypeName": "Bug"
      }
    }
  },
  "trending": "No",
  "trendBy": "",
  "trendingField": "",
  "trendCount": 4,
  "grouping": "Yes",
  "groupBy": "priority",
  "groupValue": "All",
  "customFunction": "No",
  "customFunctionName": "defect_ageing",
  "_class": "com.cts.idashboard.services.metricservice.data.MetricConfig"
},{
  "_id": {
    "$oid": "64a3f5ca73fd86cdc8371c91"
  },
  "metricName": "JIRA_drilldown_fusion",
  "category": "Defect",
  "calculationType": "percentage",
  "toolType": "Jira",
  "trending": "No",
  "trendBy": "created",
  "trendingField": "Weeks",
  "trendCount": 10,
  "grouping": "No",
  "groupBy": "priority",
  "groupValue": "All",
  "formula": "totalDefectsInOpenStatus",
  "formulaParams": {
    "totalDefectsInOpenStatus": {
      "countAnd": {
        "collection": "JiraIssue",
        "statusName": "Rejected",
        "issueTypeName": "Bug"
      }
    },
    "totalDefects": {
      "countAnd": {
        "collection": "JiraIssue",
        "issueTypeName": "Bug"
      }
    }
  },
  "dataSource": "Jira",
  "_class": "com.cts.idashboard.services.metricservice.data.MetricConfig",
  "customFunction": "Yes",
  "customFunctionName": "drilldown_fusion"
},{
  "_id": {
    "$oid": "64a3f5e273fd86cdc8371cae"
  },
  "metricName": "JIRA_stacked_type_fusion",
  "category": "Defect",
  "calculationType": "percentage",
  "toolType": "Jira",
  "trending": "No",
  "trendBy": "created",
  "trendingField": "Weeks",
  "trendCount": 10,
  "grouping": "No",
  "groupBy": "priority",
  "groupValue": "All",
  "formula": "totalDefectsInOpenStatus",
  "formulaParams": {
    "totalDefectsInOpenStatus": {
      "countAnd": {
        "collection": "JiraIssue",
        "statusName": "Rejected",
        "issueTypeName": "Bug"
      }
    },
    "totalDefects": {
      "countAnd": {
        "collection": "JiraIssue",
        "issueTypeName": "Bug"
      }
    }
  },
  "dataSource": "Jira",
  "_class": "com.cts.idashboard.services.metricservice.data.MetricConfig",
  "customFunction": "Yes",
  "customFunctionName": "stacked_type_fusion"
},{
  "_id": {
    "$oid": "64a3f5ff73fd86cdc8371cd0"
  },
  "metricName": "JIRA_stacked_type_ngx",
  "category": "Defect",
  "calculationType": "percentage",
  "toolType": "Jira",
  "trending": "No",
  "trendBy": "created",
  "trendingField": "Weeks",
  "trendCount": 10,
  "grouping": "No",
  "groupBy": "priority",
  "groupValue": "All",
  "formula": "totalDefectsInOpenStatus",
  "formulaParams": {
    "totalDefectsInOpenStatus": {
      "countAnd": {
        "collection": "JiraIssue",
        "statusName": "Rejected",
        "issueTypeName": "Bug"
      }
    },
    "totalDefects": {
      "countAnd": {
        "collection": "JiraIssue",
        "issueTypeName": "Bug"
      }
    }
  },
  "dataSource": "Jira",
  "_class": "com.cts.idashboard.services.metricservice.data.MetricConfig",
  "customFunction": "Yes",
  "customFunctionName": "stacked_type_ngx"
},{
  "_id": {
    "$oid": "64a3f63573fd86cdc8371d0e"
  },
  "metricName": "JIRA_card",
  "category": "Defect",
  "calculationType": "percentage",
  "toolType": "Jira",
  "trending": "No",
  "trendBy": "created",
  "trendingField": "Months",
  "trendCount": 4,
  "grouping": "No",
  "groupBy": "priority",
  "groupValue": "All",
  "formula": "((totalDefectsRejected * 100)/(totalDefects))",
  "formulaParams": {
    "totalDefectsRejected": {
      "countAnd": {
        "collection": "JiraIssue",
        "defectTestPhase": "SIT"
      }
    },
    "totalDefects": {
      "countAnd": {
        "collection": "JiraIssue",
        "issueTypeName": "Bug"
      }
    }
  },
  "dataSource": "Jira",
  "_class": "com.cts.idashboard.services.metricservice.data.MetricConfig",
  "customFunction": "No",
  "customFunctionName": "defect_ageing"
},{
  "_id": {
    "$oid": "64a4fd6373fd86cdc8381fcf"
  },
  "metricName": "Jira_Bug_Trending",
  "category": "Defects",
  "calculationType": "percentage",
  "toolType": "Jira",
  "customFunction": "No",
  "customFunctionName": "defect_ageing",
  "groupBy": "statusCategoryName",
  "grouping": "No",
  "groupValue": "All",
  "trending": "Yes",
  "trendBy": "created",
  "trendingField": "Months",
  "trendCount": 3,
  "formula": "(Jira_Bugs*100)/Jira_testcases",
  "formulaParams": {
    "Jira_testcases": {
      "count": {
        "collection": "JiraIssue"
      }
    },
    "Jira_Bugs": {
      "countAnd": {
        "collection": "JiraIssue",
        "reOpenFlag": true
      }
    }
  },
  "_class": "com.cts.idashboard.services.metricservice.data.MetricConfig"
},{
  "_id": {
    "$oid": "64acd10e73fd86cdc83e439d"
  },
  "metricName": "C2M_ExecutionSummary",
  "category": "Defects",
  "calculationType": "percentage",
  "toolType": "Jira",
  "customFunction": "No",
  "customFunctionName": "defect_ageing",
  "groupBy": "priority",
  "grouping": "Yes",
  "groupValue": "All",
  "trending": "No",
  "trendBy": "startDate",
  "trendingField": "Year",
  "trendCount": 5,
  "formula": "Jira_testcases",
  "formulaParams": {
    "Jira_testcases": {
      "count": {
        "collection": "JiraIssue"
      }
    }
  },
  "_class": "com.cts.idashboard.services.metricservice.data.MetricConfig"
},{
  "_id": {
    "$oid": "64ad2ce473fd86cdc83ee9fa"
  },
  "metricName": "C2M_Pass_Percentage",
  "category": "Defect",
  "calculationType": "percentage",
  "toolType": "ZephyrScale",
  "trending": "No",
  "trendBy": "created",
  "trendingField": "Months",
  "trendCount": 4,
  "grouping": "No",
  "groupBy": "priority",
  "groupValue": "All",
  "formula": "((totalPassCount * 100)/(totalCount))",
  "formulaParams": {
    "totalPassCount": {
      "countAnd": {
        "collection": "SourceZephyrScaleData",
        "firstFolderName": "Drop2-Modify",
        "projectKey": "DGC2M"
      }
    },
    "totalCount": {
      "countAnd": {
        "collection": "SourceZephyrScaleData",
        "projectKey": "DGC2M"
      }
    }
  },
  "_class": "com.cts.idashboard.services.metricservice.data.MetricConfig",
  "customFunction": "No",
  "customFunctionName": "defect_ageing"
},{
  "_id": {
    "$oid": "64ad2ec973fd86cdc83eeeba"
  },
  "metricName": "T2R_Pass_Percentage",
  "category": "Defect",
  "calculationType": "percentage",
  "toolType": "ZephyrScale",
  "trending": "No",
  "trendBy": "created",
  "trendingField": "Months",
  "trendCount": 4,
  "grouping": "No",
  "groupBy": "priority",
  "groupValue": "All",
  "formula": "((totalPassCount * 100)/(totalCount))",
  "formulaParams": {
    "totalPassCount": {
      "countAnd": {
        "collection": "SourceZephyrScaleData",
        "firstFolderName": "SIT_Drop2",
        "projectKey": "DGT2R"
      }
    },
    "totalCount": {
      "countAnd": {
        "collection": "SourceZephyrScaleData",
        "projectKey": "DGT2R"
      }
    }
  },
  "_class": "com.cts.idashboard.services.metricservice.data.MetricConfig",
  "customFunction": "No",
  "customFunctionName": "defect_ageing"
},{
  "_id": {
    "$oid": "64ad2f1e73fd86cdc83eef2f"
  },
  "metricName": "O2C_Pass_Percentage",
  "category": "Defect",
  "calculationType": "percentage",
  "toolType": "ZephyrScale",
  "trending": "No",
  "trendBy": "created",
  "trendingField": "Months",
  "trendCount": 4,
  "grouping": "No",
  "groupBy": "priority",
  "groupValue": "All",
  "formula": "((totalPassCount * 100)/(totalCount))",
  "formulaParams": {
    "totalPassCount": {
      "countAnd": {
        "collection": "SourceZephyrScaleData",
        "DropName": "Drop 4B",
        "projectKey": "DGCCP"
      }
    },
    "totalCount": {
      "countAnd": {
        "collection": "SourceZephyrScaleData",
        "projectKey": "DGCCP"
      }
    }
  },
  "_class": "com.cts.idashboard.services.metricservice.data.MetricConfig",
  "customFunction": "No",
  "customFunctionName": "defect_ageing"
},{
  "_id": {
    "$oid": "64ad3c3973fd86cdc83f1b48"
  },
  "metricName": "JIRA_C2M_Drop2_RejectionRate",
  "category": "Defect",
  "calculationType": "percentage",
  "toolType": "Jira",
  "trending": "No",
  "trendBy": "created",
  "trendingField": "Months",
  "trendCount": 4,
  "grouping": "No",
  "groupBy": "priority",
  "groupValue": "All",
  "formula": "((totalDefectsRejected * 100)/(totalDefects))",
  "formulaParams": {
    "totalDefectsRejected": {
      "countAnd": {
        "collection": "JiraIssue",
        "statusName": "Rejected",
        "issueTypeName": "Bug",
        "linkedEpic": "DGC2M-244",
        "projectKey": "DGC2M"
      }
    },
    "totalDefects": {
      "countAnd": {
        "collection": "JiraIssue",
        "issueTypeName": "Bug",
        "linkedEpic": "DGC2M-244",
        "projectKey": "DGC2M"
      }
    }
  },
  "dataSource": "Jira",
  "_class": "com.cts.idashboard.services.metricservice.data.MetricConfig",
  "customFunction": "No",
  "customFunctionName": "defect_ageing"
},{
  "_id": {
    "$oid": "64ad3cf673fd86cdc83f1c27"
  },
  "metricName": "JIRA_C2M_Drop2_ReOpened_Rate",
  "category": "Defect",
  "calculationType": "percentage",
  "toolType": "Jira",
  "trending": "No",
  "trendBy": "created",
  "trendingField": "Months",
  "trendCount": 4,
  "grouping": "No",
  "groupBy": "priority",
  "groupValue": "All",
  "formula": "((totalDefectsRejected * 100)/(totalDefects))",
  "formulaParams": {
    "totalDefectsRejected": {
      "countAnd": {
        "collection": "JiraIssue",
        "statusName": "Re-Opened",
        "issueTypeName": "Bug",
        "linkedEpic": "DGC2M-244",
        "projectKey": "DGC2M"
      }
    },
    "totalDefects": {
      "countAnd": {
        "collection": "JiraIssue",
        "issueTypeName": "Bug",
        "linkedEpic": "DGC2M-244",
        "projectKey": "DGC2M"
      }
    }
  },
  "dataSource": "Jira",
  "_class": "com.cts.idashboard.services.metricservice.data.MetricConfig",
  "customFunction": "No",
  "customFunctionName": "defect_ageing"
},{
  "_id": {
    "$oid": "64ad3d2273fd86cdc83f1c5d"
  },
  "metricName": "JIRA_C2M_Drop2_DefectAgeing",
  "category": "Defect",
  "calculationType": "percentage",
  "toolType": "Jira",
  "trending": "No",
  "trendBy": "created",
  "trendingField": "Months",
  "trendCount": 4,
  "grouping": "No",
  "groupBy": "priority",
  "groupValue": "All",
  "formula": "((totalDefectsRejected * 100)/(totalDefects))",
  "formulaParams": {
    "totalDefectsRejected": {
      "countAnd": {
        "collection": "JiraIssue",
        "statusName": "Rejected",
        "issueTypeName": "Bug",
        "projectKey": "DGC2M"
      }
    },
    "totalDefects": {
      "countAnd": {
        "collection": "JiraIssue",
        "issueTypeName": "Bug",
        "projectKey": "DGC2M"
      }
    }
  },
  "dataSource": "Jira",
  "_class": "com.cts.idashboard.services.metricservice.data.MetricConfig",
  "customFunction": "Yes",
  "customFunctionName": "defect_ageing_stack",
  "customParams": "DGC2M;DGC2M-244"
},{
  "_id": {
    "$oid": "64b12baa73fd86cdc8436a8f"
  },
  "metricName": "C2M_Drop2_Test_effectiveness_Rate",
  "category": "Defects",
  "calculationType": "percentage",
  "toolType": "Jira",
  "trending": "No",
  "trendBy": "created",
  "trendingField": "Months",
  "trendCount": 4,
  "grouping": "No",
  "groupBy": "priority",
  "groupValue": "All",
  "formula": "((totalBugs * 100)/totalTestCases)",
  "formulaParams": {
    "totalTestCases": {
      "countAnd": {
        "collection": "SourceZephyrScaleData",
        "type": "Test Run",
        "firstFolderName": "Drop2-Modify",
        "projectKey": "DGC2M"
      }
    },
    "totalBugs": {
      "countAnd": {
        "collection": "JiraIssue",
        "issueTypeName": "Bug",
        "linkedEpic": "DGC2M-244",
        "projectKey": "DGC2M"
      }
    }
  },
  "dataSource": "Jira",
  "_class": "com.cts.idashboard.services.metricservice.data.MetricConfig",
  "customFunction": "No",
  "customFunctionName": "defect_ageing"
},{
  "_id": {
    "$oid": "64b12e4473fd86cdc84376cb"
  },
  "metricName": "JIRA_Defect_Automation",
  "category": "Defect",
  "calculationType": "percentage",
  "toolType": "Jira",
  "customFunction": "No",
  "customFunctionName": "defect_ageing",
  "trending": "No",
  "trendBy": "created",
  "trendingField": "Months",
  "trendCount": 4,
  "grouping": "No",
  "groupBy": "priority",
  "groupValue": "All",
  "formula": "((totalSITDefects * 100)/(totalDefects))",
  "formulaParams": {
    "totalSITDefects": {
      "countAnd": {
        "collection": "JiraIssue",
        "defectTestPhase": "PreProd",
        "issueTypeName": "Bug"
      }
    },
    "totalDefects": {
      "countAnd": {
        "collection": "JiraIssue",
        "issueTypeName": "Bug"
      }
    }
  },
  "dataSource": "Jira",
  "_class": "com.cts.idashboard.services.metricservice.data.MetricConfig"
},{
  "_id": {
    "$oid": "64b62db173fd86cdc848e09c"
  },
  "metricName": "JIRA_T2R_RejectionRate",
  "category": "Defect",
  "calculationType": "percentage",
  "toolType": "Jira",
  "trending": "No",
  "trendBy": "created",
  "trendingField": "Months",
  "trendCount": 4,
  "grouping": "No",
  "groupBy": "priority",
  "groupValue": "All",
  "formula": "((totalDefectsRejected * 100)/(totalDefects))",
  "formulaParams": {
    "totalDefectsRejected": {
      "countAnd": {
        "collection": "JiraIssue",
        "statusName": "Rejected",
        "issueTypeName": "Bug",
        "projectKey": "DGT2R"
      }
    },
    "totalDefects": {
      "countAnd": {
        "collection": "JiraIssue",
        "issueTypeName": "Bug",
        "projectKey": "DGT2R"
      }
    }
  },
  "dataSource": "Jira",
  "_class": "com.cts.idashboard.services.metricservice.data.MetricConfig",
  "customFunction": "No",
  "customFunctionName": "defect_ageing"
},{
  "_id": {
    "$oid": "64b62edd73fd86cdc848e1d4"
  },
  "metricName": "JIRA_T2R_ReOpened_Rate",
  "category": "Defect",
  "calculationType": "percentage",
  "toolType": "Jira",
  "trending": "No",
  "trendBy": "created",
  "trendingField": "Months",
  "trendCount": 4,
  "grouping": "No",
  "groupBy": "priority",
  "groupValue": "All",
  "formula": "((totalDefectsRejected * 100)/(totalDefects))",
  "formulaParams": {
    "totalDefectsRejected": {
      "countAnd": {
        "collection": "JiraIssue",
        "statusName": "Re-Opened",
        "issueTypeName": "Bug",
        "projectKey": "DGT2R"
      }
    },
    "totalDefects": {
      "countAnd": {
        "collection": "JiraIssue",
        "issueTypeName": "Bug",
        "projectKey": "DGT2R"
      }
    }
  },
  "dataSource": "Jira",
  "_class": "com.cts.idashboard.services.metricservice.data.MetricConfig",
  "customFunction": "No",
  "customFunctionName": "defect_ageing"
},{
  "_id": {
    "$oid": "64b62f2a73fd86cdc848e224"
  },
  "metricName": "JIRA_T2R_Test_effectiveness_Rate",
  "category": "Defects",
  "calculationType": "percentage",
  "toolType": "Jira",
  "trending": "No",
  "trendBy": "created",
  "trendingField": "Months",
  "trendCount": 4,
  "grouping": "No",
  "groupBy": "priority",
  "groupValue": "All",
  "formula": "((totalBugs * 100)/totalTestCases)",
  "formulaParams": {
    "totalTestCases": {
      "countAnd": {
        "collection": "SourceZephyrScaleData",
        "type": "Test Run",
        "projectKey": "DGT2R"
      }
    },
    "totalBugs": {
      "countAnd": {
        "collection": "JiraIssue",
        "issueTypeName": "Bug",
        "prjectKey": "DGT2R"
      }
    }
  },
  "dataSource": "Jira",
  "_class": "com.cts.idashboard.services.metricservice.data.MetricConfig",
  "customFunction": "No",
  "customFunctionName": "defect_ageing"
},{
  "_id": {
    "$oid": "64b6316b73fd86cdc848e46e"
  },
  "metricName": "JIRA_T2R_Defect_Automation",
  "category": "Defect",
  "calculationType": "percentage",
  "toolType": "Jira",
  "customFunction": "No",
  "customFunctionName": "defect_ageing",
  "trending": "No",
  "trendBy": "created",
  "trendingField": "Months",
  "trendCount": 4,
  "grouping": "No",
  "groupBy": "priority",
  "groupValue": "All",
  "formula": "((totalSITDefects * 100)/(totalDefects))",
  "formulaParams": {
    "totalSITDefects": {
      "countAnd": {
        "collection": "JiraIssue",
        "defectTestPhase": "PreProd",
        "issueTypeName": "Bug"
      }
    },
    "totalDefects": {
      "countAnd": {
        "collection": "JiraIssue",
        "issueTypeName": "Bug"
      }
    }
  },
  "dataSource": "Jira",
  "_class": "com.cts.idashboard.services.metricservice.data.MetricConfig"
},{
  "_id": {
    "$oid": "64b6349f73fd86cdc848f191"
  },
  "metricName": "JIRA_T2R_DefectAgeing",
  "category": "Defect",
  "calculationType": "percentage",
  "toolType": "Jira",
  "trending": "No",
  "trendBy": "created",
  "trendingField": "Months",
  "trendCount": 4,
  "grouping": "No",
  "groupBy": "priority",
  "groupValue": "All",
  "formula": "((totalDefectsRejected * 100)/(totalDefects))",
  "formulaParams": {
    "totalDefectsRejected": {
      "countAnd": {
        "collection": "JiraIssue",
        "statusName": "Rejected",
        "issueTypeName": "Bug",
        "projectKey": "DGT2R"
      }
    },
    "totalDefects": {
      "countAnd": {
        "collection": "JiraIssue",
        "issueTypeName": "Bug",
        "projectKey": "DGT2R"
      }
    }
  },
  "dataSource": "Jira",
  "_class": "com.cts.idashboard.services.metricservice.data.MetricConfig",
  "customFunction": "Yes",
  "customFunctionName": "defect_ageing_stack"
},{
  "_id": {
    "$oid": "64b64a0d73fd86cdc8494d4d"
  },
  "metricName": "T2R_Drop1_Pass_Percentage",
  "category": "Defect",
  "calculationType": "percentage",
  "toolType": "ZephyrScale",
  "trending": "No",
  "trendBy": "created",
  "trendingField": "Months",
  "trendCount": 4,
  "grouping": "No",
  "groupBy": "priority",
  "groupValue": "All",
  "formula": "((totalPassCount * 100)/(totalCount))",
  "formulaParams": {
    "totalPassCount": {
      "countAnd": {
        "collection": "SourceZephyrScaleData",
        "firstFolderName": "SIT_Drop1",
        "projectKey": "DGT2R"
      }
    },
    "totalCount": {
      "countAnd": {
        "collection": "SourceZephyrScaleData",
        "projectKey": "DGT2R"
      }
    }
  },
  "_class": "com.cts.idashboard.services.metricservice.data.MetricConfig",
  "customFunction": "No",
  "customFunctionName": "defect_ageing"
},{
  "_id": {
    "$oid": "64b7a9ef992bed2353c0976e"
  },
  "metricName": "CustomTest",
  "category": "Defect",
  "calculationType": "percentage",
  "toolType": "Jira",
  "trending": "No",
  "trendBy": "created",
  "trendingField": "Weeks",
  "trendCount": 10,
  "grouping": "No",
  "groupBy": "priority",
  "groupValue": "All",
  "formula": "totalDefectsInOpenStatus",
  "formulaParams": {
    "totalDefectsInOpenStatus": {
      "countAnd": {
        "collection": "JiraIssue",
        "statusName": "Rejected",
        "issueTypeName": "Bug"
      }
    },
    "totalDefects": {
      "countAnd": {
        "collection": "JiraIssue",
        "issueTypeName": "Bug"
      }
    }
  },
  "dataSource": "Jira",
  "_class": "com.cts.idashboard.services.metricservice.data.MetricConfig",
  "customFunction": "Yes",
  "customFunctionName": "defect_ageing_stack",
  "customParams": "DGC2M;DGC2M-244"
},{
  "_id": {
    "$oid": "64b7b270992bed2353c0a720"
  },
  "metricName": "CustomTeet2",
  "category": "Defect",
  "calculationType": "percentage",
  "toolType": "Jira",
  "trending": "No",
  "trendBy": "created",
  "trendingField": "Weeks",
  "trendCount": 10,
  "grouping": "No",
  "groupBy": "priority",
  "groupValue": "All",
  "formula": "totalDefectsInOpenStatus",
  "formulaParams": {
    "totalDefectsInOpenStatus": {
      "countAnd": {
        "collection": "JiraIssue",
        "statusName": "Rejected",
        "issueTypeName": "Bug"
      }
    },
    "totalDefects": {
      "countAnd": {
        "collection": "JiraIssue",
        "issueTypeName": "Bug"
      }
    }
  },
  "dataSource": "Jira",
  "_class": "com.cts.idashboard.services.metricservice.data.MetricConfig",
  "customFunction": "Yes",
  "customFunctionName": "defect_ageing_stack",
  "customParams": "DGC2M;DGC2M-4"
},{
  "_id": {
    "$oid": "64b7db50992bed2353c0f6a9"
  },
  "metricName": "C2M_Drop2_Defect_Ageing",
  "category": "Defect",
  "calculationType": "percentage",
  "toolType": "Jira",
  "trending": "No",
  "trendBy": "created",
  "trendingField": "Weeks",
  "trendCount": 10,
  "grouping": "No",
  "groupBy": "priority",
  "groupValue": "All",
  "formula": "totalDefectsInOpenStatus",
  "formulaParams": {
    "totalDefectsInOpenStatus": {
      "countAnd": {
        "collection": "JiraIssue",
        "statusName": "Rejected",
        "issueTypeName": "Bug"
      }
    },
    "totalDefects": {
      "countAnd": {
        "collection": "JiraIssue",
        "issueTypeName": "Bug"
      }
    }
  },
  "dataSource": "Jira",
  "_class": "com.cts.idashboard.services.metricservice.data.MetricConfig",
  "customFunction": "Yes",
  "customFunctionName": "defect_ageing_stack",
  "customParams": "DGC2M;DGC2M-244"
},{
  "_id": {
    "$oid": "64b8cb1e7173b8522feb7891"
  },
  "metricName": "C2M_Drop1_RejectionRate",
  "category": "Defect",
  "calculationType": "percentage",
  "toolType": "Jira",
  "trending": "No",
  "trendBy": "created",
  "trendingField": "Months",
  "trendCount": 4,
  "grouping": "No",
  "groupBy": "priority",
  "groupValue": "All",
  "formula": "((totalDefectsRejected * 100)/(totalDefects))",
  "formulaParams": {
    "totalDefectsRejected": {
      "countAnd": {
        "collection": "JiraIssue",
        "statusName": "Rejected",
        "issueTypeName": "Bug",
        "linkedEpic": "DGC2M-19;DGC2M-4;DGC2M-89",
        "projectKey": "DGC2M"
      }
    },
    "totalDefects": {
      "countAnd": {
        "collection": "JiraIssue",
        "issueTypeName": "Bug",
        "linkedEpic": "DGC2M-19;DGC2M-4;DGC2M-89",
        "projectKey": "DGC2M"
      }
    }
  },
  "dataSource": "Jira",
  "_class": "com.cts.idashboard.services.metricservice.data.MetricConfig",
  "customFunction": "No",
  "customFunctionName": "defect_ageing"
},{
  "_id": {
    "$oid": "64b917967173b8522fec44b5"
  },
  "metricName": "JIRA_O2C_Drop3B_RejectionRate",
  "category": "Defect",
  "calculationType": "percentage",
  "toolType": "Jira",
  "trending": "No",
  "trendBy": "created",
  "trendingField": "Months",
  "trendCount": 4,
  "grouping": "No",
  "groupBy": "priority",
  "groupValue": "All",
  "formula": "((totalDefectsRejected * 100)/(totalDefects))",
  "formulaParams": {
    "totalDefectsRejected": {
      "countAnd": {
        "collection": "JiraIssue",
        "statusName": "Rejected",
        "issueTypeName": "Bug",
        "linkedEpic": "DGCCP-876",
        "projectKey": "DGCCP"
      }
    },
    "totalDefects": {
      "countAnd": {
        "collection": "JiraIssue",
        "issueTypeName": "Bug",
        "linkedEpic": "DGCCP-876",
        "projectKey": "DGCCP"
      }
    }
  },
  "dataSource": "Jira",
  "_class": "com.cts.idashboard.services.metricservice.data.MetricConfig",
  "customFunction": "No",
  "customFunctionName": "defect_ageing"
},{
  "_id": {
    "$oid": "64b917f07173b8522fec44e9"
  },
  "metricName": "JIRA_O2C_Drop4A_RejectionRate",
  "category": "Defect",
  "calculationType": "percentage",
  "toolType": "Jira",
  "trending": "No",
  "trendBy": "created",
  "trendingField": "Months",
  "trendCount": 4,
  "grouping": "No",
  "groupBy": "priority",
  "groupValue": "All",
  "formula": "((totalDefectsRejected * 100)/(totalDefects))",
  "formulaParams": {
    "totalDefectsRejected": {
      "countAnd": {
        "collection": "JiraIssue",
        "statusName": "Rejected",
        "issueTypeName": "Bug",
        "linkedEpic": "DGCCP-1162",
        "projectKey": "DGCCP"
      }
    },
    "totalDefects": {
      "countAnd": {
        "collection": "JiraIssue",
        "issueTypeName": "Bug",
        "linkedEpic": "DGCCP-1162",
        "projectKey": "DGCCP"
      }
    }
  },
  "dataSource": "Jira",
  "_class": "com.cts.idashboard.services.metricservice.data.MetricConfig",
  "customFunction": "No",
  "customFunctionName": "defect_ageing"
},{
  "_id": {
    "$oid": "64b918587173b8522fec453b"
  },
  "metricName": "JIRA_O2C_Drop4B_RejectionRate",
  "category": "Defect",
  "calculationType": "percentage",
  "toolType": "Jira",
  "trending": "No",
  "trendBy": "created",
  "trendingField": "Months",
  "trendCount": 4,
  "grouping": "No",
  "groupBy": "priority",
  "groupValue": "All",
  "formula": "((totalDefectsRejected * 100)/(totalDefects))",
  "formulaParams": {
    "totalDefectsRejected": {
      "countAnd": {
        "collection": "JiraIssue",
        "statusName": "Rejected",
        "issueTypeName": "Bug",
        "linkedEpic": "DGCCP-4398",
        "projectKey": "DGCCP"
      }
    },
    "totalDefects": {
      "countAnd": {
        "collection": "JiraIssue",
        "issueTypeName": "Bug",
        "linkedEpic": "DGCCP-4398",
        "projectKey": "DGCCP"
      }
    }
  },
  "dataSource": "Jira",
  "_class": "com.cts.idashboard.services.metricservice.data.MetricConfig",
  "customFunction": "No",
  "customFunctionName": "defect_ageing"
},{
  "_id": {
    "$oid": "64b918af7173b8522fec4573"
  },
  "metricName": "JIRA_O2C_Drop5A_RejectionRate",
  "category": "Defect",
  "calculationType": "percentage",
  "toolType": "Jira",
  "trending": "No",
  "trendBy": "created",
  "trendingField": "Months",
  "trendCount": 4,
  "grouping": "No",
  "groupBy": "priority",
  "groupValue": "All",
  "formula": "((totalDefectsRejected * 100)/(totalDefects))",
  "formulaParams": {
    "totalDefectsRejected": {
      "countAnd": {
        "collection": "JiraIssue",
        "statusName": "Rejected",
        "issueTypeName": "Bug",
        "linkedEpic": "DGCCP-4842",
        "projectKey": "DGCCP"
      }
    },
    "totalDefects": {
      "countAnd": {
        "collection": "JiraIssue",
        "issueTypeName": "Bug",
        "linkedEpic": "DGCCP-4842",
        "projectKey": "DGCCP"
      }
    }
  },
  "dataSource": "Jira",
  "_class": "com.cts.idashboard.services.metricservice.data.MetricConfig",
  "customFunction": "No",
  "customFunctionName": "defect_ageing"
},{
  "_id": {
    "$oid": "64b9191e7173b8522fec45bb"
  },
  "metricName": "JIRA_O2C_Drop3B_ReOpened_Rate",
  "category": "Defect",
  "calculationType": "percentage",
  "toolType": "Jira",
  "trending": "No",
  "trendBy": "created",
  "trendingField": "Months",
  "trendCount": 4,
  "grouping": "No",
  "groupBy": "priority",
  "groupValue": "All",
  "formula": "((totalDefectsRejected * 100)/(totalDefects))",
  "formulaParams": {
    "totalDefectsRejected": {
      "countAnd": {
        "collection": "JiraIssue",
        "statusName": "Re-Opened",
        "issueTypeName": "Bug",
        "linkedEpic": "DGCCP-876",
        "projectKey": "DGCCP"
      }
    },
    "totalDefects": {
      "countAnd": {
        "collection": "JiraIssue",
        "issueTypeName": "Bug",
        "linkedEpic": "DGCCP-876",
        "projectKey": "DGCCP"
      }
    }
  },
  "dataSource": "Jira",
  "_class": "com.cts.idashboard.services.metricservice.data.MetricConfig",
  "customFunction": "No",
  "customFunctionName": "defect_ageing"
},{
  "_id": {
    "$oid": "64b919537173b8522fec45de"
  },
  "metricName": "JIRA_O2C_Drop4A_ReOpened_Rate",
  "category": "Defect",
  "calculationType": "percentage",
  "toolType": "Jira",
  "trending": "No",
  "trendBy": "created",
  "trendingField": "Months",
  "trendCount": 4,
  "grouping": "No",
  "groupBy": "priority",
  "groupValue": "All",
  "formula": "((totalDefectsRejected * 100)/(totalDefects))",
  "formulaParams": {
    "totalDefectsRejected": {
      "countAnd": {
        "collection": "JiraIssue",
        "statusName": "Re-Opened",
        "issueTypeName": "Bug",
        "linkedEpic": "DGCCP-1162",
        "projectKey": "DGCCP"
      }
    },
    "totalDefects": {
      "countAnd": {
        "collection": "JiraIssue",
        "issueTypeName": "Bug",
        "linkedEpic": "DGCCP-1162",
        "projectKey": "DGCCP"
      }
    }
  },
  "dataSource": "Jira",
  "_class": "com.cts.idashboard.services.metricservice.data.MetricConfig",
  "customFunction": "No",
  "customFunctionName": "defect_ageing"
},{
  "_id": {
    "$oid": "64b919997173b8522fec460e"
  },
  "metricName": "JIRA_O2C_Drop4B_ReOpened_Rate",
  "category": "Defect",
  "calculationType": "percentage",
  "toolType": "Jira",
  "trending": "No",
  "trendBy": "created",
  "trendingField": "Months",
  "trendCount": 4,
  "grouping": "No",
  "groupBy": "priority",
  "groupValue": "All",
  "formula": "((totalDefectsRejected * 100)/(totalDefects))",
  "formulaParams": {
    "totalDefectsRejected": {
      "countAnd": {
        "collection": "JiraIssue",
        "statusName": "Re-Opened",
        "issueTypeName": "Bug",
        "linkedEpic": "DGCCP-4398",
        "projectKey": "DGCCP"
      }
    },
    "totalDefects": {
      "countAnd": {
        "collection": "JiraIssue",
        "issueTypeName": "Bug",
        "linkedEpic": "DGCCP-4398",
        "projectKey": "DGCCP"
      }
    }
  },
  "dataSource": "Jira",
  "_class": "com.cts.idashboard.services.metricservice.data.MetricConfig",
  "customFunction": "No",
  "customFunctionName": "defect_ageing"
},{
  "_id": {
    "$oid": "64b919c97173b8522fec4635"
  },
  "metricName": "JIRA_O2C_Drop5A_ReOpened_Rate",
  "category": "Defect",
  "calculationType": "percentage",
  "toolType": "Jira",
  "trending": "No",
  "trendBy": "created",
  "trendingField": "Months",
  "trendCount": 4,
  "grouping": "No",
  "groupBy": "priority",
  "groupValue": "All",
  "formula": "((totalDefectsRejected * 100)/(totalDefects))",
  "formulaParams": {
    "totalDefectsRejected": {
      "countAnd": {
        "collection": "JiraIssue",
        "statusName": "Re-Opened",
        "issueTypeName": "Bug",
        "linkedEpic": "DGCCP-4842",
        "projectKey": "DGCCP"
      }
    },
    "totalDefects": {
      "countAnd": {
        "collection": "JiraIssue",
        "issueTypeName": "Bug",
        "linkedEpic": "DGCCP-4842",
        "projectKey": "DGCCP"
      }
    }
  },
  "dataSource": "Jira",
  "_class": "com.cts.idashboard.services.metricservice.data.MetricConfig",
  "customFunction": "No",
  "customFunctionName": "defect_ageing"
}]