[{
  "_id": {
    "$oid": "5d3ee667a544183c5ce3cf6e"
  },
  "userId": "idashboard@cognizant.com",
  "roles": [
    {
      "$ref": "roles",
      "$id": "Admin"
    }
  ],
  "projectIds": []
},{
  "_id": {
    "$oid": "62d1205673809f6a9ec6beb2"
  },
  "userId": "sample@cts.com",
  "roles": [
    {
      "$ref": "roles",
      "$id": "Admin"
    }
  ],
  "projectIds": [],
  "ownProjectIds": [],
  "createdDate": {
    "$date": {
      "$numberLong": "1657872470179"
    }
  },
  "lastModifiedDate": {
    "$date": {
      "$numberLong": "1657872470179"
    }
  },
  "_class": "com.cognizant.authapi.users.beans.Account"
},{
  "_id": {
    "$oid": "6329b337e51d4c1d423b0417"
  },
  "userId": "adminuser@cts.com",
  "roles": [
    {
      "$ref": "roles",
      "$id": "Admin"
    },
    {
      "$ref": "roles",
      "$id": "ProjectLead"
    },
    {
      "$ref": "roles",
      "$id": "TeamMember"
    },
    {
      "$ref": "roles",
      "$id": "Viewer"
    }
  ],
  "projectIds": [],
  "ownProjectIds": [],
  "createdDate": {
    "$date": {
      "$numberLong": "1663677239877"
    }
  },
  "lastModifiedDate": {
    "$date": {
      "$numberLong": "1663677410109"
    }
  },
  "_class": "com.cognizant.authapi.users.beans.Account"
},{
  "_id": {
    "$oid": "6329b35ae51d4c1d423b0419"
  },
  "userId": "demouser@cts.com",
  "roles": [
    {
      "$ref": "roles",
      "$id": "Admin"
    },
    {
      "$ref": "roles",
      "$id": "ProjectLead"
    },
    {
      "$ref": "roles",
      "$id": "TeamMember"
    },
    {
      "$ref": "roles",
      "$id": "Viewer"
    }
  ],
  "projectIds": [],
  "ownProjectIds": [],
  "createdDate": {
    "$date": {
      "$numberLong": "1663677274962"
    }
  },
  "lastModifiedDate": {
    "$date": {
      "$numberLong": "1663677433729"
    }
  },
  "_class": "com.cognizant.authapi.users.beans.Account"
},{
  "_id": {
    "$oid": "644b7a24da1b9748ea7f6336"
  },
  "userId": "Test@cts.com",
  "roles": [],
  "projectIds": [],
  "ownProjectIds": [],
  "createdDate": {
    "$date": {
      "$numberLong": "1682668068066"
    }
  },
  "lastModifiedDate": {
    "$date": {
      "$numberLong": "1682668068066"
    }
  },
  "_class": "com.cognizant.authapi.users.beans.Account"
}]