[{
  "_id": {
    "$oid": "643ce1b0d213626388701e6f"
  },
  "name": "JIRA",
  "group": "ISSUES",
  "collectionName": "source_jira_Issues",
  "description": "",
  "toolName": "Jira",
  "image": "",
  "imageType": "image",
  "fields": [
    {
      "name": "fixVersionReleased",
      "type": "bool",
      "label": "fixVersionReleased"
    },
    {
      "name": "priorityId",
      "type": "string",
      "label": "priorityId"
    },
    {
      "name": "updated",
      "type": "date",
      "label": "updated"
    },
    {
      "name": "statusCategoryName",
      "type": "string",
      "label": "statusCategoryName"
    },
    {
      "name": "reporterEmailAddress",
      "type": "string",
      "label": "reporterEmailAddress"
    },
    {
      "name": "votes",
      "type": "object",
      "label": "votes"
    },
    {
      "name": "creatorDisplayName",
      "type": "string",
      "label": "creatorDisplayName"
    },
    {
      "name": "workRatio",
      "type": "int",
      "label": "workRatio"
    },
    {
      "name": "issueTypeDescription",
      "type": "string",
      "label": "issueTypeDescription"
    },
    {
      "name": "statusCategoryColorName",
      "type": "string",
      "label": "statusCategoryColorName"
    },
    {
      "name": "statusName",
      "type": "string",
      "label": "statusName"
    },
    {
      "name": "created",
      "type": "date",
      "label": "created"
    },
    {
      "name": "creatorAvatarUrls",
      "type": "object",
      "label": "creatorAvatarUrls"
    },
    {
      "name": "expand",
      "type": "string",
      "label": "expand"
    },
    {
      "name": "reporterActive",
      "type": "bool",
      "label": "reporterActive"
    },
    {
      "name": "issueTypeSubtask",
      "type": "bool",
      "label": "issueTypeSubtask"
    },
    {
      "name": "projectName",
      "type": "string",
      "label": "projectName"
    },
    {
      "name": "reporterAvatarUrls",
      "type": "object",
      "label": "reporterAvatarUrls"
    },
    {
      "name": "statusCategoryId",
      "type": "int",
      "label": "statusCategoryId"
    },
    {
      "name": "statusId",
      "type": "string",
      "label": "statusId"
    },
    {
      "name": "watches",
      "type": "object",
      "label": "watches"
    },
    {
      "name": "environment",
      "type": "string",
      "label": "environment"
    },
    {
      "name": "issueTypeIconUrl",
      "type": "string",
      "label": "issueTypeIconUrl"
    },
    {
      "name": "priority",
      "type": "string",
      "label": "priority"
    },
    {
      "name": "lastViewed",
      "type": "string",
      "label": "lastViewed"
    },
    {
      "name": "reporterSelf",
      "type": "string",
      "label": "reporterSelf"
    },
    {
      "name": "projectKey",
      "type": "string",
      "label": "projectKey"
    },
    {
      "name": "creatorActive",
      "type": "bool",
      "label": "creatorActive"
    },
    {
      "name": "issueTypeSelf",
      "type": "string",
      "label": "issueTypeSelf"
    },
    {
      "name": "projectId",
      "type": "string",
      "label": "projectId"
    },
    {
      "name": "projectSelf",
      "type": "string",
      "label": "projectSelf"
    },
    {
      "name": "description",
      "type": "string",
      "label": "description"
    },
    {
      "name": "progress",
      "type": "object",
      "label": "progress"
    },
    {
      "name": "statusSelf",
      "type": "string",
      "label": "statusSelf"
    },
    {
      "name": "statusIconUrl",
      "type": "string",
      "label": "statusIconUrl"
    },
    {
      "name": "statusCategoryKey",
      "type": "string",
      "label": "statusCategoryKey"
    },
    {
      "name": "issueTypeAvatarId",
      "type": "int",
      "label": "issueTypeAvatarId"
    },
    {
      "name": "projectTypeKey",
      "type": "string",
      "label": "projectTypeKey"
    },
    {
      "name": "aggregateProgress",
      "type": "object",
      "label": "aggregateProgress"
    },
    {
      "name": "labels",
      "type": "array",
      "label": "labels"
    },
    {
      "name": "summary",
      "type": "string",
      "label": "summary"
    },
    {
      "name": "creatorTimeZone",
      "type": "string",
      "label": "creatorTimeZone"
    },
    {
      "name": "creatorSelf",
      "type": "string",
      "label": "creatorSelf"
    },
    {
      "name": "reporterTimeZone",
      "type": "string",
      "label": "reporterTimeZone"
    },
    {
      "name": "key",
      "type": "string",
      "label": "key"
    },
    {
      "name": "issueTypeId",
      "type": "string",
      "label": "issueTypeId"
    },
    {
      "name": "self",
      "type": "string",
      "label": "self"
    },
    {
      "name": "issueTypeName",
      "type": "string",
      "label": "issueTypeName"
    },
    {
      "name": "projectAvatarUrls",
      "type": "object",
      "label": "projectAvatarUrls"
    },
    {
      "name": "subTasks",
      "type": "array",
      "label": "subTasks"
    },
    {
      "name": "creatorEmailAddress",
      "type": "string",
      "label": "creatorEmailAddress"
    },
    {
      "name": "reporterDisplayName",
      "type": "string",
      "label": "reporterDisplayName"
    },
    {
      "name": "fixVersionArchived",
      "type": "bool",
      "label": "fixVersionArchived"
    },
    {
      "name": "statusDescription",
      "type": "string",
      "label": "statusDescription"
    },
    {
      "name": "issueLinks",
      "type": "array",
      "label": "issueLinks"
    },
    {
      "name": "statusCategorySelf",
      "type": "string",
      "label": "statusCategorySelf"
    },
    {
      "name": "linkedStoryId",
      "type": "string",
      "label": "linkedStoryId"
    },
    {
      "name": "linkedBugKey",
      "type": "string",
      "label": "linkedBugKey"
    },
    {
      "name": "dueDate",
      "type": "string",
      "label": "dueDate"
    },
    {
      "name": "linkedStoryKey",
      "type": "string",
      "label": "linkedStoryKey"
    },
    {
      "name": "versionsId",
      "type": "string",
      "label": "versionsId"
    },
    {
      "name": "defectType",
      "type": "string",
      "label": "defectType"
    },
    {
      "name": "resolutionId",
      "type": "string",
      "label": "resolutionId"
    },
    {
      "name": "module",
      "type": "string",
      "label": "module"
    },
    {
      "name": "resolutionSelf",
      "type": "string",
      "label": "resolutionSelf"
    },
    {
      "name": "linkedTestId",
      "type": "string",
      "label": "linkedTestId"
    },
    {
      "name": "fixVersionId",
      "type": "string",
      "label": "fixVersionId"
    },
    {
      "name": "linkedTestKey",
      "type": "string",
      "label": "linkedTestKey"
    },
    {
      "name": "assigneeEmailAddress",
      "type": "string",
      "label": "assigneeEmailAddress"
    },
    {
      "name": "testing",
      "type": "string",
      "label": "testing"
    },
    {
      "name": "linkedTaskKey",
      "type": "string",
      "label": "linkedTaskKey"
    },
    {
      "name": "assigneeSelf",
      "type": "string",
      "label": "assigneeSelf"
    },
    {
      "name": "assigneeActive",
      "type": "bool",
      "label": "assigneeActive"
    },
    {
      "name": "fixVersionName",
      "type": "string",
      "label": "fixVersionName"
    },
    {
      "name": "linkedBugId",
      "type": "string",
      "label": "linkedBugId"
    },
    {
      "name": "linkedEpicId",
      "type": "string",
      "label": "linkedEpicId"
    },
    {
      "name": "resolutionDescription",
      "type": "string",
      "label": "resolutionDescription"
    },
    {
      "name": "assigneeTimeZone",
      "type": "string",
      "label": "assigneeTimeZone"
    },
    {
      "name": "testType",
      "type": "string",
      "label": "testType"
    },
    {
      "name": "linkedEpicKey",
      "type": "string",
      "label": "linkedEpicKey"
    },
    {
      "name": "resolutionName",
      "type": "string",
      "label": "resolutionName"
    },
    {
      "name": "assigneeAvatarUrls",
      "type": "object",
      "label": "assigneeAvatarUrls"
    },
    {
      "name": "assigneeDisplayName",
      "type": "string",
      "label": "assigneeDisplayName"
    },
    {
      "name": "versionsName",
      "type": "string",
      "label": "versionsName"
    },
    {
      "name": "linkedTaskId",
      "type": "string",
      "label": "linkedTaskId"
    },
    {
      "name": "fixVersionReleaseDate",
      "type": "date",
      "label": "fixVersionReleaseDate"
    }
  ],
  "lastModifiedUser": "sample@cts.com",
  "lastModifiedDate": {
    "$date": {
      "$numberLong": "1682329704225"
    }
  },
  "_class": "com.cognizant.ciqdashboardapi.models.CIQDashboardDataSource"
},{
  "_id": {
    "$oid": "643ce2f8d213626388701e71"
  },
  "name": "Rally",
  "group": "Execution",
  "collectionName": "source_rally_Executions",
  "description": "",
  "toolName": "Rally",
  "image": "",
  "imageType": "image",
  "fields": [
    {
      "name": "projectName",
      "type": "string",
      "label": "projectName"
    },
    {
      "name": "testCase",
      "type": "object",
      "label": "testCase"
    },
    {
      "name": "workspaceName",
      "type": "string",
      "label": "workspaceName"
    },
    {
      "name": "verdict",
      "type": "string",
      "label": "verdict"
    },
    {
      "name": "creationDate",
      "type": "date",
      "label": "creationDate"
    },
    {
      "name": "ref",
      "type": "string",
      "label": "REFERENCE"
    },
    {
      "name": "attachments",
      "type": "int",
      "label": "attachments"
    },
    {
      "name": "executionDate",
      "type": "date",
      "label": "executionDate"
    },
    {
      "name": "tester",
      "type": "string",
      "label": "tester"
    },
    {
      "name": "build",
      "type": "string",
      "label": "build"
    }
  ],
  "createdUser": "sample@cts.com",
  "createdDate": {
    "$date": {
      "$numberLong": "1681711864055"
    }
  },
  "lastModifiedUser": "sample@cts.com",
  "lastModifiedDate": {
    "$date": {
      "$numberLong": "1681711864055"
    }
  },
  "_class": "com.cognizant.ciqdashboardapi.models.CIQDashboardDataSource"
},{
  "_id": {
    "$oid": "64462e8391b2e4043d2c1720"
  },
  "name": "Metrics",
  "group": "metrics",
  "collectionName": "source_metrics",
  "description": "",
  "toolName": "Metrics",
  "image": "",
  "imageType": "image",
  "fields": [
    {
      "name": "pageName",
      "type": "string",
      "label": "pageName"
    },
    {
      "name": "itemId",
      "type": "string",
      "label": "itemId"
    },
    {
      "name": "lobId",
      "type": "string",
      "label": "lobId"
    },
    {
      "name": "metricName",
      "type": "string",
      "label": "metricName"
    },
    {
      "name": "orgId",
      "type": "string",
      "label": "orgId"
    },
    {
      "name": "dashboardName",
      "type": "string",
      "label": "dashboardName"
    },
    {
      "name": "lastCalculatedDate",
      "type": "date",
      "label": "lastCalculatedDate"
    },
    {
      "name": "toolType",
      "type": "string",
      "label": "toolType"
    },
    {
      "name": "metricValue",
      "type": "int",
      "label": "metricValue"
    },
    {
      "name": "projectName",
      "type": "string",
      "label": "projectName"
    }
  ],
  "lastModifiedUser": "sample@cts.com",
  "lastModifiedDate": {
    "$date": {
      "$numberLong": "1682343994027"
    }
  },
  "_class": "com.cognizant.ciqdashboardapi.models.CIQDashboardDataSource"
},{
  "_id": {
    "$oid": "6461d277150f1f10a60e3574"
  },
  "name": "Jenkins",
  "group": "JenkinsBuild",
  "collectionName": "source_jenkinsbuild",
  "description": "Jenkins",
  "toolName": "Jenkins",
  "image": "",
  "imageType": "image",
  "fields": [
    {
      "name": "keepLog",
      "type": "bool",
      "label": "keepLog"
    },
    {
      "name": "displayName",
      "type": "string",
      "label": "displayName"
    },
    {
      "name": "duration",
      "type": "int",
      "label": "duration"
    },
    {
      "name": "buildStartTime",
      "type": "date",
      "label": "buildStartTime"
    },
    {
      "name": "jobName",
      "type": "string",
      "label": "jobName"
    },
    {
      "name": "queueId",
      "type": "int",
      "label": "queueId"
    },
    {
      "name": "result",
      "type": "string",
      "label": "result"
    },
    {
      "name": "number",
      "type": "int",
      "label": "number"
    },
    {
      "name": "buildId",
      "type": "string",
      "label": "buildId"
    },
    {
      "name": "buildEndTime",
      "type": "date",
      "label": "buildEndTime"
    },
    {
      "name": "url",
      "type": "string",
      "label": "url"
    },
    {
      "name": "culprits",
      "type": "array",
      "label": "culprits"
    },
    {
      "name": "description",
      "type": "string",
      "label": "description"
    },
    {
      "name": "timestamp",
      "type": "long",
      "label": "timestamp"
    },
    {
      "name": "building",
      "type": "bool",
      "label": "building"
    },
    {
      "name": "estimatedDuration",
      "type": "int",
      "label": "estimatedDuration"
    },
    {
      "name": "jobDescription",
      "type": "string",
      "label": "jobDescription"
    },
    {
      "name": "jobURL",
      "type": "string",
      "label": "jobURL"
    },
    {
      "name": "jobFullName",
      "type": "string",
      "label": "jobFullName"
    },
    {
      "name": "fullDisplayName",
      "type": "string",
      "label": "fullDisplayName"
    }
  ],
  "createdUser": "sample@cts.com",
  "createdDate": {
    "$date": {
      "$numberLong": "1684132471031"
    }
  },
  "lastModifiedUser": "sample@cts.com",
  "lastModifiedDate": {
    "$date": {
      "$numberLong": "1684132471031"
    }
  },
  "_class": "com.cognizant.ciqdashboardapi.models.CIQDashboardDataSource"
}]