[{
  "_id": {
    "$oid": "643cdec9d213626388701e6b"
  },
  "lobName": "TechCOE",
  "lobDescription": "LOB",
  "orgId": "643cdeb6d213626388701e6a",
  "createdUser": "sample@cts.com",
  "createdDate": {
    "$date": {
      "$numberLong": "1681710793932"
    }
  },
  "lastModifiedUser": "sample@cts.com",
  "lastModifiedDate": {
    "$date": {
      "$numberLong": "1681710793932"
    }
  },
  "_class": "com.cognizant.ciqdashboardapi.models.LOB"
},{
  "_id": {
    "$oid": "64491fce9aa1697a53bef583"
  },
  "lobName": "FusionCharts",
  "lobDescription": "",
  "orgId": "643cdeb6d213626388701e6a",
  "createdUser": "sample@cts.com",
  "createdDate": {
    "$date": {
      "$numberLong": "1682513870426"
    }
  },
  "lastModifiedUser": "sample@cts.com",
  "lastModifiedDate": {
    "$date": {
      "$numberLong": "1682513870426"
    }
  },
  "_class": "com.cognizant.ciqdashboardapi.models.LOB"
},{
  "_id": {
    "$oid": "644b74fd9aa1697a53bef5bf"
  },
  "lobName": "QEA",
  "lobDescription": "LOB",
  "orgId": "644b74bb9aa1697a53bef5be",
  "createdUser": "sample@cts.com",
  "createdDate": {
    "$date": {
      "$numberLong": "1682666749742"
    }
  },
  "lastModifiedUser": "sample@cts.com",
  "lastModifiedDate": {
    "$date": {
      "$numberLong": "1682666749742"
    }
  },
  "_class": "com.cognizant.ciqdashboardapi.models.LOB"
}]