[{
  "_id": {
    "$oid": "644627bf91b2e4043d2c171c"
  },
  "name": "Jira_Sample",
  "description": "",
  "lobId": "643cdec9d213626388701e6b",
  "orgId": "643cdeb6d213626388701e6a",
  "sourceTools": [
    {
      "toolName": "JIRA",
      "projectNames": [
        "Sample"
      ]
    }
  ],
  "createdUser": "sample@cts.com",
  "createdDate": {
    "$date": {
      "$numberLong": "1682319295937"
    }
  },
  "lastModifiedUser": "sample@cts.com",
  "lastModifiedDate": {
    "$date": {
      "$numberLong": "1682319295937"
    }
  },
  "_class": "com.cognizant.ciqdashboardapi.models.CIQDashboardProject"
},{
  "_id": {
    "$oid": "6447b263b582155b837a71b4"
  },
  "name": "Demo",
  "description": "Demo Testing",
  "lobId": "643cdec9d213626388701e6b",
  "orgId": "643cdeb6d213626388701e6a",
  "sourceTools": [
    {
      "toolName": "JIRA",
      "projectNames": [
        "Sample"
      ]
    }
  ],
  "createdUser": "sample@cts.com",
  "createdDate": {
    "$date": {
      "$numberLong": "1682420323822"
    }
  },
  "lastModifiedUser": "sample@cts.com",
  "lastModifiedDate": {
    "$date": {
      "$numberLong": "1682420323822"
    }
  },
  "_class": "com.cognizant.ciqdashboardapi.models.CIQDashboardProject"
},{
  "_id": {
    "$oid": "6447cdadb582155b837a71c2"
  },
  "name": "Sample",
  "description": "Sample Project",
  "lobId": "643cdec9d213626388701e6b",
  "orgId": "643cdeb6d213626388701e6a",
  "sourceTools": [
    {
      "toolName": "JIRA",
      "projectNames": [
        "Sample"
      ]
    }
  ],
  "createdUser": "sample@cts.com",
  "createdDate": {
    "$date": {
      "$numberLong": "1682427309651"
    }
  },
  "lastModifiedUser": "sample@cts.com",
  "lastModifiedDate": {
    "$date": {
      "$numberLong": "1682427309651"
    }
  },
  "_class": "com.cognizant.ciqdashboardapi.models.CIQDashboardProject"
},{
  "_id": {
    "$oid": "6448cc20b582155b837a71d6"
  },
  "name": "TestinWIthTrend",
  "description": "TestinWIthTrend",
  "lobId": "643cdec9d213626388701e6b",
  "orgId": "643cdeb6d213626388701e6a",
  "sourceTools": [
    {
      "toolName": "JIRA",
      "projectNames": [
        "Academy",
        "MakeMyTrip",
        "Sample"
      ]
    }
  ],
  "createdUser": "sample@cts.com",
  "createdDate": {
    "$date": {
      "$numberLong": "1682492448441"
    }
  },
  "lastModifiedUser": "sample@cts.com",
  "lastModifiedDate": {
    "$date": {
      "$numberLong": "1682492448441"
    }
  },
  "_class": "com.cognizant.ciqdashboardapi.models.CIQDashboardProject"
},{
  "_id": {
    "$oid": "64491ffc9aa1697a53bef584"
  },
  "name": "Academy",
  "description": "",
  "lobId": "64491fce9aa1697a53bef583",
  "orgId": "643cdeb6d213626388701e6a",
  "sourceTools": [
    {
      "toolName": "JIRA",
      "projectNames": [
        "Academy"
      ]
    }
  ],
  "createdUser": "sample@cts.com",
  "createdDate": {
    "$date": {
      "$numberLong": "1682513916555"
    }
  },
  "lastModifiedUser": "sample@cts.com",
  "lastModifiedDate": {
    "$date": {
      "$numberLong": "1682513916555"
    }
  },
  "_class": "com.cognizant.ciqdashboardapi.models.CIQDashboardProject"
},{
  "_id": {
    "$oid": "644920199aa1697a53bef585"
  },
  "name": "MakeMyTrip",
  "description": "",
  "lobId": "64491fce9aa1697a53bef583",
  "orgId": "643cdeb6d213626388701e6a",
  "sourceTools": [
    {
      "toolName": "JIRA",
      "projectNames": [
        "MakeMyTrip"
      ]
    }
  ],
  "createdUser": "sample@cts.com",
  "createdDate": {
    "$date": {
      "$numberLong": "1682513945965"
    }
  },
  "lastModifiedUser": "sample@cts.com",
  "lastModifiedDate": {
    "$date": {
      "$numberLong": "1682513945965"
    }
  },
  "_class": "com.cognizant.ciqdashboardapi.models.CIQDashboardProject"
},{
  "_id": {
    "$oid": "6449203b9aa1697a53bef586"
  },
  "name": "Sample2",
  "description": "",
  "lobId": "64491fce9aa1697a53bef583",
  "orgId": "643cdeb6d213626388701e6a",
  "sourceTools": [
    {
      "toolName": "JIRA",
      "projectNames": [
        "Sample"
      ]
    }
  ],
  "createdUser": "sample@cts.com",
  "createdDate": {
    "$date": {
      "$numberLong": "1682513979570"
    }
  },
  "lastModifiedUser": "sample@cts.com",
  "lastModifiedDate": {
    "$date": {
      "$numberLong": "1682513979570"
    }
  },
  "_class": "com.cognizant.ciqdashboardapi.models.CIQDashboardProject"
},{
  "_id": {
    "$oid": "644b75769aa1697a53bef5c0"
  },
  "name": "Academy1",
  "description": "Sample Project",
  "lobId": "644b74fd9aa1697a53bef5bf",
  "orgId": "644b74bb9aa1697a53bef5be",
  "sourceTools": [
    {
      "toolName": "JIRA",
      "projectNames": [
        "Academy"
      ]
    }
  ],
  "createdUser": "sample@cts.com",
  "createdDate": {
    "$date": {
      "$numberLong": "1682666870437"
    }
  },
  "lastModifiedUser": "sample@cts.com",
  "lastModifiedDate": {
    "$date": {
      "$numberLong": "1682666870437"
    }
  },
  "_class": "com.cognizant.ciqdashboardapi.models.CIQDashboardProject"
}]