[{
  "_id": {
    "$oid": "6332892da49984870a6ddca7"
  },
  "name": "Bugs_Template",
  "category": "PRJ",
  "active": false,
  "openAccess": false,
  "pages": [
    {
      "name": "Bugs_Page",
      "gridConfig": {
        "rows": 8,
        "columns": 8,
        "margin": 0
      },
      "active": true,
      "items": [
        {
          "_id": {
            "$oid": "6331869cae3a811597024ed0"
          },
          "type": "card-chart",
          "itemGroup": "datachart",
          "options": {
            "title": "Defect Rejection Rate",
            "colors": "#D76973,#5B36C4,#C4AB36,#4B573F,#C44C36,#36C484,#BD572F,#C47036,#36C4A7,#C43667,#4B505B,#366DC4,#4F4E73,#369AC4,#69D791,#C48836,#B282DD,#573345,#C49236,#3D2B57,#573B30,#7F36C4,#C7BC97,#D0505B,#C95837,#57332C,#4E3C25,#364AC4,#C46536,#2A69E6,#C38849,#D06250,#47C99E,#313A57,#82DDA3,#DE5076,#C43668,#C43644,#A369D7,#91949C,#C44136,#36C4C0,#365EC4,#36BDC4,#63CC98",
            "animations": null,
            "innerPadding": null,
            "cardColor": null,
            "textColor": null
          },
          "rows": 2,
          "cols": 2,
          "x": 0,
          "y": 0,
          "filters": [],
          "metricName": "JIRA_Bug_RejectionRate",
          "metricCategory": "derived"
        },
        {
          "_id": {
            "$oid": "63315bbeae3a811597024ec9"
          },
          "type": "card-chart",
          "itemGroup": "datachart",
          "options": {
            "title": "Defect Reopened Rate",
            "colors": "#D06250,#C47036,#364AC4,#366DC4,#63CC98,#573B30,#C7BC97,#B282DD,#4B505B,#C44C36,#36C4C0,#C95837,#365EC4,#82DDA3,#C38849,#36C484,#36BDC4,#C43668,#A369D7,#5B36C4,#69D791,#2A69E6,#36C4A7,#7F36C4,#C49236,#C46536,#47C99E,#57332C,#DE5076,#91949C,#4F4E73,#C44136,#C43667,#C4AB36,#BD572F,#573345,#D0505B,#369AC4,#C48836,#313A57,#D76973,#4B573F,#C43644,#4E3C25,#3D2B57",
            "animations": null,
            "innerPadding": null,
            "cardColor": null,
            "textColor": null
          },
          "rows": 2,
          "cols": 2,
          "x": 2,
          "y": 0,
          "filters": [],
          "metricName": "JIRA_Bug_ReopenedRate",
          "metricCategory": "derived"
        },
        {
          "_id": {
            "$oid": "63316e45ae3a811597024ecc"
          },
          "type": "card-chart",
          "itemGroup": "datachart",
          "options": {
            "title": "Defect Leakage",
            "colors": "#C48836,#D0505B,#82DDA3,#4B573F,#D76973,#36C484,#366DC4,#47C99E,#4E3C25,#36BDC4,#5B36C4,#C44C36,#C47036,#C7BC97,#DE5076,#B282DD,#3D2B57,#A369D7,#36C4C0,#4F4E73,#369AC4,#57332C,#C38849,#C43668,#364AC4,#36C4A7,#C46536,#69D791,#63CC98,#C49236,#C43667,#BD572F,#C43644,#2A69E6,#313A57,#91949C,#C4AB36,#4B505B,#D06250,#573345,#7F36C4,#C95837,#C44136,#365EC4,#573B30",
            "animations": null,
            "innerPadding": null,
            "cardColor": null,
            "textColor": null
          },
          "rows": 2,
          "cols": 2,
          "x": 4,
          "y": 0,
          "filters": [],
          "metricName": "JIRA_Bug_Leakage",
          "metricCategory": "derived"
        },
        {
          "_id": {
            "$oid": "63317238ae3a811597024ece"
          },
          "type": "card-chart",
          "itemGroup": "datachart",
          "options": {
            "title": "Quality of Fixes",
            "dateSeries--disabled": true,
            "colors": "#369AC4,#364AC4,#C4AB36,#82DDA3,#63CC98,#4E3C25,#BD572F,#C44C36,#47C99E,#5B36C4,#4B505B,#C43668,#C44136,#3D2B57,#2A69E6,#C7BC97,#D06250,#C49236,#C43667,#C46536,#36BDC4,#313A57,#A369D7,#4B573F,#69D791,#57332C,#C43644,#C48836,#B282DD,#4F4E73,#573B30,#D76973,#366DC4,#C47036,#573345,#7F36C4,#365EC4,#91949C,#36C4A7,#D0505B,#C95837,#DE5076,#36C4C0,#C38849,#36C484",
            "animations": null,
            "innerPadding": null,
            "cardColor": null,
            "textColor": null
          },
          "rows": 2,
          "cols": 2,
          "x": 6,
          "y": 0,
          "filters": [],
          "metricName": "JIRA_Bug_QualityOfFixes",
          "metricCategory": "derived"
        },
        {
          "_id": {
            "$oid": "6311ba7d3960062fd7775ad9"
          },
          "description": "Defect By Status",
          "type": "pie-chart-advanced",
          "itemGroup": "datachart",
          "options": {
            "title": "Defects By Status",
            "colors": "#4F4E73,#C95837,#63CC98,#A369D7,#82DDA3,#C49236,#4B573F,#36BDC4,#313A57,#C43668,#C7BC97,#D76973,#C44136,#D06250,#7F36C4,#C46536,#365EC4,#36C4A7,#364AC4,#B282DD,#C47036,#47C99E,#69D791,#36C484,#2A69E6,#57332C,#369AC4,#366DC4,#573B30,#DE5076,#C44C36,#3D2B57,#C43667,#36C4C0,#C43644,#C48836,#C4AB36,#C38849,#91949C,#5B36C4,#4B505B,#D0505B",
            "gradient": false,
            "animations": true,
            "dateSeries--disabled": true,
            "tooltipDisabled": null,
            "label": null
          },
          "rows": 2,
          "cols": 4,
          "x": 0,
          "y": 2,
          "filters": [
            {
              "name": "myFilter",
              "logicalOperator": "AND",
              "configs": [
                {
                  "field": "issueTypeName",
                  "op": "matches",
                  "value": "Bug",
                  "maxValue": ""
                }
              ],
              "active": true
            }
          ],
          "metricName": "Jira_Defect_QualityOfFixes",
          "metricCategory": "raw-data"
        },
        {
          "_id": {
            "$oid": "6310496b3960062fd7775ad7"
          },
          "description": "Defects by Severity - Bar chart",
          "type": "bar-chart-horizontal",
          "itemGroup": "datachart",
          "options": {
            "title": "Defects by Priority",
            "colors": "#365EC4,#366DC4,#63CC98,#573345,#C38849,#C7BC97,#C46536,#91949C,#DE5076,#C48836,#7F36C4,#573B30,#D06250,#57332C,#C49236,#69D791,#4E3C25,#D76973,#C43667,#47C99E,#BD572F,#C43668,#C43644,#4B573F,#C44136,#364AC4,#C4AB36,#A369D7,#36C4A7,#5B36C4,#82DDA3,#4B505B,#369AC4,#36BDC4,#C44C36,#D0505B,#36C484,#B282DD,#313A57,#C47036,#3D2B57,#4F4E73,#2A69E6,#C95837,#36C4C0",
            "gradient": true,
            "xAxis": true,
            "yAxis": true,
            "legend": false,
            "legendPositionDown": false,
            "showXAxisLabel": true,
            "showYAxisLabel": true,
            "xAxisLabel": "Count of Defects",
            "yAxisLabel": "Priority",
            "xScaleMin": "",
            "roundDomains": true,
            "animations": true,
            "showGridLines": true,
            "trimXAxisTicks": false,
            "noBarWhenZero": true,
            "showDataLabel": true,
            "dateSeries--disabled": true,
            "dateSeries": null,
            "dateFormat": null,
            "dateGroup": null,
            "cumulative": null,
            "xScaleMax": null,
            "legendTitle": null,
            "tooltipDisabled": null,
            "maxXAxisTickLength": null,
            "trimYAxisTicks": null,
            "maxYAxisTickLength": null,
            "rotateXAxisTicks": null,
            "barPadding": null,
            "roundEdges": null
          },
          "rows": 2,
          "cols": 4,
          "x": 4,
          "y": 2,
          "filters": [
            {
              "name": "myFilter",
              "logicalOperator": "AND",
              "configs": [
                {
                  "field": "issueTypeName",
                  "op": "matches",
                  "value": "Bug",
                  "maxValue": ""
                }
              ],
              "active": true
            }
          ],
          "metricName": "Jira_Defect_QualityOfFixes",
          "metricCategory": "raw-data"
        }
      ]
    }
  ],
  "createdUser": "inti.sandeep@cognizant.com",
  "createdDate": {
    "$date": {
      "$numberLong": "1664191928353"
    }
  },
  "lastModifiedUser": "inti.sandeep@cognizant.com",
  "lastModifiedDate": {
    "$date": {
      "$numberLong": "1664256068998"
    }
  },
  "_class": "com.cognizant.ciqdashboardapi.models.CIQDashboard"
}]