[{
  "_id": {
    "$oid": "64475cf80613d3ccfc677171"
  },
  "metricName": "JIRA_Bug_DoneRate",
  "category": "Defects",
  "calculationType": "percentage",
  "toolType": "Jira",
  "trending": "No",
  "trendBy": "Days",
  "trendingField": "created",
  "trendCount": 5,
  "grouping": "No",
  "groupBy": "priority",
  "groupValue": "All",
  "formula": "(totalDoneBugs * 100)/totalBugs",
  "formulaParams": {
    "totalDoneBugs": {
      "countAnd": {
        "statusName": "Done",
        "issueTypeName": "Bug"
      }
    },
    "totalBugs": {
      "countAnd": {
        "issueTypeName": "Bug"
      }
    }
  },
  "_class": "com.cts.idashboard.services.metricservice.data.MetricConfig"
},{
  "_id": {
    "$oid": "64475e000613d3ccfc6776bb"
  },
  "metricName": "JIRA_Bug_DoneRate_GroupByPriority",
  "category": "Defects",
  "calculationType": "percentage",
  "toolType": "Jira",
  "trending": "No",
  "trendBy": "",
  "trendingField": "",
  "trendCount": 0,
  "grouping": "Yes",
  "groupBy": "priority",
  "groupValue": "All",
  "formula": "(totalDoneBugs * 100)/totalBugs",
  "formulaParams": {
    "totalDoneBugs": {
      "countAnd": {
        "statusName": "Done",
        "issueTypeName": "Bug"
      }
    },
    "totalBugs": {
      "count": {
        "issueTypeName": "Bug"
      }
    }
  },
  "_class": "com.cts.idashboard.services.metricservice.data.MetricConfig"
},{
  "_id": {
    "$oid": "64475eeb0613d3ccfc677cbc"
  },
  "metricName": "JIRA_Bug_DoneRate_Trend",
  "category": "Defects",
  "calculationType": "percentage",
  "toolType": "Jira",
  "trending": "Yes",
  "trendBy": "created",
  "trendingField": "Days",
  "trendCount": 10,
  "grouping": "No",
  "groupBy": "priority",
  "groupValue": "All",
  "formula": "(totalDoneBugs * 100)/totalBugs",
  "formulaParams": {
    "totalDoneBugs": {
      "countAnd": {
        "statusName": "Done",
        "issueTypeName": "Bug"
      }
    },
    "totalBugs": {
      "count": {
        "issueTypeName": "Bug"
      }
    }
  },
  "dataSource": "Jira",
  "_class": "com.cts.idashboard.services.metricservice.data.MetricConfig"
},{
  "_id": {
    "$oid": "644a33ef0613d3ccfc712cc3"
  },
  "metricName": "JIRA_CountAnd",
  "category": "Defects",
  "calculationType": "percentage",
  "toolType": "Jira",
  "trending": "No",
  "trendBy": "Days",
  "trendingField": "created",
  "trendCount": 5,
  "grouping": "No",
  "groupBy": "priority",
  "groupValue": "All",
  "formula": "totalDoneBugs",
  "formulaParams": {
    "totalDoneBugs": {
      "countAnd": {
        "statusName": "Done",
        "issueTypeName": "Bug"
      }
    }
  },
  "_class": "com.cts.idashboard.services.metricservice.data.MetricConfig"
},{
  "_id": {
    "$oid": "644a363f0613d3ccfc713328"
  },
  "metricName": "JIRA_Count",
  "category": "Defects",
  "calculationType": "percentage",
  "toolType": "Jira",
  "trending": "No",
  "trendBy": "Days",
  "trendingField": "created",
  "trendCount": 5,
  "grouping": "No",
  "groupBy": "priority",
  "groupValue": "All",
  "formula": "totalBugs",
  "formulaParams": {
    "totalBugs": {
      "count": {}
    }
  },
  "_class": "com.cts.idashboard.services.metricservice.data.MetricConfig"
},{
  "_id": {
    "$oid": "644a3c560613d3ccfc7147d0"
  },
  "metricName": "JIRA_Sum",
  "category": "Defects",
  "calculationType": "percentage",
  "toolType": "Jira",
  "trending": "No",
  "trendBy": "Days",
  "trendingField": "created",
  "trendCount": 5,
  "grouping": "No",
  "groupBy": "priority",
  "groupValue": "All",
  "formula": "totalBugs",
  "formulaParams": {
    "totalBugs": {
      "sum": {
        "sum_field": "statusCategoryId"
      }
    }
  },
  "_class": "com.cts.idashboard.services.metricservice.data.MetricConfig"
},{
  "_id": {
    "$oid": "644a44770613d3ccfc717be0"
  },
  "metricName": "JIRA_SumAnd",
  "category": "Defects",
  "calculationType": "percentage",
  "toolType": "Jira",
  "trending": "No",
  "trendBy": "Days",
  "trendingField": "created",
  "trendCount": 5,
  "grouping": "No",
  "groupBy": "priority",
  "groupValue": "All",
  "formula": "totalBugs",
  "formulaParams": {
    "totalBugs": {
      "sumAnd": {
        "sum_field": "statusCategoryId",
        "priorityId": "1"
      }
    }
  },
  "_class": "com.cts.idashboard.services.metricservice.data.MetricConfig"
},{
  "_id": {
    "$oid": "644a497d0613d3ccfc71a33e"
  },
  "metricName": "JIRA_avgAnd",
  "category": "Defects",
  "calculationType": "percentage",
  "toolType": "Jira",
  "trending": "No",
  "trendBy": "Days",
  "trendingField": "created",
  "trendCount": 5,
  "grouping": "No",
  "groupBy": "priority",
  "groupValue": "All",
  "formula": "totalBugs",
  "formulaParams": {
    "totalBugs": {
      "avgAnd": {
        "avg_field": "statusCategoryId",
        "priorityId": "1"
      }
    }
  },
  "_class": "com.cts.idashboard.services.metricservice.data.MetricConfig"
},{
  "_id": {
    "$oid": "644a4a5a0613d3ccfc71a816"
  },
  "metricName": "JIRA_Avg",
  "category": "Defects",
  "calculationType": "percentage",
  "toolType": "Jira",
  "trending": "No",
  "trendBy": "Days",
  "trendingField": "created",
  "trendCount": 8,
  "grouping": "No",
  "groupBy": "priority",
  "groupValue": "All",
  "formula": "totalBugs",
  "formulaParams": {
    "totalBugs": {
      "avg": {
        "avg_field": "statusCategoryId"
      }
    }
  },
  "_class": "com.cts.idashboard.services.metricservice.data.MetricConfig"
},{
  "_id": {
    "$oid": "644a4b330613d3ccfc71aebd"
  },
  "metricName": "JIRA_Max",
  "category": "Defects",
  "calculationType": "percentage",
  "toolType": "Jira",
  "trending": "No",
  "trendBy": "Days",
  "trendingField": "created",
  "trendCount": 5,
  "grouping": "No",
  "groupBy": "priority",
  "groupValue": "All",
  "formula": "totalBugs",
  "formulaParams": {
    "totalBugs": {
      "max": {
        "max_field": "statusCategoryId"
      }
    }
  },
  "_class": "com.cts.idashboard.services.metricservice.data.MetricConfig"
},{
  "_id": {
    "$oid": "644a4c200613d3ccfc71b5b4"
  },
  "metricName": "JIRA_maxAnd",
  "category": "Defects",
  "calculationType": "percentage",
  "toolType": "Jira",
  "trending": "No",
  "trendBy": "Days",
  "trendingField": "created",
  "trendCount": 5,
  "grouping": "No",
  "groupBy": "priority",
  "groupValue": "All",
  "formula": "totalBugs",
  "formulaParams": {
    "totalBugs": {
      "maxAnd": {
        "max_field": "statusCategoryId",
        "priorityId": "2"
      }
    }
  },
  "_class": "com.cts.idashboard.services.metricservice.data.MetricConfig"
},{
  "_id": {
    "$oid": "644a4cda0613d3ccfc71bbac"
  },
  "metricName": "JIRA_min",
  "category": "Defects",
  "calculationType": "percentage",
  "toolType": "Jira",
  "trending": "No",
  "trendBy": "Days",
  "trendingField": "created",
  "trendCount": 5,
  "grouping": "No",
  "groupBy": "priority",
  "groupValue": "All",
  "formula": "totalBugs",
  "formulaParams": {
    "totalBugs": {
      "min": {
        "min_field": "statusCategoryId"
      }
    }
  },
  "_class": "com.cts.idashboard.services.metricservice.data.MetricConfig"
},{
  "_id": {
    "$oid": "644a4d010613d3ccfc71bc2a"
  },
  "metricName": "JIRA_minAnd",
  "category": "Defects",
  "calculationType": "percentage",
  "toolType": "Jira",
  "trending": "No",
  "trendBy": "Days",
  "trendingField": "created",
  "trendCount": 5,
  "grouping": "No",
  "groupBy": "priority",
  "groupValue": "All",
  "formula": "totalBugs",
  "formulaParams": {
    "totalBugs": {
      "minAnd": {
        "min_field": "statusCategoryId",
        "priorityId": "2"
      }
    }
  },
  "_class": "com.cts.idashboard.services.metricservice.data.MetricConfig"
},{
  "_id": {
    "$oid": "645b3b400613d3ccfca08d5f"
  },
  "metricName": "sumISODiff",
  "category": "Defects",
  "calculationType": "percentage",
  "toolType": "Jira",
  "trending": "No",
  "trendBy": "Days",
  "trendingField": "created",
  "trendCount": 5,
  "grouping": "No",
  "groupBy": "priority",
  "groupValue": "All",
  "formula": "totalBugs",
  "formulaParams": {
    "totalBugs": {
      "sumISODiff": {
        "start": "created",
        "end": "updated"
      }
    }
  },
  "_class": "com.cts.idashboard.services.metricservice.data.MetricConfig"
},{
  "_id": {
    "$oid": "645b40e40613d3ccfca0a1a0"
  },
  "metricName": "Jira_sumISO",
  "category": "Defects",
  "calculationType": "percentage",
  "toolType": "Jira",
  "trending": "No",
  "trendBy": "Days",
  "trendingField": "created",
  "trendCount": 5,
  "grouping": "No",
  "groupBy": "priority",
  "groupValue": "All",
  "formula": "totalBugs",
  "formulaParams": {
    "totalBugs": {
      "sumISO": {
        "sum_field": "issueTypeAvatarId"
      }
    }
  },
  "_class": "com.cts.idashboard.services.metricservice.data.MetricConfig"
},{
  "_id": {
    "$oid": "645b42220613d3ccfca0b11c"
  },
  "metricName": "Jira_sumISOAnd",
  "category": "Defects",
  "calculationType": "percentage",
  "toolType": "Jira",
  "trending": "No",
  "trendBy": "Days",
  "trendingField": "created",
  "trendCount": 5,
  "grouping": "No",
  "groupBy": "priority",
  "groupValue": "All",
  "formula": "totalBugs",
  "formulaParams": {
    "totalBugs": {
      "sumISOAnd": {
        "sum_field": "issueTypeAvatarId",
        "priorityId": "1"
      }
    }
  },
  "_class": "com.cts.idashboard.services.metricservice.data.MetricConfig"
},{
  "_id": {
    "$oid": "645b49640613d3ccfca0d920"
  },
  "metricName": "Jira_sumISODiffAnd",
  "category": "Defects",
  "calculationType": "percentage",
  "toolType": "Jira",
  "trending": "No",
  "trendBy": "Days",
  "trendingField": "created",
  "trendCount": 5,
  "grouping": "No",
  "groupBy": "priority",
  "groupValue": "All",
  "formula": "totalBugs",
  "formulaParams": {
    "totalBugs": {
      "sumISODiffAnd": {
        "start": "created",
        "end": "updated",
        "priorityId": "1"
      }
    }
  },
  "_class": "com.cts.idashboard.services.metricservice.data.MetricConfig"
}]