[{
  "_id": {
    "$oid": "63104b53867e6852770907b7"
  },
  "lastUpdatedDate": {
    "$date": {
      "$numberLong": "1662012243454"
    }
  },
  "desc": "Jira Scheduler last updated time",
  "toolName": "Jira",
  "_class": "com.cognizant.collector.jira.beans.core.CollectorSchedulerRuns"
},{
  "_id": {
    "$oid": "634907b8d2a64d598dfb9145"
  },
  "lastUpdatedDate": {
    "$date": {
      "$numberLong": "1662012243454"
    }
  },
  "desc": "ALM Scheduler last updated time",
  "toolName": "ALM",
  "_class": "com.cognizant.collector.jira.beans.core.CollectorSchedulerRuns"
}]