[{
  "_id": {
    "$oid": "643cd2460613d3ccfc496c8b"
  },
  "toolName": "JIRA",
  "sourceData": "JiraIssue",
  "projectField": "projectName"
},{
  "_id": {
    "$oid": "645a339f0613d3ccfc9e0eda"
  },
  "toolName": "XRAY",
  "sourceData": "SourceXrayTests",
  "projectField": "projectName"
},{
  "_id": {
    "$oid": "645b746b0613d3ccfca1683c"
  },
  "toolName": "ALM",
  "sourceData": "SourceAlmAssets",
  "projectField": "projectName"
},{
  "_id": {
    "$oid": "645b74a30613d3ccfca168c5"
  },
  "toolName": "Zephyr",
  "sourceData": "SourceZephyrData",
  "projectField": "projectName"
},{
  "_id": {
    "$oid": "645b74d20613d3ccfca16942"
  },
  "toolName": "RALLY",
  "sourceData": "SourceRallyData",
  "projectField": "projectName"
},{
  "_id": {
    "$oid": "645b75150613d3ccfca169ef"
  },
  "toolName": "Service",
  "sourceData": "SourceServiceNowIncidents",
  "projectField": "projectName"
},{
  "_id": {
    "$oid": "645b75400613d3ccfca16a5e"
  },
  "toolName": "Bots",
  "sourceData": "SourceBotsDefects",
  "projectField": "projectName"
},{
  "_id": {
    "$oid": "645b75760613d3ccfca16ae3"
  },
  "toolName": "Jenkins",
  "sourceData": "SourceJenkinsBuild",
  "projectField": "jobName"
}]