[{
  "_id": {
    "$oid": "64475d48b30aca6afcae33d8"
  },
  "toolType": "Jira",
  "metricName": "JIRA_Bug_DoneRate",
  "metricValue": 33,
  "projectName": "Jira_Sample",
  "dashboardName": "MetricDashboard",
  "pageName": "metrics",
  "itemId": "64475d2f91b2e4043d2c1730",
  "grouping": "No",
  "groupBy": "priority",
  "groupValue": "All",
  "lastCalculatedDate": {
    "$date": {
      "$numberLong": "1684130621184"
    }
  },
  "trending": "Yes",
  "trendBy": "Days",
  "trendingField": "created",
  "trendCount": 5,
  "metricValues": [],
  "_class": "com.cts.idashboard.services.metricservice.data.MetricResults"
},{
  "_id": {
    "$oid": "64475e4fb30aca6afcae33d9"
  },
  "toolType": "Jira",
  "metricName": "JIRA_Bug_DoneRate_GroupByPriority",
  "metricValue": 0,
  "projectName": "Jira_Sample",
  "dashboardName": "MetricDashboard",
  "pageName": "metrics",
  "itemId": "64475e4a91b2e4043d2c1731",
  "grouping": "Yes",
  "groupBy": "priority",
  "groupValue": "All",
  "lastCalculatedDate": {
    "$date": {
      "$numberLong": "1684130621305"
    }
  },
  "trending": "No",
  "trendBy": "",
  "trendingField": "",
  "trendCount": 0,
  "metricValues": [
    {
      "result": 12,
      "groupName": "High"
    },
    {
      "result": 8,
      "groupName": "Highest"
    },
    {
      "result": 18,
      "groupName": "Low"
    },
    {
      "result": 27,
      "groupName": "Lowest"
    },
    {
      "result": 0,
      "groupName": "Medium"
    }
  ],
  "_class": "com.cts.idashboard.services.metricservice.data.MetricResults"
},{
  "_id": {
    "$oid": "64475f1eb30aca6afcae33da"
  },
  "toolType": "Jira",
  "metricName": "JIRA_Bug_DoneRate_Trend",
  "metricValue": 0,
  "projectName": "Jira_Sample",
  "dashboardName": "MetricDashboard",
  "pageName": "metrics",
  "itemId": "64475f1991b2e4043d2c1732",
  "grouping": "No",
  "groupBy": "priority",
  "groupValue": "All",
  "lastCalculatedDate": {
    "$date": {
      "$numberLong": "1684130621539"
    }
  },
  "trending": "Yes",
  "trendBy": "created",
  "trendingField": "Days",
  "trendCount": 10,
  "metricValues": [
    {
      "result": 0,
      "month": "Fri May 05 00:00:00 PDT 2023"
    },
    {
      "result": 0,
      "month": "Sat May 06 00:00:00 PDT 2023"
    },
    {
      "result": 0,
      "month": "Sun May 07 00:00:00 PDT 2023"
    },
    {
      "result": 0,
      "month": "Mon May 08 00:00:00 PDT 2023"
    },
    {
      "result": 0,
      "month": "Tue May 09 00:00:00 PDT 2023"
    },
    {
      "result": 0,
      "month": "Wed May 10 00:00:00 PDT 2023"
    },
    {
      "result": 0,
      "month": "Thu May 11 00:00:00 PDT 2023"
    },
    {
      "result": 0,
      "month": "Fri May 12 00:00:00 PDT 2023"
    },
    {
      "result": 0,
      "month": "Sat May 13 00:00:00 PDT 2023"
    },
    {
      "result": 0,
      "month": "Sun May 14 00:00:00 PDT 2023"
    }
  ],
  "_class": "com.cts.idashboard.services.metricservice.data.MetricResults"
},{
  "_id": {
    "$oid": "6447844fb30aca6afcae33db"
  },
  "toolType": "Jira",
  "metricName": "JIRA_Bug_DoneRate",
  "metricValue": 33,
  "projectName": "Jira_Sample",
  "dashboardName": "MetricDashboard",
  "pageName": "metrics",
  "itemId": "6447844991b2e4043d2c1733",
  "lastCalculatedDate": {
    "$date": {
      "$numberLong": "1684130621559"
    }
  },
  "trendCount": 0,
  "_class": "com.cts.idashboard.services.metricservice.data.MetricResults"
},{
  "_id": {
    "$oid": "6447b1cd09078570ac4b903c"
  },
  "toolType": "Jira",
  "metricName": "JIRA_Bug_DoneRate",
  "metricValue": 33,
  "projectName": "Jira_Sample",
  "dashboardName": "MetricDashboard",
  "pageName": "metrics",
  "itemId": "6447b187b582155b837a71b3",
  "lastCalculatedDate": {
    "$date": {
      "$numberLong": "1684130621577"
    }
  },
  "trendCount": 0,
  "_class": "com.cts.idashboard.services.metricservice.data.MetricResults"
},{
  "_id": {
    "$oid": "6447b53609078570ac4b903d"
  },
  "toolType": "Jira",
  "metricName": "JIRA_Bug_DoneRate",
  "metricValue": 26,
  "projectName": "Demo",
  "dashboardName": "DemoTesting",
  "pageName": "Metric",
  "itemId": "6447b525b582155b837a71b7",
  "lastCalculatedDate": {
    "$date": {
      "$numberLong": "1682423127494"
    }
  },
  "trendCount": 0,
  "_class": "com.cts.idashboard.services.metricservice.data.MetricResults"
},{
  "_id": {
    "$oid": "6447bd5709078570ac4b903e"
  },
  "toolType": "Jira",
  "metricName": "JIRA_Bug_DoneRate_GroupByPriority",
  "metricValue": 0,
  "projectName": "Demo",
  "dashboardName": "DemoTesting",
  "pageName": "Metric",
  "itemId": "6447bd4ab582155b837a71b8",
  "grouping": "Yes",
  "groupBy": "priority",
  "groupValue": "All",
  "lastCalculatedDate": {
    "$date": {
      "$numberLong": "1682445035233"
    }
  },
  "trending": "No",
  "trendBy": "",
  "trendingField": "",
  "trendCount": 0,
  "metricValues": [
    {
      "result": 12,
      "groupName": "High"
    },
    {
      "result": 5,
      "groupName": "Highest"
    },
    {
      "result": 24,
      "groupName": "Low"
    },
    {
      "result": 0,
      "groupName": "Lowest"
    },
    {
      "result": 0,
      "groupName": "Medium"
    }
  ],
  "_class": "com.cts.idashboard.services.metricservice.data.MetricResults"
},{
  "_id": {
    "$oid": "6447bdb709078570ac4b903f"
  },
  "toolType": "Jira",
  "metricName": "JIRA_Bug_DoneRate_Trend",
  "metricValue": 0,
  "projectName": "Demo",
  "dashboardName": "DemoTesting",
  "pageName": "Metric",
  "itemId": "64475f1991b2e4043d2c1732",
  "grouping": "No",
  "groupBy": "priority",
  "groupValue": "All",
  "lastCalculatedDate": {
    "$date": {
      "$numberLong": "1682423464732"
    }
  },
  "trending": "Yes",
  "trendBy": "month",
  "trendingField": "created",
  "trendCount": 2,
  "metricValues": [],
  "_class": "com.cts.idashboard.services.metricservice.data.MetricResults"
},{
  "_id": {
    "$oid": "6447bf0109078570ac4b9040"
  },
  "toolType": "Jira",
  "metricName": "JIRA_Bug_DoneRate_Trend",
  "metricValue": 0,
  "projectName": "Demo",
  "dashboardName": "DemoTesting",
  "pageName": "Metric",
  "itemId": "6447be9cb582155b837a71b9",
  "grouping": "No",
  "groupBy": "priority",
  "groupValue": "All",
  "lastCalculatedDate": {
    "$date": {
      "$numberLong": "1682424056812"
    }
  },
  "trending": "Yes",
  "trendBy": "month",
  "trendingField": "created",
  "trendCount": 2,
  "metricValues": [],
  "_class": "com.cts.idashboard.services.metricservice.data.MetricResults"
},{
  "_id": {
    "$oid": "6447bf0109078570ac4b9041"
  },
  "toolType": "Jira",
  "metricName": "JIRA_Bug_DoneRate_Trend",
  "metricValue": 0,
  "projectName": "Demo",
  "dashboardName": "DemoTesting",
  "pageName": "Metric",
  "itemId": "6447bef5b582155b837a71ba",
  "grouping": "No",
  "groupBy": "priority",
  "groupValue": "All",
  "lastCalculatedDate": {
    "$date": {
      "$numberLong": "1684130684143"
    }
  },
  "trending": "Yes",
  "trendBy": "created",
  "trendingField": "Days",
  "trendCount": 10,
  "metricValues": [
    {
      "result": 0,
      "month": "Fri May 05 00:00:00 PDT 2023"
    },
    {
      "result": 0,
      "month": "Sat May 06 00:00:00 PDT 2023"
    },
    {
      "result": 0,
      "month": "Sun May 07 00:00:00 PDT 2023"
    },
    {
      "result": 0,
      "month": "Mon May 08 00:00:00 PDT 2023"
    },
    {
      "result": 0,
      "month": "Tue May 09 00:00:00 PDT 2023"
    },
    {
      "result": 0,
      "month": "Wed May 10 00:00:00 PDT 2023"
    },
    {
      "result": 0,
      "month": "Thu May 11 00:00:00 PDT 2023"
    },
    {
      "result": 0,
      "month": "Fri May 12 00:00:00 PDT 2023"
    },
    {
      "result": 0,
      "month": "Sat May 13 00:00:00 PDT 2023"
    },
    {
      "result": 0,
      "month": "Sun May 14 00:00:00 PDT 2023"
    }
  ],
  "_class": "com.cts.idashboard.services.metricservice.data.MetricResults"
},{
  "_id": {
    "$oid": "6447c27809078570ac4b9042"
  },
  "toolType": "Jira",
  "metricName": "JIRA_Bug_DoneRate",
  "metricValue": 33,
  "projectName": "Demo",
  "dashboardName": "DemoTesting",
  "pageName": "Metric",
  "itemId": "6447c26cb582155b837a71be",
  "lastCalculatedDate": {
    "$date": {
      "$numberLong": "1684130684160"
    }
  },
  "trendCount": 0,
  "_class": "com.cts.idashboard.services.metricservice.data.MetricResults"
},{
  "_id": {
    "$oid": "6447c33809078570ac4b9043"
  },
  "toolType": "Jira",
  "metricName": "JIRA_Bug_DoneRate",
  "metricValue": 30,
  "projectName": "Demo",
  "dashboardName": "RawCahrts",
  "pageName": "default",
  "itemId": "6447c26cb582155b837a71be",
  "lastCalculatedDate": {
    "$date": {
      "$numberLong": "1682443012646"
    }
  },
  "trendCount": 0,
  "_class": "com.cts.idashboard.services.metricservice.data.MetricResults"
},{
  "_id": {
    "$oid": "6447c6ad09078570ac4b9044"
  },
  "toolType": "Jira",
  "metricName": "JIRA_Bug_DoneRate_Trend",
  "metricValue": 0,
  "projectName": "Demo",
  "dashboardName": "DemoTesting",
  "pageName": "Metric",
  "itemId": "6447c6a3b582155b837a71c0",
  "grouping": "No",
  "groupBy": "priority",
  "groupValue": "All",
  "lastCalculatedDate": {
    "$date": {
      "$numberLong": "1684130684252"
    }
  },
  "trending": "Yes",
  "trendBy": "created",
  "trendingField": "Days",
  "trendCount": 10,
  "metricValues": [
    {
      "result": 0,
      "month": "Fri May 05 00:00:00 PDT 2023"
    },
    {
      "result": 0,
      "month": "Sat May 06 00:00:00 PDT 2023"
    },
    {
      "result": 0,
      "month": "Sun May 07 00:00:00 PDT 2023"
    },
    {
      "result": 0,
      "month": "Mon May 08 00:00:00 PDT 2023"
    },
    {
      "result": 0,
      "month": "Tue May 09 00:00:00 PDT 2023"
    },
    {
      "result": 0,
      "month": "Wed May 10 00:00:00 PDT 2023"
    },
    {
      "result": 0,
      "month": "Thu May 11 00:00:00 PDT 2023"
    },
    {
      "result": 0,
      "month": "Fri May 12 00:00:00 PDT 2023"
    },
    {
      "result": 0,
      "month": "Sat May 13 00:00:00 PDT 2023"
    },
    {
      "result": 0,
      "month": "Sun May 14 00:00:00 PDT 2023"
    }
  ],
  "_class": "com.cts.idashboard.services.metricservice.data.MetricResults"
},{
  "_id": {
    "$oid": "6447cbdc09078570ac4b9045"
  },
  "toolType": "Jira",
  "metricName": "JIRA_Bug_DoneRate_Trend",
  "metricValue": 0,
  "projectName": "Demo",
  "dashboardName": "DemoTesting",
  "pageName": "Metric",
  "itemId": "6447cbc6b582155b837a71c1",
  "grouping": "No",
  "groupBy": "priority",
  "groupValue": "All",
  "lastCalculatedDate": {
    "$date": {
      "$numberLong": "1684130684344"
    }
  },
  "trending": "Yes",
  "trendBy": "created",
  "trendingField": "Days",
  "trendCount": 10,
  "metricValues": [
    {
      "result": 0,
      "month": "Fri May 05 00:00:00 PDT 2023"
    },
    {
      "result": 0,
      "month": "Sat May 06 00:00:00 PDT 2023"
    },
    {
      "result": 0,
      "month": "Sun May 07 00:00:00 PDT 2023"
    },
    {
      "result": 0,
      "month": "Mon May 08 00:00:00 PDT 2023"
    },
    {
      "result": 0,
      "month": "Tue May 09 00:00:00 PDT 2023"
    },
    {
      "result": 0,
      "month": "Wed May 10 00:00:00 PDT 2023"
    },
    {
      "result": 0,
      "month": "Thu May 11 00:00:00 PDT 2023"
    },
    {
      "result": 0,
      "month": "Fri May 12 00:00:00 PDT 2023"
    },
    {
      "result": 0,
      "month": "Sat May 13 00:00:00 PDT 2023"
    },
    {
      "result": 0,
      "month": "Sun May 14 00:00:00 PDT 2023"
    }
  ],
  "_class": "com.cts.idashboard.services.metricservice.data.MetricResults"
},{
  "_id": {
    "$oid": "6447ce9909078570ac4b9046"
  },
  "toolType": "Jira",
  "metricName": "JIRA_Bug_DoneRate",
  "metricValue": 33,
  "projectName": "Sample",
  "dashboardName": "Defect",
  "pageName": "default",
  "itemId": "6447ce7fb582155b837a71c5",
  "lastCalculatedDate": {
    "$date": {
      "$numberLong": "1683188065174"
    }
  },
  "trendCount": 0,
  "_class": "com.cts.idashboard.services.metricservice.data.MetricResults"
},{
  "_id": {
    "$oid": "6448103c09078570ac4b9047"
  },
  "toolType": "Jira",
  "metricName": "JIRA_Bug_DoneRate_GroupByPriority",
  "metricValue": 0,
  "projectName": "Demo",
  "dashboardName": "RawCahrts",
  "pageName": "default",
  "itemId": "64480c6ab582155b837a71c7",
  "grouping": "Yes",
  "groupBy": "priority",
  "groupValue": "All",
  "lastCalculatedDate": {
    "$date": {
      "$numberLong": "1684130673389"
    }
  },
  "trending": "No",
  "trendBy": "",
  "trendingField": "",
  "trendCount": 0,
  "metricValues": [
    {
      "result": 12,
      "groupName": "High"
    },
    {
      "result": 8,
      "groupName": "Highest"
    },
    {
      "result": 18,
      "groupName": "Low"
    },
    {
      "result": 27,
      "groupName": "Lowest"
    },
    {
      "result": 0,
      "groupName": "Medium"
    }
  ],
  "_class": "com.cts.idashboard.services.metricservice.data.MetricResults"
},{
  "_id": {
    "$oid": "6448134009078570ac4b9048"
  },
  "toolType": "Jira",
  "metricName": "JIRA_Bug_DoneRate",
  "metricValue": 33,
  "projectName": "Demo",
  "dashboardName": "DemoTesting",
  "pageName": "Metric",
  "itemId": "64480ff1b582155b837a71cc",
  "lastCalculatedDate": {
    "$date": {
      "$numberLong": "1684130684042"
    }
  },
  "trendCount": 0,
  "_class": "com.cts.idashboard.services.metricservice.data.MetricResults"
},{
  "_id": {
    "$oid": "6448143c09078570ac4b9049"
  },
  "toolType": "Jira",
  "metricName": "JIRA_Bug_DoneRate_GroupByPriority",
  "metricValue": 0,
  "projectName": "Demo",
  "dashboardName": "RawCahrts",
  "pageName": "default",
  "itemId": "6448140cb582155b837a71ce",
  "grouping": "Yes",
  "groupBy": "priority",
  "groupValue": "All",
  "lastCalculatedDate": {
    "$date": {
      "$numberLong": "1684130673444"
    }
  },
  "trending": "No",
  "trendBy": "",
  "trendingField": "",
  "trendCount": 0,
  "metricValues": [
    {
      "result": 12,
      "groupName": "High"
    },
    {
      "result": 8,
      "groupName": "Highest"
    },
    {
      "result": 18,
      "groupName": "Low"
    },
    {
      "result": 27,
      "groupName": "Lowest"
    },
    {
      "result": 0,
      "groupName": "Medium"
    }
  ],
  "_class": "com.cts.idashboard.services.metricservice.data.MetricResults"
},{
  "_id": {
    "$oid": "644815c809078570ac4b904a"
  },
  "toolType": "Jira",
  "metricName": "JIRA_Bug_DoneRate_GroupByPriority",
  "metricValue": 0,
  "projectName": "Demo",
  "dashboardName": "RawCahrts",
  "pageName": "default",
  "itemId": "644815b0b582155b837a71cf",
  "grouping": "Yes",
  "groupBy": "priority",
  "groupValue": "All",
  "lastCalculatedDate": {
    "$date": {
      "$numberLong": "1684130673499"
    }
  },
  "trending": "No",
  "trendBy": "",
  "trendingField": "",
  "trendCount": 0,
  "metricValues": [
    {
      "result": 12,
      "groupName": "High"
    },
    {
      "result": 8,
      "groupName": "Highest"
    },
    {
      "result": 18,
      "groupName": "Low"
    },
    {
      "result": 27,
      "groupName": "Lowest"
    },
    {
      "result": 0,
      "groupName": "Medium"
    }
  ],
  "_class": "com.cts.idashboard.services.metricservice.data.MetricResults"
},{
  "_id": {
    "$oid": "6448c53a09078570ac4b904b"
  },
  "toolType": "Jira",
  "metricName": "JIRA_Bug_DoneRate_Trend",
  "metricValue": 0,
  "projectName": "Demo",
  "dashboardName": "TestingTrend",
  "pageName": "default",
  "itemId": "6448c518b582155b837a71d1",
  "grouping": "No",
  "groupBy": "priority",
  "groupValue": "All",
  "lastCalculatedDate": {
    "$date": {
      "$numberLong": "1684130678502"
    }
  },
  "trending": "Yes",
  "trendBy": "created",
  "trendingField": "Days",
  "trendCount": 10,
  "metricValues": [
    {
      "result": 0,
      "month": "Fri May 05 00:00:00 PDT 2023"
    },
    {
      "result": 0,
      "month": "Sat May 06 00:00:00 PDT 2023"
    },
    {
      "result": 0,
      "month": "Sun May 07 00:00:00 PDT 2023"
    },
    {
      "result": 0,
      "month": "Mon May 08 00:00:00 PDT 2023"
    },
    {
      "result": 0,
      "month": "Tue May 09 00:00:00 PDT 2023"
    },
    {
      "result": 0,
      "month": "Wed May 10 00:00:00 PDT 2023"
    },
    {
      "result": 0,
      "month": "Thu May 11 00:00:00 PDT 2023"
    },
    {
      "result": 0,
      "month": "Fri May 12 00:00:00 PDT 2023"
    },
    {
      "result": 0,
      "month": "Sat May 13 00:00:00 PDT 2023"
    },
    {
      "result": 0,
      "month": "Sun May 14 00:00:00 PDT 2023"
    }
  ],
  "_class": "com.cts.idashboard.services.metricservice.data.MetricResults"
},{
  "_id": {
    "$oid": "6448c69509078570ac4b904c"
  },
  "toolType": "Jira",
  "metricName": "JIRA_Bug_DoneRate_Trend",
  "metricValue": 0,
  "projectName": "Demo",
  "dashboardName": "TestingTrend",
  "pageName": "default",
  "itemId": "6448c68bb582155b837a71d2",
  "grouping": "No",
  "groupBy": "priority",
  "groupValue": "All",
  "lastCalculatedDate": {
    "$date": {
      "$numberLong": "1684130678608"
    }
  },
  "trending": "Yes",
  "trendBy": "created",
  "trendingField": "Days",
  "trendCount": 10,
  "metricValues": [
    {
      "result": 0,
      "month": "Fri May 05 00:00:00 PDT 2023"
    },
    {
      "result": 0,
      "month": "Sat May 06 00:00:00 PDT 2023"
    },
    {
      "result": 0,
      "month": "Sun May 07 00:00:00 PDT 2023"
    },
    {
      "result": 0,
      "month": "Mon May 08 00:00:00 PDT 2023"
    },
    {
      "result": 0,
      "month": "Tue May 09 00:00:00 PDT 2023"
    },
    {
      "result": 0,
      "month": "Wed May 10 00:00:00 PDT 2023"
    },
    {
      "result": 0,
      "month": "Thu May 11 00:00:00 PDT 2023"
    },
    {
      "result": 0,
      "month": "Fri May 12 00:00:00 PDT 2023"
    },
    {
      "result": 0,
      "month": "Sat May 13 00:00:00 PDT 2023"
    },
    {
      "result": 0,
      "month": "Sun May 14 00:00:00 PDT 2023"
    }
  ],
  "_class": "com.cts.idashboard.services.metricservice.data.MetricResults"
},{
  "_id": {
    "$oid": "6448c75309078570ac4b904d"
  },
  "toolType": "Jira",
  "metricName": "JIRA_Bug_DoneRate_Trend",
  "metricValue": 0,
  "projectName": "Demo",
  "dashboardName": "TestingTrend",
  "pageName": "default",
  "itemId": "6448c748b582155b837a71d3",
  "grouping": "No",
  "groupBy": "priority",
  "groupValue": "All",
  "lastCalculatedDate": {
    "$date": {
      "$numberLong": "1684130678742"
    }
  },
  "trending": "Yes",
  "trendBy": "created",
  "trendingField": "Days",
  "trendCount": 10,
  "metricValues": [
    {
      "result": 0,
      "month": "Fri May 05 00:00:00 PDT 2023"
    },
    {
      "result": 0,
      "month": "Sat May 06 00:00:00 PDT 2023"
    },
    {
      "result": 0,
      "month": "Sun May 07 00:00:00 PDT 2023"
    },
    {
      "result": 0,
      "month": "Mon May 08 00:00:00 PDT 2023"
    },
    {
      "result": 0,
      "month": "Tue May 09 00:00:00 PDT 2023"
    },
    {
      "result": 0,
      "month": "Wed May 10 00:00:00 PDT 2023"
    },
    {
      "result": 0,
      "month": "Thu May 11 00:00:00 PDT 2023"
    },
    {
      "result": 0,
      "month": "Fri May 12 00:00:00 PDT 2023"
    },
    {
      "result": 0,
      "month": "Sat May 13 00:00:00 PDT 2023"
    },
    {
      "result": 0,
      "month": "Sun May 14 00:00:00 PDT 2023"
    }
  ],
  "_class": "com.cts.idashboard.services.metricservice.data.MetricResults"
},{
  "_id": {
    "$oid": "6448ca6509078570ac4b904e"
  },
  "toolType": "Jira",
  "metricName": "JIRA_Bug_DoneRate_Trend",
  "metricValue": 0,
  "projectName": "Demo",
  "dashboardName": "TestingTrend",
  "pageName": "default",
  "itemId": "6448ca5eb582155b837a71d4",
  "grouping": "No",
  "groupBy": "priority",
  "groupValue": "All",
  "lastCalculatedDate": {
    "$date": {
      "$numberLong": "1684130678853"
    }
  },
  "trending": "Yes",
  "trendBy": "created",
  "trendingField": "Days",
  "trendCount": 10,
  "metricValues": [
    {
      "result": 0,
      "month": "Fri May 05 00:00:00 PDT 2023"
    },
    {
      "result": 0,
      "month": "Sat May 06 00:00:00 PDT 2023"
    },
    {
      "result": 0,
      "month": "Sun May 07 00:00:00 PDT 2023"
    },
    {
      "result": 0,
      "month": "Mon May 08 00:00:00 PDT 2023"
    },
    {
      "result": 0,
      "month": "Tue May 09 00:00:00 PDT 2023"
    },
    {
      "result": 0,
      "month": "Wed May 10 00:00:00 PDT 2023"
    },
    {
      "result": 0,
      "month": "Thu May 11 00:00:00 PDT 2023"
    },
    {
      "result": 0,
      "month": "Fri May 12 00:00:00 PDT 2023"
    },
    {
      "result": 0,
      "month": "Sat May 13 00:00:00 PDT 2023"
    },
    {
      "result": 0,
      "month": "Sun May 14 00:00:00 PDT 2023"
    }
  ],
  "_class": "com.cts.idashboard.services.metricservice.data.MetricResults"
},{
  "_id": {
    "$oid": "6448cb8909078570ac4b904f"
  },
  "toolType": "Jira",
  "metricName": "JIRA_Bug_DoneRate_Trend",
  "metricValue": 0,
  "projectName": "Demo",
  "dashboardName": "TestingTrend",
  "pageName": "default",
  "itemId": "6448cb61b582155b837a71d5",
  "grouping": "No",
  "groupBy": "priority",
  "groupValue": "All",
  "lastCalculatedDate": {
    "$date": {
      "$numberLong": "1684130678947"
    }
  },
  "trending": "Yes",
  "trendBy": "created",
  "trendingField": "Days",
  "trendCount": 10,
  "metricValues": [
    {
      "result": 0,
      "month": "Fri May 05 00:00:00 PDT 2023"
    },
    {
      "result": 0,
      "month": "Sat May 06 00:00:00 PDT 2023"
    },
    {
      "result": 0,
      "month": "Sun May 07 00:00:00 PDT 2023"
    },
    {
      "result": 0,
      "month": "Mon May 08 00:00:00 PDT 2023"
    },
    {
      "result": 0,
      "month": "Tue May 09 00:00:00 PDT 2023"
    },
    {
      "result": 0,
      "month": "Wed May 10 00:00:00 PDT 2023"
    },
    {
      "result": 0,
      "month": "Thu May 11 00:00:00 PDT 2023"
    },
    {
      "result": 0,
      "month": "Fri May 12 00:00:00 PDT 2023"
    },
    {
      "result": 0,
      "month": "Sat May 13 00:00:00 PDT 2023"
    },
    {
      "result": 0,
      "month": "Sun May 14 00:00:00 PDT 2023"
    }
  ],
  "_class": "com.cts.idashboard.services.metricservice.data.MetricResults"
},{
  "_id": {
    "$oid": "6448cc6609078570ac4b9050"
  },
  "toolType": "Jira",
  "metricName": "JIRA_Bug_DoneRate_Trend",
  "metricValue": 0,
  "projectName": "TestinWIthTrend",
  "dashboardName": "test",
  "pageName": "default",
  "itemId": "6448cc5eb582155b837a71d8",
  "grouping": "No",
  "groupBy": "priority",
  "groupValue": "All",
  "lastCalculatedDate": {
    "$date": {
      "$numberLong": "1683719491331"
    }
  },
  "trending": "Yes",
  "trendBy": "created",
  "trendingField": "Days",
  "trendCount": 10,
  "metricValues": [
    {
      "result": 0,
      "month": "Mon May 01 00:00:00 PDT 2023"
    },
    {
      "result": 0,
      "month": "Tue May 02 00:00:00 PDT 2023"
    },
    {
      "result": 0,
      "month": "Wed May 03 00:00:00 PDT 2023"
    },
    {
      "result": 0,
      "month": "Thu May 04 00:00:00 PDT 2023"
    },
    {
      "result": 0,
      "month": "Fri May 05 00:00:00 PDT 2023"
    },
    {
      "result": 0,
      "month": "Sat May 06 00:00:00 PDT 2023"
    },
    {
      "result": 0,
      "month": "Sun May 07 00:00:00 PDT 2023"
    },
    {
      "result": 0,
      "month": "Mon May 08 00:00:00 PDT 2023"
    },
    {
      "result": 0,
      "month": "Tue May 09 00:00:00 PDT 2023"
    },
    {
      "result": 0,
      "month": "Wed May 10 00:00:00 PDT 2023"
    }
  ],
  "_class": "com.cts.idashboard.services.metricservice.data.MetricResults"
},{
  "_id": {
    "$oid": "64490d3235b87c74f083abd9"
  },
  "toolType": "Jira",
  "metricName": "JIRA_Bug_DoneRate_Trend",
  "metricValue": 0,
  "projectName": "TestinWIthTrend",
  "dashboardName": "test",
  "pageName": "default",
  "itemId": "64490d1dd9e7960d2a740e38",
  "grouping": "No",
  "groupBy": "priority",
  "groupValue": "All",
  "lastCalculatedDate": {
    "$date": {
      "$numberLong": "1683719491528"
    }
  },
  "trending": "Yes",
  "trendBy": "created",
  "trendingField": "Days",
  "trendCount": 10,
  "metricValues": [
    {
      "result": 0,
      "month": "Mon May 01 00:00:00 PDT 2023"
    },
    {
      "result": 0,
      "month": "Tue May 02 00:00:00 PDT 2023"
    },
    {
      "result": 0,
      "month": "Wed May 03 00:00:00 PDT 2023"
    },
    {
      "result": 0,
      "month": "Thu May 04 00:00:00 PDT 2023"
    },
    {
      "result": 0,
      "month": "Fri May 05 00:00:00 PDT 2023"
    },
    {
      "result": 0,
      "month": "Sat May 06 00:00:00 PDT 2023"
    },
    {
      "result": 0,
      "month": "Sun May 07 00:00:00 PDT 2023"
    },
    {
      "result": 0,
      "month": "Mon May 08 00:00:00 PDT 2023"
    },
    {
      "result": 0,
      "month": "Tue May 09 00:00:00 PDT 2023"
    },
    {
      "result": 0,
      "month": "Wed May 10 00:00:00 PDT 2023"
    }
  ],
  "_class": "com.cts.idashboard.services.metricservice.data.MetricResults"
},{
  "_id": {
    "$oid": "64490e2b35b87c74f083abda"
  },
  "toolType": "Jira",
  "metricName": "JIRA_Bug_DoneRate_Trend",
  "metricValue": 0,
  "projectName": "TestinWIthTrend",
  "dashboardName": "test",
  "pageName": "default",
  "itemId": "64490e1bd9e7960d2a740e39",
  "grouping": "No",
  "groupBy": "priority",
  "groupValue": "All",
  "lastCalculatedDate": {
    "$date": {
      "$numberLong": "1683719491691"
    }
  },
  "trending": "Yes",
  "trendBy": "created",
  "trendingField": "Days",
  "trendCount": 10,
  "metricValues": [
    {
      "result": 0,
      "month": "Mon May 01 00:00:00 PDT 2023"
    },
    {
      "result": 0,
      "month": "Tue May 02 00:00:00 PDT 2023"
    },
    {
      "result": 0,
      "month": "Wed May 03 00:00:00 PDT 2023"
    },
    {
      "result": 0,
      "month": "Thu May 04 00:00:00 PDT 2023"
    },
    {
      "result": 0,
      "month": "Fri May 05 00:00:00 PDT 2023"
    },
    {
      "result": 0,
      "month": "Sat May 06 00:00:00 PDT 2023"
    },
    {
      "result": 0,
      "month": "Sun May 07 00:00:00 PDT 2023"
    },
    {
      "result": 0,
      "month": "Mon May 08 00:00:00 PDT 2023"
    },
    {
      "result": 0,
      "month": "Tue May 09 00:00:00 PDT 2023"
    },
    {
      "result": 0,
      "month": "Wed May 10 00:00:00 PDT 2023"
    }
  ],
  "_class": "com.cts.idashboard.services.metricservice.data.MetricResults"
},{
  "_id": {
    "$oid": "644924ef3f488527116ead57"
  },
  "toolType": "Jira",
  "metricName": "JIRA_Bug_DoneRate_Trend",
  "metricValue": 0,
  "projectName": "Sample2",
  "dashboardName": "Academy1",
  "pageName": "default",
  "itemId": "644924e59aa1697a53bef58d",
  "grouping": "No",
  "groupBy": "priority",
  "groupValue": "All",
  "lastCalculatedDate": {
    "$date": {
      "$numberLong": "1682515204108"
    }
  },
  "trending": "Yes",
  "trendBy": "created",
  "trendingField": "week",
  "trendCount": 5,
  "metricValues": [],
  "_class": "com.cts.idashboard.services.metricservice.data.MetricResults"
},{
  "_id": {
    "$oid": "644926213f488527116ead58"
  },
  "toolType": "Jira",
  "metricName": "JIRA_Bug_DoneRate_Trend",
  "metricValue": 0,
  "projectName": "Sample2",
  "dashboardName": "Sample26",
  "pageName": "default",
  "itemId": "644926199aa1697a53bef58e",
  "grouping": "No",
  "groupBy": "priority",
  "groupValue": "All",
  "lastCalculatedDate": {
    "$date": {
      "$numberLong": "1683710257413"
    }
  },
  "trending": "Yes",
  "trendBy": "created",
  "trendingField": "Days",
  "trendCount": 10,
  "metricValues": [
    {
      "result": 0,
      "month": "Mon May 01 00:00:00 PDT 2023"
    },
    {
      "result": 0,
      "month": "Tue May 02 00:00:00 PDT 2023"
    },
    {
      "result": 0,
      "month": "Wed May 03 00:00:00 PDT 2023"
    },
    {
      "result": 0,
      "month": "Thu May 04 00:00:00 PDT 2023"
    },
    {
      "result": 0,
      "month": "Fri May 05 00:00:00 PDT 2023"
    },
    {
      "result": 0,
      "month": "Sat May 06 00:00:00 PDT 2023"
    },
    {
      "result": 0,
      "month": "Sun May 07 00:00:00 PDT 2023"
    },
    {
      "result": 0,
      "month": "Mon May 08 00:00:00 PDT 2023"
    },
    {
      "result": 0,
      "month": "Tue May 09 00:00:00 PDT 2023"
    },
    {
      "result": 0,
      "month": "Wed May 10 00:00:00 PDT 2023"
    }
  ],
  "_class": "com.cts.idashboard.services.metricservice.data.MetricResults"
},{
  "_id": {
    "$oid": "6449302e3f488527116ead59"
  },
  "toolType": "Jira",
  "metricName": "JIRA_Bug_DoneRate_Trend",
  "metricValue": 0,
  "projectName": "Sample2",
  "dashboardName": "Sample26",
  "pageName": "default",
  "itemId": "644930149aa1697a53bef591",
  "grouping": "No",
  "groupBy": "priority",
  "groupValue": "All",
  "lastCalculatedDate": {
    "$date": {
      "$numberLong": "1683710257625"
    }
  },
  "trending": "Yes",
  "trendBy": "created",
  "trendingField": "Days",
  "trendCount": 10,
  "metricValues": [
    {
      "result": 0,
      "month": "Mon May 01 00:00:00 PDT 2023"
    },
    {
      "result": 0,
      "month": "Tue May 02 00:00:00 PDT 2023"
    },
    {
      "result": 0,
      "month": "Wed May 03 00:00:00 PDT 2023"
    },
    {
      "result": 0,
      "month": "Thu May 04 00:00:00 PDT 2023"
    },
    {
      "result": 0,
      "month": "Fri May 05 00:00:00 PDT 2023"
    },
    {
      "result": 0,
      "month": "Sat May 06 00:00:00 PDT 2023"
    },
    {
      "result": 0,
      "month": "Sun May 07 00:00:00 PDT 2023"
    },
    {
      "result": 0,
      "month": "Mon May 08 00:00:00 PDT 2023"
    },
    {
      "result": 0,
      "month": "Tue May 09 00:00:00 PDT 2023"
    },
    {
      "result": 0,
      "month": "Wed May 10 00:00:00 PDT 2023"
    }
  ],
  "_class": "com.cts.idashboard.services.metricservice.data.MetricResults"
},{
  "_id": {
    "$oid": "644a37ec3f488527116ead5a"
  },
  "toolType": "Jira",
  "metricName": "JIRA_Count",
  "metricValue": 308,
  "projectName": "Sample2",
  "dashboardName": "Testing Functions",
  "pageName": "default",
  "itemId": "644a37e39aa1697a53bef595",
  "lastCalculatedDate": {
    "$date": {
      "$numberLong": "1682657514337"
    }
  },
  "trendCount": 0,
  "_class": "com.cts.idashboard.services.metricservice.data.MetricResults"
},{
  "_id": {
    "$oid": "644a388c3f488527116ead5b"
  },
  "toolType": "Jira",
  "metricName": "JIRA_CountAnd",
  "metricValue": 21,
  "projectName": "Sample2",
  "dashboardName": "Testing Functions",
  "pageName": "default",
  "itemId": "644a38879aa1697a53bef596",
  "lastCalculatedDate": {
    "$date": {
      "$numberLong": "1682657514351"
    }
  },
  "trendCount": 0,
  "_class": "com.cts.idashboard.services.metricservice.data.MetricResults"
},{
  "_id": {
    "$oid": "644a40643f488527116ead5c"
  },
  "toolType": "Jira",
  "metricName": "JIRA_Count",
  "metricValue": 308,
  "projectName": "Sample2",
  "dashboardName": "SumFunctions",
  "pageName": "default",
  "itemId": "644a405f9aa1697a53bef59b",
  "lastCalculatedDate": {
    "$date": {
      "$numberLong": "1682657537884"
    }
  },
  "trendCount": 0,
  "_class": "com.cts.idashboard.services.metricservice.data.MetricResults"
},{
  "_id": {
    "$oid": "644a456a3f488527116ead5d"
  },
  "toolType": "Jira",
  "metricName": "JIRA_SumAnd",
  "metricValue": 157,
  "projectName": "Sample2",
  "dashboardName": "SumAnd",
  "pageName": "default",
  "itemId": "644a45619aa1697a53bef5a0",
  "lastCalculatedDate": {
    "$date": {
      "$numberLong": "1682657541985"
    }
  },
  "trendCount": 0,
  "_class": "com.cts.idashboard.services.metricservice.data.MetricResults"
},{
  "_id": {
    "$oid": "644a49e63f488527116ead5e"
  },
  "toolType": "Jira",
  "metricName": "JIRA_avgAnd",
  "metricValue": 2,
  "projectName": "Sample2",
  "dashboardName": "Average",
  "pageName": "default",
  "itemId": "644a49e29aa1697a53bef5a6",
  "lastCalculatedDate": {
    "$date": {
      "$numberLong": "1682657551071"
    }
  },
  "trendCount": 0,
  "_class": "com.cts.idashboard.services.metricservice.data.MetricResults"
},{
  "_id": {
    "$oid": "644a4e803f488527116ead5f"
  },
  "toolType": "Jira",
  "metricName": "JIRA_avgAnd",
  "metricValue": 2,
  "projectName": "Sample2",
  "dashboardName": "All functions",
  "pageName": "default",
  "itemId": "644a4e779aa1697a53bef5af",
  "lastCalculatedDate": {
    "$date": {
      "$numberLong": "1684130690126"
    }
  },
  "trendCount": 0,
  "_class": "com.cts.idashboard.services.metricservice.data.MetricResults"
},{
  "_id": {
    "$oid": "644a4ed03f488527116ead60"
  },
  "toolType": "Jira",
  "metricName": "JIRA_SumAnd",
  "metricValue": 157,
  "projectName": "Sample2",
  "dashboardName": "All functions",
  "pageName": "default",
  "itemId": "644a4ecb9aa1697a53bef5b0",
  "lastCalculatedDate": {
    "$date": {
      "$numberLong": "1684130690151"
    }
  },
  "trendCount": 0,
  "_class": "com.cts.idashboard.services.metricservice.data.MetricResults"
},{
  "_id": {
    "$oid": "644a4f163f488527116ead61"
  },
  "toolType": "Jira",
  "metricName": "JIRA_CountAnd",
  "metricValue": 21,
  "projectName": "Sample2",
  "dashboardName": "All functions",
  "pageName": "default",
  "itemId": "644a4f129aa1697a53bef5b1",
  "lastCalculatedDate": {
    "$date": {
      "$numberLong": "1684130690173"
    }
  },
  "trendCount": 0,
  "_class": "com.cts.idashboard.services.metricservice.data.MetricResults"
},{
  "_id": {
    "$oid": "644a4f543f488527116ead62"
  },
  "toolType": "Jira",
  "metricName": "JIRA_Count",
  "metricValue": 308,
  "projectName": "Sample2",
  "dashboardName": "All functions",
  "pageName": "default",
  "itemId": "644a4f4f9aa1697a53bef5b2",
  "lastCalculatedDate": {
    "$date": {
      "$numberLong": "1684130690188"
    }
  },
  "trendCount": 0,
  "_class": "com.cts.idashboard.services.metricservice.data.MetricResults"
},{
  "_id": {
    "$oid": "64536b0428e10e04a653ba08"
  },
  "toolType": "Jira",
  "metricName": "JIRA_Bug_DoneRate_Trend",
  "metricValue": 0,
  "projectName": "Sample",
  "dashboardName": "Derived Metrics",
  "pageName": "default",
  "itemId": "64536adfd552b60aa84676b6",
  "grouping": "No",
  "groupBy": "priority",
  "groupValue": "All",
  "lastCalculatedDate": {
    "$date": {
      "$numberLong": "1683188733610"
    }
  },
  "trending": "Yes",
  "trendBy": "created",
  "trendingField": "Days",
  "trendCount": 10,
  "metricValues": [
    {
      "result": 100,
      "month": "Tue Apr 25 00:00:00 PDT 2023"
    },
    {
      "result": 50,
      "month": "Wed Apr 26 00:00:00 PDT 2023"
    },
    {
      "result": 0,
      "month": "Thu Apr 27 00:00:00 PDT 2023"
    },
    {
      "result": 0,
      "month": "Fri Apr 28 00:00:00 PDT 2023"
    },
    {
      "result": 0,
      "month": "Sat Apr 29 00:00:00 PDT 2023"
    },
    {
      "result": 0,
      "month": "Sun Apr 30 00:00:00 PDT 2023"
    },
    {
      "result": 0,
      "month": "Mon May 01 00:00:00 PDT 2023"
    },
    {
      "result": 0,
      "month": "Tue May 02 00:00:00 PDT 2023"
    },
    {
      "result": 0,
      "month": "Wed May 03 00:00:00 PDT 2023"
    },
    {
      "result": 0,
      "month": "Thu May 04 00:00:00 PDT 2023"
    }
  ],
  "_class": "com.cts.idashboard.services.metricservice.data.MetricResults"
},{
  "_id": {
    "$oid": "64536bfd28e10e04a653ba09"
  },
  "toolType": "Jira",
  "metricName": "JIRA_Bug_DoneRate_GroupByPriority",
  "metricValue": 0,
  "projectName": "Sample",
  "dashboardName": "Derived Metrics",
  "pageName": "default",
  "itemId": "64536be4d552b60aa84676b7",
  "grouping": "Yes",
  "groupBy": "priority",
  "groupValue": "All",
  "lastCalculatedDate": {
    "$date": {
      "$numberLong": "1683188792609"
    }
  },
  "trending": "No",
  "trendBy": "",
  "trendingField": "",
  "trendCount": 0,
  "metricValues": [
    {
      "result": 12,
      "groupName": "High"
    },
    {
      "result": 8,
      "groupName": "Highest"
    },
    {
      "result": 18,
      "groupName": "Low"
    },
    {
      "result": 27,
      "groupName": "Lowest"
    },
    {
      "result": 0,
      "groupName": "Medium"
    }
  ],
  "_class": "com.cts.idashboard.services.metricservice.data.MetricResults"
},{
  "_id": {
    "$oid": "64536d2128e10e04a653ba0a"
  },
  "toolType": "Jira",
  "metricName": "JIRA_Bug_DoneRate",
  "metricValue": 33,
  "projectName": "Sample",
  "dashboardName": "Derived Metrics",
  "pageName": "default",
  "itemId": "64536d12d552b60aa84676b8",
  "lastCalculatedDate": {
    "$date": {
      "$numberLong": "1684128346684"
    }
  },
  "trendCount": 0,
  "_class": "com.cts.idashboard.services.metricservice.data.MetricResults"
},{
  "_id": {
    "$oid": "645a2ebdba110500a29ee3c0"
  },
  "toolType": "Jira",
  "metricName": "JIRA_Sum",
  "metricValue": 750,
  "projectName": "Sample2",
  "dashboardName": "All functions",
  "pageName": "default",
  "itemId": "644a4f979aa1697a53bef5b3",
  "lastCalculatedDate": {
    "$date": {
      "$numberLong": "1684130690206"
    }
  },
  "trendCount": 0,
  "_class": "com.cts.idashboard.services.metricservice.data.MetricResults"
},{
  "_id": {
    "$oid": "645a2ebdba110500a29ee3c1"
  },
  "toolType": "Jira",
  "metricName": "JIRA_Avg",
  "metricValue": 2,
  "projectName": "Sample2",
  "dashboardName": "All functions",
  "pageName": "default",
  "itemId": "644a501d9aa1697a53bef5b4",
  "lastCalculatedDate": {
    "$date": {
      "$numberLong": "1684130690236"
    }
  },
  "trendCount": 0,
  "_class": "com.cts.idashboard.services.metricservice.data.MetricResults"
},{
  "_id": {
    "$oid": "645a2f40ba110500a29ee3c2"
  },
  "toolType": "Jira",
  "metricName": "JIRA_Max",
  "metricValue": 4,
  "projectName": "Sample2",
  "dashboardName": "All functions",
  "pageName": "default",
  "itemId": "645a2f38150f1f10a60e3567",
  "lastCalculatedDate": {
    "$date": {
      "$numberLong": "1684130690255"
    }
  },
  "trendCount": 0,
  "_class": "com.cts.idashboard.services.metricservice.data.MetricResults"
},{
  "_id": {
    "$oid": "645a2f7aba110500a29ee3c3"
  },
  "toolType": "Jira",
  "metricName": "JIRA_maxAnd",
  "metricValue": 4,
  "projectName": "Sample2",
  "dashboardName": "All functions",
  "pageName": "default",
  "itemId": "645a2f74150f1f10a60e3568",
  "lastCalculatedDate": {
    "$date": {
      "$numberLong": "1684130690285"
    }
  },
  "trendCount": 0,
  "_class": "com.cts.idashboard.services.metricservice.data.MetricResults"
},{
  "_id": {
    "$oid": "645a2fd3ba110500a29ee3c4"
  },
  "toolType": "Jira",
  "metricName": "JIRA_min",
  "metricValue": 2,
  "projectName": "Sample2",
  "dashboardName": "All functions",
  "pageName": "default",
  "itemId": "645a2fcf150f1f10a60e3569",
  "lastCalculatedDate": {
    "$date": {
      "$numberLong": "1684130690310"
    }
  },
  "trendCount": 0,
  "_class": "com.cts.idashboard.services.metricservice.data.MetricResults"
},{
  "_id": {
    "$oid": "645a3025ba110500a29ee3c5"
  },
  "toolType": "Jira",
  "metricName": "JIRA_minAnd",
  "metricValue": 2,
  "projectName": "Sample2",
  "dashboardName": "All functions",
  "pageName": "default",
  "itemId": "645a3020150f1f10a60e356a",
  "lastCalculatedDate": {
    "$date": {
      "$numberLong": "1684130690337"
    }
  },
  "trendCount": 0,
  "_class": "com.cts.idashboard.services.metricservice.data.MetricResults"
},{
  "_id": {
    "$oid": "645a3061ba110500a29ee3c6"
  },
  "toolType": "Jira",
  "metricName": "JIRA_maxAnd",
  "metricValue": 4,
  "projectName": "Sample2",
  "dashboardName": "All functions",
  "pageName": "default",
  "itemId": "645a305d150f1f10a60e356b",
  "lastCalculatedDate": {
    "$date": {
      "$numberLong": "1684130690368"
    }
  },
  "trendCount": 0,
  "_class": "com.cts.idashboard.services.metricservice.data.MetricResults"
},{
  "_id": {
    "$oid": "645b4174ba110500a29ee3c7"
  },
  "toolType": "Jira",
  "metricName": "Jira_sumISO",
  "metricValue": 858,
  "projectName": "Sample2",
  "dashboardName": "All functions",
  "pageName": "default",
  "itemId": "645b416d150f1f10a60e356d",
  "lastCalculatedDate": {
    "$date": {
      "$numberLong": "1684130690396"
    }
  },
  "trendCount": 0,
  "_class": "com.cts.idashboard.services.metricservice.data.MetricResults"
},{
  "_id": {
    "$oid": "645b42c8ba110500a29ee3c8"
  },
  "toolType": "Jira",
  "metricName": "Jira_sumISOAnd",
  "metricValue": 172,
  "projectName": "Sample2",
  "dashboardName": "All functions",
  "pageName": "default",
  "itemId": "645b42c3150f1f10a60e356e",
  "lastCalculatedDate": {
    "$date": {
      "$numberLong": "1684130690419"
    }
  },
  "trendCount": 0,
  "_class": "com.cts.idashboard.services.metricservice.data.MetricResults"
},{
  "_id": {
    "$oid": "645b47d1ba110500a29ee3c9"
  },
  "toolType": "Jira",
  "metricName": "sumISODiff",
  "metricValue": 3999,
  "projectName": "Sample2",
  "dashboardName": "All functions",
  "pageName": "default",
  "itemId": "645b47cc150f1f10a60e356f",
  "lastCalculatedDate": {
    "$date": {
      "$numberLong": "1684130690443"
    }
  },
  "trendCount": 0,
  "_class": "com.cts.idashboard.services.metricservice.data.MetricResults"
},{
  "_id": {
    "$oid": "645b49f5ba110500a29ee3ca"
  },
  "toolType": "Jira",
  "metricName": "Jira_sumISODiffAnd",
  "metricValue": 842,
  "projectName": "Sample2",
  "dashboardName": "All functions",
  "pageName": "default",
  "itemId": "645b49ef150f1f10a60e3570",
  "lastCalculatedDate": {
    "$date": {
      "$numberLong": "1684130690468"
    }
  },
  "trendCount": 0,
  "_class": "com.cts.idashboard.services.metricservice.data.MetricResults"
},{
  "_id": {
    "$oid": "645b51adba110500a29ee3cb"
  },
  "toolType": "Jira",
  "metricName": "JIRA_Avg",
  "metricValue": 2,
  "projectName": "Sample2",
  "dashboardName": "Testing functions",
  "pageName": "default",
  "itemId": "644b521d9aa1697a53bef5b8",
  "lastCalculatedDate": {
    "$date": {
      "$numberLong": "1683710252898"
    }
  },
  "trendCount": 0,
  "_class": "com.cts.idashboard.services.metricservice.data.MetricResults"
},{
  "_id": {
    "$oid": "645b51adba110500a29ee3cc"
  },
  "toolType": "Jira",
  "metricName": "JIRA_Max",
  "metricValue": 4,
  "projectName": "Sample2",
  "dashboardName": "Testing functions",
  "pageName": "default",
  "itemId": "644b53aa9aa1697a53bef5b9",
  "lastCalculatedDate": {
    "$date": {
      "$numberLong": "1683710252924"
    }
  },
  "trendCount": 0,
  "_class": "com.cts.idashboard.services.metricservice.data.MetricResults"
},{
  "_id": {
    "$oid": "645b51adba110500a29ee3cd"
  },
  "toolType": "Jira",
  "metricName": "JIRA_maxAnd",
  "metricValue": 4,
  "projectName": "Sample2",
  "dashboardName": "Testing functions",
  "pageName": "default",
  "itemId": "644b541d9aa1697a53bef5ba",
  "lastCalculatedDate": {
    "$date": {
      "$numberLong": "1683710252949"
    }
  },
  "trendCount": 0,
  "_class": "com.cts.idashboard.services.metricservice.data.MetricResults"
},{
  "_id": {
    "$oid": "645b51adba110500a29ee3ce"
  },
  "toolType": "Jira",
  "metricName": "JIRA_minAnd",
  "metricValue": 2,
  "projectName": "Sample2",
  "dashboardName": "Testing functions",
  "pageName": "default",
  "itemId": "644b55e99aa1697a53bef5bb",
  "lastCalculatedDate": {
    "$date": {
      "$numberLong": "1683710252975"
    }
  },
  "trendCount": 0,
  "_class": "com.cts.idashboard.services.metricservice.data.MetricResults"
},{
  "_id": {
    "$oid": "645b51adba110500a29ee3cf"
  },
  "toolType": "Jira",
  "metricName": "JIRA_min",
  "metricValue": 2,
  "projectName": "Sample2",
  "dashboardName": "Testing functions",
  "pageName": "default",
  "itemId": "644b566d9aa1697a53bef5bc",
  "lastCalculatedDate": {
    "$date": {
      "$numberLong": "1683710252995"
    }
  },
  "trendCount": 0,
  "_class": "com.cts.idashboard.services.metricservice.data.MetricResults"
}]