[{
  "_id": "10005",
  "expand": "operations,versionedRepresentations,editmeta,changelog,customfield_10010.requestTypePractice,renderedFields",
  "self": "https://sparshs.atlassian.net/rest/api/latest/issue/10005",
  "key": "TEST-6",
  "projectSelf": "https://sparshs.atlassian.net/rest/api/2/project/10003",
  "projectId": "10003",
  "projectKey": "TEST",
  "projectName": "Test",
  "projectTypeKey": "software",
  "projectAvatarUrls": {
    "48x48": "https://sparshs.atlassian.net/rest/api/2/universal_avatar/view/type/project/avatar/10414",
    "24x24": "https://sparshs.atlassian.net/rest/api/2/universal_avatar/view/type/project/avatar/10414?size=small",
    "16x16": "https://sparshs.atlassian.net/rest/api/2/universal_avatar/view/type/project/avatar/10414?size=xsmall",
    "32x32": "https://sparshs.atlassian.net/rest/api/2/universal_avatar/view/type/project/avatar/10414?size=medium"
  },
  "issueTypeSelf": "https://sparshs.atlassian.net/rest/api/2/issuetype/10004",
  "issueTypeId": "10004",
  "issueTypeDescription": "This is the Xray Test Issue Type. Used to define test cases of different types that can be executed multiple times using Test Execution issues.",
  "issueTypeIconUrl": "https://sparshs.atlassian.net/rest/api/2/universal_avatar/view/type/issuetype/avatar/10551?size=medium",
  "issueTypeName": "Test",
  "issueTypeSubtask": false,
  "issueTypeAvatarId": 10551,
  "fixVersionArchived": false,
  "fixVersionReleased": false,
  "workRatio": -1,
  "summary": "login with credentials",
  "lastViewed": "2023-04-12T11:52:23.060+0530",
  "watches": {
    "self": "https://sparshs.atlassian.net/rest/api/2/issue/TEST-6/watchers",
    "watchCount": 1,
    "isWatching": true
  },
  "subTasks": [],
  "aggregateProgress": {
    "progress": 0,
    "total": 0
  },
  "priority": "Medium",
  "priorityId": "3",
  "labels": [],
  "progress": {
    "progress": 0,
    "total": 0
  },
  "votes": {
    "self": "https://sparshs.atlassian.net/rest/api/2/issue/TEST-6/votes",
    "votes": 0,
    "hasVoted": false
  },
  "created": {
    "$date": "2023-04-12T05:02:56.698Z"
  },
  "updated": {
    "$date": "2023-04-12T05:02:57.466Z"
  },
  "creatorSelf": "https://sparshs.atlassian.net/rest/api/2/user?accountId=712020%3A54fe5cd6-a2e2-4a9a-8712-12021521719a",
  "creatorEmailAddress": "sparshs336@gmail.com",
  "creatorAvatarUrls": {
    "48x48": "https://secure.gravatar.com/avatar/d9b1c7958d1e2ba5bb153f0388bb04c3?d=https%3A%2F%2Favatar-management--avatars.us-west-2.prod.public.atl-paas.net%2Finitials%2FSS-6.png",
    "24x24": "https://secure.gravatar.com/avatar/d9b1c7958d1e2ba5bb153f0388bb04c3?d=https%3A%2F%2Favatar-management--avatars.us-west-2.prod.public.atl-paas.net%2Finitials%2FSS-6.png",
    "16x16": "https://secure.gravatar.com/avatar/d9b1c7958d1e2ba5bb153f0388bb04c3?d=https%3A%2F%2Favatar-management--avatars.us-west-2.prod.public.atl-paas.net%2Finitials%2FSS-6.png",
    "32x32": "https://secure.gravatar.com/avatar/d9b1c7958d1e2ba5bb153f0388bb04c3?d=https%3A%2F%2Favatar-management--avatars.us-west-2.prod.public.atl-paas.net%2Finitials%2FSS-6.png"
  },
  "creatorDisplayName": "sparsh srivastava",
  "creatorActive": true,
  "creatorTimeZone": "Asia/Calcutta",
  "reporterSelf": "https://sparshs.atlassian.net/rest/api/2/user?accountId=712020%3A54fe5cd6-a2e2-4a9a-8712-12021521719a",
  "reporterEmailAddress": "sparshs336@gmail.com",
  "reporterAvatarUrls": {
    "48x48": "https://secure.gravatar.com/avatar/d9b1c7958d1e2ba5bb153f0388bb04c3?d=https%3A%2F%2Favatar-management--avatars.us-west-2.prod.public.atl-paas.net%2Finitials%2FSS-6.png",
    "24x24": "https://secure.gravatar.com/avatar/d9b1c7958d1e2ba5bb153f0388bb04c3?d=https%3A%2F%2Favatar-management--avatars.us-west-2.prod.public.atl-paas.net%2Finitials%2FSS-6.png",
    "16x16": "https://secure.gravatar.com/avatar/d9b1c7958d1e2ba5bb153f0388bb04c3?d=https%3A%2F%2Favatar-management--avatars.us-west-2.prod.public.atl-paas.net%2Finitials%2FSS-6.png",
    "32x32": "https://secure.gravatar.com/avatar/d9b1c7958d1e2ba5bb153f0388bb04c3?d=https%3A%2F%2Favatar-management--avatars.us-west-2.prod.public.atl-paas.net%2Finitials%2FSS-6.png"
  },
  "reporterDisplayName": "sparsh srivastava",
  "reporterActive": true,
  "reporterTimeZone": "Asia/Calcutta",
  "statusSelf": "https://sparshs.atlassian.net/rest/api/2/status/10009",
  "statusDescription": "",
  "statusIconUrl": "https://sparshs.atlassian.net/",
  "statusName": "To Do",
  "statusId": "10009",
  "statusCategorySelf": "https://sparshs.atlassian.net/rest/api/2/statuscategory/2",
  "statusCategoryId": 2,
  "statusCategoryKey": "new",
  "statusCategoryColorName": "blue-gray",
  "statusCategoryName": "To Do",
  "issueLinks": [],
  "_class": "com.cognizant.collector.jira.beans.core.JiraIssue"
},{
  "_id": "10004",
  "expand": "operations,versionedRepresentations,editmeta,changelog,customfield_10010.requestTypePractice,renderedFields",
  "self": "https://sparshs.atlassian.net/rest/api/latest/issue/10004",
  "key": "TEST-5",
  "projectSelf": "https://sparshs.atlassian.net/rest/api/2/project/10003",
  "projectId": "10003",
  "projectKey": "TEST",
  "projectName": "Test",
  "projectTypeKey": "software",
  "projectAvatarUrls": {
    "48x48": "https://sparshs.atlassian.net/rest/api/2/universal_avatar/view/type/project/avatar/10414",
    "24x24": "https://sparshs.atlassian.net/rest/api/2/universal_avatar/view/type/project/avatar/10414?size=small",
    "16x16": "https://sparshs.atlassian.net/rest/api/2/universal_avatar/view/type/project/avatar/10414?size=xsmall",
    "32x32": "https://sparshs.atlassian.net/rest/api/2/universal_avatar/view/type/project/avatar/10414?size=medium"
  },
  "issueTypeSelf": "https://sparshs.atlassian.net/rest/api/2/issuetype/10004",
  "issueTypeId": "10004",
  "issueTypeDescription": "This is the Xray Test Issue Type. Used to define test cases of different types that can be executed multiple times using Test Execution issues.",
  "issueTypeIconUrl": "https://sparshs.atlassian.net/rest/api/2/universal_avatar/view/type/issuetype/avatar/10551?size=medium",
  "issueTypeName": "Test",
  "issueTypeSubtask": false,
  "issueTypeAvatarId": 10551,
  "fixVersionArchived": false,
  "fixVersionReleased": false,
  "workRatio": -1,
  "summary": "trying to comment",
  "lastViewed": "2023-04-11T17:22:09.262+0530",
  "watches": {
    "self": "https://sparshs.atlassian.net/rest/api/2/issue/TEST-5/watchers",
    "watchCount": 1,
    "isWatching": true
  },
  "subTasks": [],
  "aggregateProgress": {
    "progress": 0,
    "total": 0
  },
  "priority": "Medium",
  "priorityId": "3",
  "labels": [],
  "progress": {
    "progress": 0,
    "total": 0
  },
  "votes": {
    "self": "https://sparshs.atlassian.net/rest/api/2/issue/TEST-5/votes",
    "votes": 0,
    "hasVoted": false
  },
  "created": {
    "$date": "2023-04-11T10:15:47.205Z"
  },
  "updated": {
    "$date": "2023-04-11T10:15:47.428Z"
  },
  "creatorSelf": "https://sparshs.atlassian.net/rest/api/2/user?accountId=712020%3A54fe5cd6-a2e2-4a9a-8712-12021521719a",
  "creatorEmailAddress": "sparshs336@gmail.com",
  "creatorAvatarUrls": {
    "48x48": "https://secure.gravatar.com/avatar/d9b1c7958d1e2ba5bb153f0388bb04c3?d=https%3A%2F%2Favatar-management--avatars.us-west-2.prod.public.atl-paas.net%2Finitials%2FSS-6.png",
    "24x24": "https://secure.gravatar.com/avatar/d9b1c7958d1e2ba5bb153f0388bb04c3?d=https%3A%2F%2Favatar-management--avatars.us-west-2.prod.public.atl-paas.net%2Finitials%2FSS-6.png",
    "16x16": "https://secure.gravatar.com/avatar/d9b1c7958d1e2ba5bb153f0388bb04c3?d=https%3A%2F%2Favatar-management--avatars.us-west-2.prod.public.atl-paas.net%2Finitials%2FSS-6.png",
    "32x32": "https://secure.gravatar.com/avatar/d9b1c7958d1e2ba5bb153f0388bb04c3?d=https%3A%2F%2Favatar-management--avatars.us-west-2.prod.public.atl-paas.net%2Finitials%2FSS-6.png"
  },
  "creatorDisplayName": "sparsh srivastava",
  "creatorActive": true,
  "creatorTimeZone": "Asia/Calcutta",
  "reporterSelf": "https://sparshs.atlassian.net/rest/api/2/user?accountId=712020%3A54fe5cd6-a2e2-4a9a-8712-12021521719a",
  "reporterEmailAddress": "sparshs336@gmail.com",
  "reporterAvatarUrls": {
    "48x48": "https://secure.gravatar.com/avatar/d9b1c7958d1e2ba5bb153f0388bb04c3?d=https%3A%2F%2Favatar-management--avatars.us-west-2.prod.public.atl-paas.net%2Finitials%2FSS-6.png",
    "24x24": "https://secure.gravatar.com/avatar/d9b1c7958d1e2ba5bb153f0388bb04c3?d=https%3A%2F%2Favatar-management--avatars.us-west-2.prod.public.atl-paas.net%2Finitials%2FSS-6.png",
    "16x16": "https://secure.gravatar.com/avatar/d9b1c7958d1e2ba5bb153f0388bb04c3?d=https%3A%2F%2Favatar-management--avatars.us-west-2.prod.public.atl-paas.net%2Finitials%2FSS-6.png",
    "32x32": "https://secure.gravatar.com/avatar/d9b1c7958d1e2ba5bb153f0388bb04c3?d=https%3A%2F%2Favatar-management--avatars.us-west-2.prod.public.atl-paas.net%2Finitials%2FSS-6.png"
  },
  "reporterDisplayName": "sparsh srivastava",
  "reporterActive": true,
  "reporterTimeZone": "Asia/Calcutta",
  "statusSelf": "https://sparshs.atlassian.net/rest/api/2/status/10009",
  "statusDescription": "",
  "statusIconUrl": "https://sparshs.atlassian.net/",
  "statusName": "To Do",
  "statusId": "10009",
  "statusCategorySelf": "https://sparshs.atlassian.net/rest/api/2/statuscategory/2",
  "statusCategoryId": 2,
  "statusCategoryKey": "new",
  "statusCategoryColorName": "blue-gray",
  "statusCategoryName": "To Do",
  "issueLinks": [],
  "_class": "com.cognizant.collector.jirazephyr.beans.core.JiraIssue"
},{
  "_id": "10003",
  "expand": "operations,versionedRepresentations,editmeta,changelog,customfield_10010.requestTypePractice,renderedFields",
  "self": "https://sparshs.atlassian.net/rest/api/latest/issue/10003",
  "key": "TEST-4",
  "projectSelf": "https://sparshs.atlassian.net/rest/api/2/project/10003",
  "projectId": "10003",
  "projectKey": "TEST",
  "projectName": "Test",
  "projectTypeKey": "software",
  "projectAvatarUrls": {
    "48x48": "https://sparshs.atlassian.net/rest/api/2/universal_avatar/view/type/project/avatar/10414",
    "24x24": "https://sparshs.atlassian.net/rest/api/2/universal_avatar/view/type/project/avatar/10414?size=small",
    "16x16": "https://sparshs.atlassian.net/rest/api/2/universal_avatar/view/type/project/avatar/10414?size=xsmall",
    "32x32": "https://sparshs.atlassian.net/rest/api/2/universal_avatar/view/type/project/avatar/10414?size=medium"
  },
  "issueTypeSelf": "https://sparshs.atlassian.net/rest/api/2/issuetype/10007",
  "issueTypeId": "10007",
  "issueTypeDescription": "This is the Xray Test Execution Issue Type. Used to execute test cases already defined.",
  "issueTypeIconUrl": "https://sparshs.atlassian.net/rest/api/2/universal_avatar/view/type/issuetype/avatar/10554?size=medium",
  "issueTypeName": "Test Execution",
  "issueTypeSubtask": false,
  "issueTypeAvatarId": 10554,
  "fixVersionArchived": false,
  "fixVersionReleased": false,
  "workRatio": -1,
  "summary": "comments",
  "lastViewed": "2023-04-11T15:45:25.689+0530",
  "watches": {
    "self": "https://sparshs.atlassian.net/rest/api/2/issue/TEST-4/watchers",
    "watchCount": 1,
    "isWatching": true
  },
  "subTasks": [],
  "aggregateProgress": {
    "progress": 0,
    "total": 0
  },
  "priority": "Medium",
  "priorityId": "3",
  "labels": [],
  "progress": {
    "progress": 0,
    "total": 0
  },
  "votes": {
    "self": "https://sparshs.atlassian.net/rest/api/2/issue/TEST-4/votes",
    "votes": 0,
    "hasVoted": false
  },
  "created": {
    "$date": "2023-04-11T10:15:17.367Z"
  },
  "updated": {
    "$date": "2023-04-11T10:15:17.589Z"
  },
  "creatorSelf": "https://sparshs.atlassian.net/rest/api/2/user?accountId=712020%3A54fe5cd6-a2e2-4a9a-8712-12021521719a",
  "creatorEmailAddress": "sparshs336@gmail.com",
  "creatorAvatarUrls": {
    "48x48": "https://secure.gravatar.com/avatar/d9b1c7958d1e2ba5bb153f0388bb04c3?d=https%3A%2F%2Favatar-management--avatars.us-west-2.prod.public.atl-paas.net%2Finitials%2FSS-6.png",
    "24x24": "https://secure.gravatar.com/avatar/d9b1c7958d1e2ba5bb153f0388bb04c3?d=https%3A%2F%2Favatar-management--avatars.us-west-2.prod.public.atl-paas.net%2Finitials%2FSS-6.png",
    "16x16": "https://secure.gravatar.com/avatar/d9b1c7958d1e2ba5bb153f0388bb04c3?d=https%3A%2F%2Favatar-management--avatars.us-west-2.prod.public.atl-paas.net%2Finitials%2FSS-6.png",
    "32x32": "https://secure.gravatar.com/avatar/d9b1c7958d1e2ba5bb153f0388bb04c3?d=https%3A%2F%2Favatar-management--avatars.us-west-2.prod.public.atl-paas.net%2Finitials%2FSS-6.png"
  },
  "creatorDisplayName": "sparsh srivastava",
  "creatorActive": true,
  "creatorTimeZone": "Asia/Calcutta",
  "reporterSelf": "https://sparshs.atlassian.net/rest/api/2/user?accountId=712020%3A54fe5cd6-a2e2-4a9a-8712-12021521719a",
  "reporterEmailAddress": "sparshs336@gmail.com",
  "reporterAvatarUrls": {
    "48x48": "https://secure.gravatar.com/avatar/d9b1c7958d1e2ba5bb153f0388bb04c3?d=https%3A%2F%2Favatar-management--avatars.us-west-2.prod.public.atl-paas.net%2Finitials%2FSS-6.png",
    "24x24": "https://secure.gravatar.com/avatar/d9b1c7958d1e2ba5bb153f0388bb04c3?d=https%3A%2F%2Favatar-management--avatars.us-west-2.prod.public.atl-paas.net%2Finitials%2FSS-6.png",
    "16x16": "https://secure.gravatar.com/avatar/d9b1c7958d1e2ba5bb153f0388bb04c3?d=https%3A%2F%2Favatar-management--avatars.us-west-2.prod.public.atl-paas.net%2Finitials%2FSS-6.png",
    "32x32": "https://secure.gravatar.com/avatar/d9b1c7958d1e2ba5bb153f0388bb04c3?d=https%3A%2F%2Favatar-management--avatars.us-west-2.prod.public.atl-paas.net%2Finitials%2FSS-6.png"
  },
  "reporterDisplayName": "sparsh srivastava",
  "reporterActive": true,
  "reporterTimeZone": "Asia/Calcutta",
  "statusSelf": "https://sparshs.atlassian.net/rest/api/2/status/10009",
  "statusDescription": "",
  "statusIconUrl": "https://sparshs.atlassian.net/",
  "statusName": "To Do",
  "statusId": "10009",
  "statusCategorySelf": "https://sparshs.atlassian.net/rest/api/2/statuscategory/2",
  "statusCategoryId": 2,
  "statusCategoryKey": "new",
  "statusCategoryColorName": "blue-gray",
  "statusCategoryName": "To Do",
  "issueLinks": [],
  "_class": "com.cognizant.collector.jirazephyr.beans.core.JiraIssue"
},{
  "_id": "10002",
  "expand": "operations,versionedRepresentations,editmeta,changelog,customfield_10010.requestTypePractice,renderedFields",
  "self": "https://sparshs.atlassian.net/rest/api/latest/issue/10002",
  "key": "TEST-3",
  "projectSelf": "https://sparshs.atlassian.net/rest/api/2/project/10003",
  "projectId": "10003",
  "projectKey": "TEST",
  "projectName": "Test",
  "projectTypeKey": "software",
  "projectAvatarUrls": {
    "48x48": "https://sparshs.atlassian.net/rest/api/2/universal_avatar/view/type/project/avatar/10414",
    "24x24": "https://sparshs.atlassian.net/rest/api/2/universal_avatar/view/type/project/avatar/10414?size=small",
    "16x16": "https://sparshs.atlassian.net/rest/api/2/universal_avatar/view/type/project/avatar/10414?size=xsmall",
    "32x32": "https://sparshs.atlassian.net/rest/api/2/universal_avatar/view/type/project/avatar/10414?size=medium"
  },
  "issueTypeSelf": "https://sparshs.atlassian.net/rest/api/2/issuetype/10007",
  "issueTypeId": "10007",
  "issueTypeDescription": "This is the Xray Test Execution Issue Type. Used to execute test cases already defined.",
  "issueTypeIconUrl": "https://sparshs.atlassian.net/rest/api/2/universal_avatar/view/type/issuetype/avatar/10554?size=medium",
  "issueTypeName": "Test Execution",
  "issueTypeSubtask": false,
  "issueTypeAvatarId": 10554,
  "fixVersionArchived": false,
  "fixVersionReleased": false,
  "workRatio": -1,
  "summary": "sending invite mail",
  "lastViewed": "2023-04-11T15:45:02.674+0530",
  "watches": {
    "self": "https://sparshs.atlassian.net/rest/api/2/issue/TEST-3/watchers",
    "watchCount": 1,
    "isWatching": true
  },
  "subTasks": [],
  "aggregateProgress": {
    "progress": 0,
    "total": 0
  },
  "priority": "Medium",
  "priorityId": "3",
  "labels": [],
  "progress": {
    "progress": 0,
    "total": 0
  },
  "votes": {
    "self": "https://sparshs.atlassian.net/rest/api/2/issue/TEST-3/votes",
    "votes": 0,
    "hasVoted": false
  },
  "created": {
    "$date": "2023-04-11T09:18:24.721Z"
  },
  "updated": {
    "$date": "2023-04-11T09:18:25.000Z"
  },
  "creatorSelf": "https://sparshs.atlassian.net/rest/api/2/user?accountId=712020%3A54fe5cd6-a2e2-4a9a-8712-12021521719a",
  "creatorEmailAddress": "sparshs336@gmail.com",
  "creatorAvatarUrls": {
    "48x48": "https://secure.gravatar.com/avatar/d9b1c7958d1e2ba5bb153f0388bb04c3?d=https%3A%2F%2Favatar-management--avatars.us-west-2.prod.public.atl-paas.net%2Finitials%2FSS-6.png",
    "24x24": "https://secure.gravatar.com/avatar/d9b1c7958d1e2ba5bb153f0388bb04c3?d=https%3A%2F%2Favatar-management--avatars.us-west-2.prod.public.atl-paas.net%2Finitials%2FSS-6.png",
    "16x16": "https://secure.gravatar.com/avatar/d9b1c7958d1e2ba5bb153f0388bb04c3?d=https%3A%2F%2Favatar-management--avatars.us-west-2.prod.public.atl-paas.net%2Finitials%2FSS-6.png",
    "32x32": "https://secure.gravatar.com/avatar/d9b1c7958d1e2ba5bb153f0388bb04c3?d=https%3A%2F%2Favatar-management--avatars.us-west-2.prod.public.atl-paas.net%2Finitials%2FSS-6.png"
  },
  "creatorDisplayName": "sparsh srivastava",
  "creatorActive": true,
  "creatorTimeZone": "Asia/Calcutta",
  "reporterSelf": "https://sparshs.atlassian.net/rest/api/2/user?accountId=712020%3A54fe5cd6-a2e2-4a9a-8712-12021521719a",
  "reporterEmailAddress": "sparshs336@gmail.com",
  "reporterAvatarUrls": {
    "48x48": "https://secure.gravatar.com/avatar/d9b1c7958d1e2ba5bb153f0388bb04c3?d=https%3A%2F%2Favatar-management--avatars.us-west-2.prod.public.atl-paas.net%2Finitials%2FSS-6.png",
    "24x24": "https://secure.gravatar.com/avatar/d9b1c7958d1e2ba5bb153f0388bb04c3?d=https%3A%2F%2Favatar-management--avatars.us-west-2.prod.public.atl-paas.net%2Finitials%2FSS-6.png",
    "16x16": "https://secure.gravatar.com/avatar/d9b1c7958d1e2ba5bb153f0388bb04c3?d=https%3A%2F%2Favatar-management--avatars.us-west-2.prod.public.atl-paas.net%2Finitials%2FSS-6.png",
    "32x32": "https://secure.gravatar.com/avatar/d9b1c7958d1e2ba5bb153f0388bb04c3?d=https%3A%2F%2Favatar-management--avatars.us-west-2.prod.public.atl-paas.net%2Finitials%2FSS-6.png"
  },
  "reporterDisplayName": "sparsh srivastava",
  "reporterActive": true,
  "reporterTimeZone": "Asia/Calcutta",
  "statusSelf": "https://sparshs.atlassian.net/rest/api/2/status/10009",
  "statusDescription": "",
  "statusIconUrl": "https://sparshs.atlassian.net/",
  "statusName": "To Do",
  "statusId": "10009",
  "statusCategorySelf": "https://sparshs.atlassian.net/rest/api/2/statuscategory/2",
  "statusCategoryId": 2,
  "statusCategoryKey": "new",
  "statusCategoryColorName": "blue-gray",
  "statusCategoryName": "To Do",
  "issueLinks": [],
  "_class": "com.cognizant.collector.jirazephyr.beans.core.JiraIssue"
},{
  "_id": "10001",
  "expand": "operations,versionedRepresentations,editmeta,changelog,customfield_10010.requestTypePractice,renderedFields",
  "self": "https://sparshs.atlassian.net/rest/api/latest/issue/10001",
  "key": "TEST-2",
  "projectSelf": "https://sparshs.atlassian.net/rest/api/2/project/10003",
  "projectId": "10003",
  "projectKey": "TEST",
  "projectName": "Test",
  "projectTypeKey": "software",
  "projectAvatarUrls": {
    "48x48": "https://sparshs.atlassian.net/rest/api/2/universal_avatar/view/type/project/avatar/10414",
    "24x24": "https://sparshs.atlassian.net/rest/api/2/universal_avatar/view/type/project/avatar/10414?size=small",
    "16x16": "https://sparshs.atlassian.net/rest/api/2/universal_avatar/view/type/project/avatar/10414?size=xsmall",
    "32x32": "https://sparshs.atlassian.net/rest/api/2/universal_avatar/view/type/project/avatar/10414?size=medium"
  },
  "issueTypeSelf": "https://sparshs.atlassian.net/rest/api/2/issuetype/10004",
  "issueTypeId": "10004",
  "issueTypeDescription": "This is the Xray Test Issue Type. Used to define test cases of different types that can be executed multiple times using Test Execution issues.",
  "issueTypeIconUrl": "https://sparshs.atlassian.net/rest/api/2/universal_avatar/view/type/issuetype/avatar/10551?size=medium",
  "issueTypeName": "Test",
  "issueTypeSubtask": false,
  "issueTypeAvatarId": 10551,
  "fixVersionArchived": false,
  "fixVersionReleased": false,
  "workRatio": -1,
  "summary": "authentication",
  "lastViewed": "2023-04-11T14:46:30.697+0530",
  "watches": {
    "self": "https://sparshs.atlassian.net/rest/api/2/issue/TEST-2/watchers",
    "watchCount": 1,
    "isWatching": true
  },
  "subTasks": [],
  "aggregateProgress": {
    "progress": 0,
    "total": 0
  },
  "priority": "Medium",
  "priorityId": "3",
  "labels": [],
  "progress": {
    "progress": 0,
    "total": 0
  },
  "votes": {
    "self": "https://sparshs.atlassian.net/rest/api/2/issue/TEST-2/votes",
    "votes": 0,
    "hasVoted": false
  },
  "created": {
    "$date": "2023-04-11T09:16:12.635Z"
  },
  "updated": {
    "$date": "2023-04-11T09:16:12.937Z"
  },
  "creatorSelf": "https://sparshs.atlassian.net/rest/api/2/user?accountId=712020%3A54fe5cd6-a2e2-4a9a-8712-12021521719a",
  "creatorEmailAddress": "sparshs336@gmail.com",
  "creatorAvatarUrls": {
    "48x48": "https://secure.gravatar.com/avatar/d9b1c7958d1e2ba5bb153f0388bb04c3?d=https%3A%2F%2Favatar-management--avatars.us-west-2.prod.public.atl-paas.net%2Finitials%2FSS-6.png",
    "24x24": "https://secure.gravatar.com/avatar/d9b1c7958d1e2ba5bb153f0388bb04c3?d=https%3A%2F%2Favatar-management--avatars.us-west-2.prod.public.atl-paas.net%2Finitials%2FSS-6.png",
    "16x16": "https://secure.gravatar.com/avatar/d9b1c7958d1e2ba5bb153f0388bb04c3?d=https%3A%2F%2Favatar-management--avatars.us-west-2.prod.public.atl-paas.net%2Finitials%2FSS-6.png",
    "32x32": "https://secure.gravatar.com/avatar/d9b1c7958d1e2ba5bb153f0388bb04c3?d=https%3A%2F%2Favatar-management--avatars.us-west-2.prod.public.atl-paas.net%2Finitials%2FSS-6.png"
  },
  "creatorDisplayName": "sparsh srivastava",
  "creatorActive": true,
  "creatorTimeZone": "Asia/Calcutta",
  "reporterSelf": "https://sparshs.atlassian.net/rest/api/2/user?accountId=712020%3A54fe5cd6-a2e2-4a9a-8712-12021521719a",
  "reporterEmailAddress": "sparshs336@gmail.com",
  "reporterAvatarUrls": {
    "48x48": "https://secure.gravatar.com/avatar/d9b1c7958d1e2ba5bb153f0388bb04c3?d=https%3A%2F%2Favatar-management--avatars.us-west-2.prod.public.atl-paas.net%2Finitials%2FSS-6.png",
    "24x24": "https://secure.gravatar.com/avatar/d9b1c7958d1e2ba5bb153f0388bb04c3?d=https%3A%2F%2Favatar-management--avatars.us-west-2.prod.public.atl-paas.net%2Finitials%2FSS-6.png",
    "16x16": "https://secure.gravatar.com/avatar/d9b1c7958d1e2ba5bb153f0388bb04c3?d=https%3A%2F%2Favatar-management--avatars.us-west-2.prod.public.atl-paas.net%2Finitials%2FSS-6.png",
    "32x32": "https://secure.gravatar.com/avatar/d9b1c7958d1e2ba5bb153f0388bb04c3?d=https%3A%2F%2Favatar-management--avatars.us-west-2.prod.public.atl-paas.net%2Finitials%2FSS-6.png"
  },
  "reporterDisplayName": "sparsh srivastava",
  "reporterActive": true,
  "reporterTimeZone": "Asia/Calcutta",
  "statusSelf": "https://sparshs.atlassian.net/rest/api/2/status/10009",
  "statusDescription": "",
  "statusIconUrl": "https://sparshs.atlassian.net/",
  "statusName": "To Do",
  "statusId": "10009",
  "statusCategorySelf": "https://sparshs.atlassian.net/rest/api/2/statuscategory/2",
  "statusCategoryId": 2,
  "statusCategoryKey": "new",
  "statusCategoryColorName": "blue-gray",
  "statusCategoryName": "To Do",
  "issueLinks": [],
  "_class": "com.cognizant.collector.jirazephyr.beans.core.JiraIssue"
},{
  "_id": "10000",
  "expand": "operations,versionedRepresentations,editmeta,changelog,customfield_10010.requestTypePractice,renderedFields",
  "self": "https://sparshs.atlassian.net/rest/api/latest/issue/10000",
  "key": "TEST-1",
  "projectSelf": "https://sparshs.atlassian.net/rest/api/2/project/10003",
  "projectId": "10003",
  "projectKey": "TEST",
  "projectName": "Test",
  "projectTypeKey": "software",
  "projectAvatarUrls": {
    "48x48": "https://sparshs.atlassian.net/rest/api/2/universal_avatar/view/type/project/avatar/10414",
    "24x24": "https://sparshs.atlassian.net/rest/api/2/universal_avatar/view/type/project/avatar/10414?size=small",
    "16x16": "https://sparshs.atlassian.net/rest/api/2/universal_avatar/view/type/project/avatar/10414?size=xsmall",
    "32x32": "https://sparshs.atlassian.net/rest/api/2/universal_avatar/view/type/project/avatar/10414?size=medium"
  },
  "issueTypeSelf": "https://sparshs.atlassian.net/rest/api/2/issuetype/10007",
  "issueTypeId": "10007",
  "issueTypeDescription": "This is the Xray Test Execution Issue Type. Used to execute test cases already defined.",
  "issueTypeIconUrl": "https://sparshs.atlassian.net/rest/api/2/universal_avatar/view/type/issuetype/avatar/10554?size=medium",
  "issueTypeName": "Test Execution",
  "issueTypeSubtask": false,
  "issueTypeAvatarId": 10554,
  "fixVersionArchived": false,
  "fixVersionReleased": false,
  "workRatio": -1,
  "summary": "login with credentials",
  "lastViewed": "2023-04-11T14:45:14.042+0530",
  "watches": {
    "self": "https://sparshs.atlassian.net/rest/api/2/issue/TEST-1/watchers",
    "watchCount": 1,
    "isWatching": true
  },
  "subTasks": [],
  "aggregateProgress": {
    "progress": 0,
    "total": 0
  },
  "priority": "Medium",
  "priorityId": "3",
  "labels": [],
  "progress": {
    "progress": 0,
    "total": 0
  },
  "votes": {
    "self": "https://sparshs.atlassian.net/rest/api/2/issue/TEST-1/votes",
    "votes": 0,
    "hasVoted": false
  },
  "created": {
    "$date": "2023-04-11T09:13:10.101Z"
  },
  "updated": {
    "$date": "2023-04-11T09:13:10.462Z"
  },
  "creatorSelf": "https://sparshs.atlassian.net/rest/api/2/user?accountId=712020%3A54fe5cd6-a2e2-4a9a-8712-12021521719a",
  "creatorEmailAddress": "sparshs336@gmail.com",
  "creatorAvatarUrls": {
    "48x48": "https://secure.gravatar.com/avatar/d9b1c7958d1e2ba5bb153f0388bb04c3?d=https%3A%2F%2Favatar-management--avatars.us-west-2.prod.public.atl-paas.net%2Finitials%2FSS-6.png",
    "24x24": "https://secure.gravatar.com/avatar/d9b1c7958d1e2ba5bb153f0388bb04c3?d=https%3A%2F%2Favatar-management--avatars.us-west-2.prod.public.atl-paas.net%2Finitials%2FSS-6.png",
    "16x16": "https://secure.gravatar.com/avatar/d9b1c7958d1e2ba5bb153f0388bb04c3?d=https%3A%2F%2Favatar-management--avatars.us-west-2.prod.public.atl-paas.net%2Finitials%2FSS-6.png",
    "32x32": "https://secure.gravatar.com/avatar/d9b1c7958d1e2ba5bb153f0388bb04c3?d=https%3A%2F%2Favatar-management--avatars.us-west-2.prod.public.atl-paas.net%2Finitials%2FSS-6.png"
  },
  "creatorDisplayName": "sparsh srivastava",
  "creatorActive": true,
  "creatorTimeZone": "Asia/Calcutta",
  "reporterSelf": "https://sparshs.atlassian.net/rest/api/2/user?accountId=712020%3A54fe5cd6-a2e2-4a9a-8712-12021521719a",
  "reporterEmailAddress": "sparshs336@gmail.com",
  "reporterAvatarUrls": {
    "48x48": "https://secure.gravatar.com/avatar/d9b1c7958d1e2ba5bb153f0388bb04c3?d=https%3A%2F%2Favatar-management--avatars.us-west-2.prod.public.atl-paas.net%2Finitials%2FSS-6.png",
    "24x24": "https://secure.gravatar.com/avatar/d9b1c7958d1e2ba5bb153f0388bb04c3?d=https%3A%2F%2Favatar-management--avatars.us-west-2.prod.public.atl-paas.net%2Finitials%2FSS-6.png",
    "16x16": "https://secure.gravatar.com/avatar/d9b1c7958d1e2ba5bb153f0388bb04c3?d=https%3A%2F%2Favatar-management--avatars.us-west-2.prod.public.atl-paas.net%2Finitials%2FSS-6.png",
    "32x32": "https://secure.gravatar.com/avatar/d9b1c7958d1e2ba5bb153f0388bb04c3?d=https%3A%2F%2Favatar-management--avatars.us-west-2.prod.public.atl-paas.net%2Finitials%2FSS-6.png"
  },
  "reporterDisplayName": "sparsh srivastava",
  "reporterActive": true,
  "reporterTimeZone": "Asia/Calcutta",
  "statusSelf": "https://sparshs.atlassian.net/rest/api/2/status/10009",
  "statusDescription": "",
  "statusIconUrl": "https://sparshs.atlassian.net/",
  "statusName": "To Do",
  "statusId": "10009",
  "statusCategorySelf": "https://sparshs.atlassian.net/rest/api/2/statuscategory/2",
  "statusCategoryId": 2,
  "statusCategoryKey": "new",
  "statusCategoryColorName": "blue-gray",
  "statusCategoryName": "To Do",
  "issueLinks": [],
  "_class": "com.cognizant.collector.jira.beans.core.JiraIssue"
},{
  "_id": "10990",
  "expand": "operations,versionedRepresentations,editmeta,changelog,customfield_10010.requestTypePractice,renderedFields",
  "self": "https://testingwithjira.atlassian.net/rest/api/latest/issue/10990",
  "key": "SKP-23",
  "projectSelf": "https://testingwithjira.atlassian.net/rest/api/2/project/10007",
  "projectId": "10007",
  "projectKey": "SKP",
  "projectName": "Sample Kanban Project",
  "projectTypeKey": "software",
  "projectAvatarUrls": {
    "48x48": "https://testingwithjira.atlassian.net/rest/api/2/universal_avatar/view/type/project/avatar/10411",
    "24x24": "https://testingwithjira.atlassian.net/rest/api/2/universal_avatar/view/type/project/avatar/10411?size=small",
    "16x16": "https://testingwithjira.atlassian.net/rest/api/2/universal_avatar/view/type/project/avatar/10411?size=xsmall",
    "32x32": "https://testingwithjira.atlassian.net/rest/api/2/universal_avatar/view/type/project/avatar/10411?size=medium"
  },
  "issueTypeSelf": "https://testingwithjira.atlassian.net/rest/api/2/issuetype/10009",
  "issueTypeId": "10009",
  "issueTypeDescription": "A problem or error.",
  "issueTypeIconUrl": "https://testingwithjira.atlassian.net/rest/api/2/universal_avatar/view/type/issuetype/avatar/10303?size=medium",
  "issueTypeName": "Bug",
  "issueTypeSubtask": false,
  "issueTypeAvatarId": 10303,
  "fixVersionArchived": false,
  "fixVersionReleased": false,
  "workRatio": -1,
  "summary": "logging off not working",
  "watches": {
    "self": "https://testingwithjira.atlassian.net/rest/api/2/issue/SKP-23/watchers",
    "watchCount": 1,
    "isWatching": true
  },
  "subTasks": [],
  "aggregateProgress": {
    "progress": 0,
    "total": 0
  },
  "priority": "Medium",
  "priorityId": "3",
  "labels": [],
  "environment": "chrome",
  "progress": {
    "progress": 0,
    "total": 0
  },
  "votes": {
    "self": "https://testingwithjira.atlassian.net/rest/api/2/issue/SKP-23/votes",
    "votes": 0,
    "hasVoted": false
  },
  "created": {
    "$date": "2023-04-12T11:22:40.035Z"
  },
  "updated": {
    "$date": "2023-04-12T11:22:40.252Z"
  },
  "creatorSelf": "https://testingwithjira.atlassian.net/rest/api/2/user?accountId=622751aca687c5006a61a882",
  "creatorEmailAddress": "testinglogin494@gmail.com",
  "creatorAvatarUrls": {
    "48x48": "https://secure.gravatar.com/avatar/0a813776620c1e85910aa7901646defb?d=https%3A%2F%2Favatar-management--avatars.us-west-2.prod.public.atl-paas.net%2Finitials%2FTL-1.png",
    "24x24": "https://secure.gravatar.com/avatar/0a813776620c1e85910aa7901646defb?d=https%3A%2F%2Favatar-management--avatars.us-west-2.prod.public.atl-paas.net%2Finitials%2FTL-1.png",
    "16x16": "https://secure.gravatar.com/avatar/0a813776620c1e85910aa7901646defb?d=https%3A%2F%2Favatar-management--avatars.us-west-2.prod.public.atl-paas.net%2Finitials%2FTL-1.png",
    "32x32": "https://secure.gravatar.com/avatar/0a813776620c1e85910aa7901646defb?d=https%3A%2F%2Favatar-management--avatars.us-west-2.prod.public.atl-paas.net%2Finitials%2FTL-1.png"
  },
  "creatorDisplayName": "Testing Login",
  "creatorActive": true,
  "creatorTimeZone": "UTC",
  "reporterSelf": "https://testingwithjira.atlassian.net/rest/api/2/user?accountId=622751aca687c5006a61a882",
  "reporterEmailAddress": "testinglogin494@gmail.com",
  "reporterAvatarUrls": {
    "48x48": "https://secure.gravatar.com/avatar/0a813776620c1e85910aa7901646defb?d=https%3A%2F%2Favatar-management--avatars.us-west-2.prod.public.atl-paas.net%2Finitials%2FTL-1.png",
    "24x24": "https://secure.gravatar.com/avatar/0a813776620c1e85910aa7901646defb?d=https%3A%2F%2Favatar-management--avatars.us-west-2.prod.public.atl-paas.net%2Finitials%2FTL-1.png",
    "16x16": "https://secure.gravatar.com/avatar/0a813776620c1e85910aa7901646defb?d=https%3A%2F%2Favatar-management--avatars.us-west-2.prod.public.atl-paas.net%2Finitials%2FTL-1.png",
    "32x32": "https://secure.gravatar.com/avatar/0a813776620c1e85910aa7901646defb?d=https%3A%2F%2Favatar-management--avatars.us-west-2.prod.public.atl-paas.net%2Finitials%2FTL-1.png"
  },
  "reporterDisplayName": "Testing Login",
  "reporterActive": true,
  "reporterTimeZone": "UTC",
  "statusSelf": "https://testingwithjira.atlassian.net/rest/api/2/status/10020",
  "statusDescription": "",
  "statusIconUrl": "https://testingwithjira.atlassian.net/",
  "statusName": "Backlog",
  "statusId": "10020",
  "statusCategorySelf": "https://testingwithjira.atlassian.net/rest/api/2/statuscategory/2",
  "statusCategoryId": 2,
  "statusCategoryKey": "new",
  "statusCategoryColorName": "blue-gray",
  "statusCategoryName": "To Do",
  "issueLinks": [],
  "_class": "com.cognizant.collector.jira.beans.core.JiraIssue"
},{
  "_id": "10989",
  "expand": "operations,versionedRepresentations,editmeta,changelog,customfield_10010.requestTypePractice,renderedFields",
  "self": "https://testingwithjira.atlassian.net/rest/api/latest/issue/10989",
  "key": "SKP-22",
  "projectSelf": "https://testingwithjira.atlassian.net/rest/api/2/project/10007",
  "projectId": "10007",
  "projectKey": "SKP",
  "projectName": "Sample Kanban Project",
  "projectTypeKey": "software",
  "projectAvatarUrls": {
    "48x48": "https://testingwithjira.atlassian.net/rest/api/2/universal_avatar/view/type/project/avatar/10411",
    "24x24": "https://testingwithjira.atlassian.net/rest/api/2/universal_avatar/view/type/project/avatar/10411?size=small",
    "16x16": "https://testingwithjira.atlassian.net/rest/api/2/universal_avatar/view/type/project/avatar/10411?size=xsmall",
    "32x32": "https://testingwithjira.atlassian.net/rest/api/2/universal_avatar/view/type/project/avatar/10411?size=medium"
  },
  "issueTypeSelf": "https://testingwithjira.atlassian.net/rest/api/2/issuetype/10007",
  "issueTypeId": "10007",
  "issueTypeDescription": "A small, distinct piece of work.",
  "issueTypeIconUrl": "https://testingwithjira.atlassian.net/rest/api/2/universal_avatar/view/type/issuetype/avatar/10318?size=medium",
  "issueTypeName": "Task",
  "issueTypeSubtask": false,
  "issueTypeAvatarId": 10318,
  "description": "chrome ,safari",
  "fixVersionArchived": false,
  "fixVersionReleased": false,
  "workRatio": -1,
  "summary": "functions",
  "watches": {
    "self": "https://testingwithjira.atlassian.net/rest/api/2/issue/SKP-22/watchers",
    "watchCount": 1,
    "isWatching": true
  },
  "subTasks": [],
  "aggregateProgress": {
    "progress": 0,
    "total": 0
  },
  "priority": "Medium",
  "priorityId": "3",
  "labels": [],
  "environment": "chrome",
  "progress": {
    "progress": 0,
    "total": 0
  },
  "votes": {
    "self": "https://testingwithjira.atlassian.net/rest/api/2/issue/SKP-22/votes",
    "votes": 0,
    "hasVoted": false
  },
  "created": {
    "$date": "2023-04-12T11:22:12.218Z"
  },
  "updated": {
    "$date": "2023-04-12T11:22:13.111Z"
  },
  "creatorSelf": "https://testingwithjira.atlassian.net/rest/api/2/user?accountId=622751aca687c5006a61a882",
  "creatorEmailAddress": "testinglogin494@gmail.com",
  "creatorAvatarUrls": {
    "48x48": "https://secure.gravatar.com/avatar/0a813776620c1e85910aa7901646defb?d=https%3A%2F%2Favatar-management--avatars.us-west-2.prod.public.atl-paas.net%2Finitials%2FTL-1.png",
    "24x24": "https://secure.gravatar.com/avatar/0a813776620c1e85910aa7901646defb?d=https%3A%2F%2Favatar-management--avatars.us-west-2.prod.public.atl-paas.net%2Finitials%2FTL-1.png",
    "16x16": "https://secure.gravatar.com/avatar/0a813776620c1e85910aa7901646defb?d=https%3A%2F%2Favatar-management--avatars.us-west-2.prod.public.atl-paas.net%2Finitials%2FTL-1.png",
    "32x32": "https://secure.gravatar.com/avatar/0a813776620c1e85910aa7901646defb?d=https%3A%2F%2Favatar-management--avatars.us-west-2.prod.public.atl-paas.net%2Finitials%2FTL-1.png"
  },
  "creatorDisplayName": "Testing Login",
  "creatorActive": true,
  "creatorTimeZone": "UTC",
  "reporterSelf": "https://testingwithjira.atlassian.net/rest/api/2/user?accountId=622751aca687c5006a61a882",
  "reporterEmailAddress": "testinglogin494@gmail.com",
  "reporterAvatarUrls": {
    "48x48": "https://secure.gravatar.com/avatar/0a813776620c1e85910aa7901646defb?d=https%3A%2F%2Favatar-management--avatars.us-west-2.prod.public.atl-paas.net%2Finitials%2FTL-1.png",
    "24x24": "https://secure.gravatar.com/avatar/0a813776620c1e85910aa7901646defb?d=https%3A%2F%2Favatar-management--avatars.us-west-2.prod.public.atl-paas.net%2Finitials%2FTL-1.png",
    "16x16": "https://secure.gravatar.com/avatar/0a813776620c1e85910aa7901646defb?d=https%3A%2F%2Favatar-management--avatars.us-west-2.prod.public.atl-paas.net%2Finitials%2FTL-1.png",
    "32x32": "https://secure.gravatar.com/avatar/0a813776620c1e85910aa7901646defb?d=https%3A%2F%2Favatar-management--avatars.us-west-2.prod.public.atl-paas.net%2Finitials%2FTL-1.png"
  },
  "reporterDisplayName": "Testing Login",
  "reporterActive": true,
  "reporterTimeZone": "UTC",
  "statusSelf": "https://testingwithjira.atlassian.net/rest/api/2/status/10020",
  "statusDescription": "",
  "statusIconUrl": "https://testingwithjira.atlassian.net/",
  "statusName": "Backlog",
  "statusId": "10020",
  "statusCategorySelf": "https://testingwithjira.atlassian.net/rest/api/2/statuscategory/2",
  "statusCategoryId": 2,
  "statusCategoryKey": "new",
  "statusCategoryColorName": "blue-gray",
  "statusCategoryName": "To Do",
  "issueLinks": [],
  "_class": "com.cognizant.collector.jira.beans.core.JiraIssue"
},{
  "_id": "10988",
  "expand": "operations,versionedRepresentations,editmeta,changelog,customfield_10010.requestTypePractice,renderedFields",
  "self": "https://testingwithjira.atlassian.net/rest/api/latest/issue/10988",
  "key": "SKP-21",
  "projectSelf": "https://testingwithjira.atlassian.net/rest/api/2/project/10007",
  "projectId": "10007",
  "projectKey": "SKP",
  "projectName": "Sample Kanban Project",
  "projectTypeKey": "software",
  "projectAvatarUrls": {
    "48x48": "https://testingwithjira.atlassian.net/rest/api/2/universal_avatar/view/type/project/avatar/10411",
    "24x24": "https://testingwithjira.atlassian.net/rest/api/2/universal_avatar/view/type/project/avatar/10411?size=small",
    "16x16": "https://testingwithjira.atlassian.net/rest/api/2/universal_avatar/view/type/project/avatar/10411?size=xsmall",
    "32x32": "https://testingwithjira.atlassian.net/rest/api/2/universal_avatar/view/type/project/avatar/10411?size=medium"
  },
  "issueTypeSelf": "https://testingwithjira.atlassian.net/rest/api/2/issuetype/10007",
  "issueTypeId": "10007",
  "issueTypeDescription": "A small, distinct piece of work.",
  "issueTypeIconUrl": "https://testingwithjira.atlassian.net/rest/api/2/universal_avatar/view/type/issuetype/avatar/10318?size=medium",
  "issueTypeName": "Task",
  "issueTypeSubtask": false,
  "issueTypeAvatarId": 10318,
  "fixVersionArchived": false,
  "fixVersionReleased": false,
  "workRatio": -1,
  "summary": "generating tokens",
  "watches": {
    "self": "https://testingwithjira.atlassian.net/rest/api/2/issue/SKP-21/watchers",
    "watchCount": 1,
    "isWatching": true
  },
  "subTasks": [],
  "aggregateProgress": {
    "progress": 0,
    "total": 0
  },
  "priority": "Medium",
  "priorityId": "3",
  "labels": [],
  "environment": "chrome",
  "progress": {
    "progress": 0,
    "total": 0
  },
  "votes": {
    "self": "https://testingwithjira.atlassian.net/rest/api/2/issue/SKP-21/votes",
    "votes": 0,
    "hasVoted": false
  },
  "created": {
    "$date": "2023-04-12T11:21:40.113Z"
  },
  "updated": {
    "$date": "2023-04-12T11:21:40.307Z"
  },
  "creatorSelf": "https://testingwithjira.atlassian.net/rest/api/2/user?accountId=622751aca687c5006a61a882",
  "creatorEmailAddress": "testinglogin494@gmail.com",
  "creatorAvatarUrls": {
    "48x48": "https://secure.gravatar.com/avatar/0a813776620c1e85910aa7901646defb?d=https%3A%2F%2Favatar-management--avatars.us-west-2.prod.public.atl-paas.net%2Finitials%2FTL-1.png",
    "24x24": "https://secure.gravatar.com/avatar/0a813776620c1e85910aa7901646defb?d=https%3A%2F%2Favatar-management--avatars.us-west-2.prod.public.atl-paas.net%2Finitials%2FTL-1.png",
    "16x16": "https://secure.gravatar.com/avatar/0a813776620c1e85910aa7901646defb?d=https%3A%2F%2Favatar-management--avatars.us-west-2.prod.public.atl-paas.net%2Finitials%2FTL-1.png",
    "32x32": "https://secure.gravatar.com/avatar/0a813776620c1e85910aa7901646defb?d=https%3A%2F%2Favatar-management--avatars.us-west-2.prod.public.atl-paas.net%2Finitials%2FTL-1.png"
  },
  "creatorDisplayName": "Testing Login",
  "creatorActive": true,
  "creatorTimeZone": "UTC",
  "reporterSelf": "https://testingwithjira.atlassian.net/rest/api/2/user?accountId=622751aca687c5006a61a882",
  "reporterEmailAddress": "testinglogin494@gmail.com",
  "reporterAvatarUrls": {
    "48x48": "https://secure.gravatar.com/avatar/0a813776620c1e85910aa7901646defb?d=https%3A%2F%2Favatar-management--avatars.us-west-2.prod.public.atl-paas.net%2Finitials%2FTL-1.png",
    "24x24": "https://secure.gravatar.com/avatar/0a813776620c1e85910aa7901646defb?d=https%3A%2F%2Favatar-management--avatars.us-west-2.prod.public.atl-paas.net%2Finitials%2FTL-1.png",
    "16x16": "https://secure.gravatar.com/avatar/0a813776620c1e85910aa7901646defb?d=https%3A%2F%2Favatar-management--avatars.us-west-2.prod.public.atl-paas.net%2Finitials%2FTL-1.png",
    "32x32": "https://secure.gravatar.com/avatar/0a813776620c1e85910aa7901646defb?d=https%3A%2F%2Favatar-management--avatars.us-west-2.prod.public.atl-paas.net%2Finitials%2FTL-1.png"
  },
  "reporterDisplayName": "Testing Login",
  "reporterActive": true,
  "reporterTimeZone": "UTC",
  "statusSelf": "https://testingwithjira.atlassian.net/rest/api/2/status/10020",
  "statusDescription": "",
  "statusIconUrl": "https://testingwithjira.atlassian.net/",
  "statusName": "Backlog",
  "statusId": "10020",
  "statusCategorySelf": "https://testingwithjira.atlassian.net/rest/api/2/statuscategory/2",
  "statusCategoryId": 2,
  "statusCategoryKey": "new",
  "statusCategoryColorName": "blue-gray",
  "statusCategoryName": "To Do",
  "issueLinks": [],
  "_class": "com.cognizant.collector.jira.beans.core.JiraIssue"
},{
  "_id": "10987",
  "expand": "operations,versionedRepresentations,editmeta,changelog,customfield_10010.requestTypePractice,renderedFields",
  "self": "https://testingwithjira.atlassian.net/rest/api/latest/issue/10987",
  "key": "SKP-20",
  "projectSelf": "https://testingwithjira.atlassian.net/rest/api/2/project/10007",
  "projectId": "10007",
  "projectKey": "SKP",
  "projectName": "Sample Kanban Project",
  "projectTypeKey": "software",
  "projectAvatarUrls": {
    "48x48": "https://testingwithjira.atlassian.net/rest/api/2/universal_avatar/view/type/project/avatar/10411",
    "24x24": "https://testingwithjira.atlassian.net/rest/api/2/universal_avatar/view/type/project/avatar/10411?size=small",
    "16x16": "https://testingwithjira.atlassian.net/rest/api/2/universal_avatar/view/type/project/avatar/10411?size=xsmall",
    "32x32": "https://testingwithjira.atlassian.net/rest/api/2/universal_avatar/view/type/project/avatar/10411?size=medium"
  },
  "issueTypeSelf": "https://testingwithjira.atlassian.net/rest/api/2/issuetype/10007",
  "issueTypeId": "10007",
  "issueTypeDescription": "A small, distinct piece of work.",
  "issueTypeIconUrl": "https://testingwithjira.atlassian.net/rest/api/2/universal_avatar/view/type/issuetype/avatar/10318?size=medium",
  "issueTypeName": "Task",
  "issueTypeSubtask": false,
  "issueTypeAvatarId": 10318,
  "fixVersionArchived": false,
  "fixVersionReleased": false,
  "workRatio": -1,
  "summary": "verify homepage",
  "watches": {
    "self": "https://testingwithjira.atlassian.net/rest/api/2/issue/SKP-20/watchers",
    "watchCount": 1,
    "isWatching": true
  },
  "subTasks": [],
  "aggregateProgress": {
    "progress": 0,
    "total": 0
  },
  "priority": "Medium",
  "priorityId": "3",
  "labels": [],
  "environment": "chrome",
  "progress": {
    "progress": 0,
    "total": 0
  },
  "votes": {
    "self": "https://testingwithjira.atlassian.net/rest/api/2/issue/SKP-20/votes",
    "votes": 0,
    "hasVoted": false
  },
  "created": {
    "$date": "2023-04-12T11:21:06.584Z"
  },
  "updated": {
    "$date": "2023-04-12T11:21:06.911Z"
  },
  "creatorSelf": "https://testingwithjira.atlassian.net/rest/api/2/user?accountId=622751aca687c5006a61a882",
  "creatorEmailAddress": "testinglogin494@gmail.com",
  "creatorAvatarUrls": {
    "48x48": "https://secure.gravatar.com/avatar/0a813776620c1e85910aa7901646defb?d=https%3A%2F%2Favatar-management--avatars.us-west-2.prod.public.atl-paas.net%2Finitials%2FTL-1.png",
    "24x24": "https://secure.gravatar.com/avatar/0a813776620c1e85910aa7901646defb?d=https%3A%2F%2Favatar-management--avatars.us-west-2.prod.public.atl-paas.net%2Finitials%2FTL-1.png",
    "16x16": "https://secure.gravatar.com/avatar/0a813776620c1e85910aa7901646defb?d=https%3A%2F%2Favatar-management--avatars.us-west-2.prod.public.atl-paas.net%2Finitials%2FTL-1.png",
    "32x32": "https://secure.gravatar.com/avatar/0a813776620c1e85910aa7901646defb?d=https%3A%2F%2Favatar-management--avatars.us-west-2.prod.public.atl-paas.net%2Finitials%2FTL-1.png"
  },
  "creatorDisplayName": "Testing Login",
  "creatorActive": true,
  "creatorTimeZone": "UTC",
  "reporterSelf": "https://testingwithjira.atlassian.net/rest/api/2/user?accountId=622751aca687c5006a61a882",
  "reporterEmailAddress": "testinglogin494@gmail.com",
  "reporterAvatarUrls": {
    "48x48": "https://secure.gravatar.com/avatar/0a813776620c1e85910aa7901646defb?d=https%3A%2F%2Favatar-management--avatars.us-west-2.prod.public.atl-paas.net%2Finitials%2FTL-1.png",
    "24x24": "https://secure.gravatar.com/avatar/0a813776620c1e85910aa7901646defb?d=https%3A%2F%2Favatar-management--avatars.us-west-2.prod.public.atl-paas.net%2Finitials%2FTL-1.png",
    "16x16": "https://secure.gravatar.com/avatar/0a813776620c1e85910aa7901646defb?d=https%3A%2F%2Favatar-management--avatars.us-west-2.prod.public.atl-paas.net%2Finitials%2FTL-1.png",
    "32x32": "https://secure.gravatar.com/avatar/0a813776620c1e85910aa7901646defb?d=https%3A%2F%2Favatar-management--avatars.us-west-2.prod.public.atl-paas.net%2Finitials%2FTL-1.png"
  },
  "reporterDisplayName": "Testing Login",
  "reporterActive": true,
  "reporterTimeZone": "UTC",
  "statusSelf": "https://testingwithjira.atlassian.net/rest/api/2/status/10020",
  "statusDescription": "",
  "statusIconUrl": "https://testingwithjira.atlassian.net/",
  "statusName": "Backlog",
  "statusId": "10020",
  "statusCategorySelf": "https://testingwithjira.atlassian.net/rest/api/2/statuscategory/2",
  "statusCategoryId": 2,
  "statusCategoryKey": "new",
  "statusCategoryColorName": "blue-gray",
  "statusCategoryName": "To Do",
  "issueLinks": [],
  "_class": "com.cognizant.collector.jira.beans.core.JiraIssue"
},{
  "_id": "10986",
  "expand": "operations,versionedRepresentations,editmeta,changelog,customfield_10010.requestTypePractice,renderedFields",
  "self": "https://testingwithjira.atlassian.net/rest/api/latest/issue/10986",
  "key": "SKP-19",
  "projectSelf": "https://testingwithjira.atlassian.net/rest/api/2/project/10007",
  "projectId": "10007",
  "projectKey": "SKP",
  "projectName": "Sample Kanban Project",
  "projectTypeKey": "software",
  "projectAvatarUrls": {
    "48x48": "https://testingwithjira.atlassian.net/rest/api/2/universal_avatar/view/type/project/avatar/10411",
    "24x24": "https://testingwithjira.atlassian.net/rest/api/2/universal_avatar/view/type/project/avatar/10411?size=small",
    "16x16": "https://testingwithjira.atlassian.net/rest/api/2/universal_avatar/view/type/project/avatar/10411?size=xsmall",
    "32x32": "https://testingwithjira.atlassian.net/rest/api/2/universal_avatar/view/type/project/avatar/10411?size=medium"
  },
  "issueTypeSelf": "https://testingwithjira.atlassian.net/rest/api/2/issuetype/10009",
  "issueTypeId": "10009",
  "issueTypeDescription": "A problem or error.",
  "issueTypeIconUrl": "https://testingwithjira.atlassian.net/rest/api/2/universal_avatar/view/type/issuetype/avatar/10303?size=medium",
  "issueTypeName": "Bug",
  "issueTypeSubtask": false,
  "issueTypeAvatarId": 10303,
  "fixVersionArchived": false,
  "fixVersionReleased": false,
  "workRatio": -1,
  "summary": "Login Field is Missing",
  "lastViewed": "2023-03-17T03:19:03.539+0000",
  "watches": {
    "self": "https://testingwithjira.atlassian.net/rest/api/2/issue/SKP-19/watchers",
    "watchCount": 1,
    "isWatching": true
  },
  "subTasks": [],
  "aggregateProgress": {
    "progress": 0,
    "total": 0
  },
  "priority": "Medium",
  "priorityId": "3",
  "labels": [],
  "environment": "Software",
  "progress": {
    "progress": 0,
    "total": 0
  },
  "votes": {
    "self": "https://testingwithjira.atlassian.net/rest/api/2/issue/SKP-19/votes",
    "votes": 0,
    "hasVoted": false
  },
  "created": {
    "$date": "2023-02-06T13:32:04.812Z"
  },
  "updated": {
    "$date": "2023-02-06T13:32:04.812Z"
  },
  "creatorSelf": "https://testingwithjira.atlassian.net/rest/api/2/user?accountId=622751aca687c5006a61a882",
  "creatorEmailAddress": "testinglogin494@gmail.com",
  "creatorAvatarUrls": {
    "48x48": "https://secure.gravatar.com/avatar/0a813776620c1e85910aa7901646defb?d=https%3A%2F%2Favatar-management--avatars.us-west-2.prod.public.atl-paas.net%2Finitials%2FTL-1.png",
    "24x24": "https://secure.gravatar.com/avatar/0a813776620c1e85910aa7901646defb?d=https%3A%2F%2Favatar-management--avatars.us-west-2.prod.public.atl-paas.net%2Finitials%2FTL-1.png",
    "16x16": "https://secure.gravatar.com/avatar/0a813776620c1e85910aa7901646defb?d=https%3A%2F%2Favatar-management--avatars.us-west-2.prod.public.atl-paas.net%2Finitials%2FTL-1.png",
    "32x32": "https://secure.gravatar.com/avatar/0a813776620c1e85910aa7901646defb?d=https%3A%2F%2Favatar-management--avatars.us-west-2.prod.public.atl-paas.net%2Finitials%2FTL-1.png"
  },
  "creatorDisplayName": "Testing Login",
  "creatorActive": true,
  "creatorTimeZone": "UTC",
  "reporterSelf": "https://testingwithjira.atlassian.net/rest/api/2/user?accountId=622751aca687c5006a61a882",
  "reporterEmailAddress": "testinglogin494@gmail.com",
  "reporterAvatarUrls": {
    "48x48": "https://secure.gravatar.com/avatar/0a813776620c1e85910aa7901646defb?d=https%3A%2F%2Favatar-management--avatars.us-west-2.prod.public.atl-paas.net%2Finitials%2FTL-1.png",
    "24x24": "https://secure.gravatar.com/avatar/0a813776620c1e85910aa7901646defb?d=https%3A%2F%2Favatar-management--avatars.us-west-2.prod.public.atl-paas.net%2Finitials%2FTL-1.png",
    "16x16": "https://secure.gravatar.com/avatar/0a813776620c1e85910aa7901646defb?d=https%3A%2F%2Favatar-management--avatars.us-west-2.prod.public.atl-paas.net%2Finitials%2FTL-1.png",
    "32x32": "https://secure.gravatar.com/avatar/0a813776620c1e85910aa7901646defb?d=https%3A%2F%2Favatar-management--avatars.us-west-2.prod.public.atl-paas.net%2Finitials%2FTL-1.png"
  },
  "reporterDisplayName": "Testing Login",
  "reporterActive": true,
  "reporterTimeZone": "UTC",
  "statusSelf": "https://testingwithjira.atlassian.net/rest/api/2/status/10020",
  "statusDescription": "",
  "statusIconUrl": "https://testingwithjira.atlassian.net/",
  "statusName": "Backlog",
  "statusId": "10020",
  "statusCategorySelf": "https://testingwithjira.atlassian.net/rest/api/2/statuscategory/2",
  "statusCategoryId": 2,
  "statusCategoryKey": "new",
  "statusCategoryColorName": "blue-gray",
  "statusCategoryName": "To Do",
  "issueLinks": [],
  "_class": "com.cognizant.collector.jira.beans.core.JiraIssue"
}]