[{
  "_id": {
    "$oid": "64368cda9370531b5595ac67"
  },
  "cycleId": "1001",
  "cycleName": "Cycle 1 - New Features",
  "description": "<html><body>\nThis cycle will test the new features implemented in the release.\n</body></html>",
  "domainName": "DEFAULT",
  "projectName": "DemoProject",
  "releaseId": "1001",
  "reqCount": 54,
  "verStamp": "3",
  "cfCount": 1,
  "startDate": {
    "$date": "2016-04-02T18:30:00.000Z"
  },
  "endDate": {
    "$date": "2012-05-02T18:30:00.000Z"
  },
  "lastModified": {
    "$date": "2014-10-24T08:16:42.000Z"
  },
  "_class": "com.cognizant.collector.alm.beans.cycle.Cycle"
},{
  "_id": {
    "$oid": "64368cda9370531b5595ac68"
  },
  "cycleId": "1002",
  "cycleName": "Cycle 2 - New Features + Regression",
  "description": "<html><body> \n<div align=\"left\">\n<font face=\"Arial\"><span style=\"font-size:8pt;background:#ffff00\">This cycle will test the basic operations in the application.</span></font>\n</div> \n<div align=\"left\">\n&nbsp;&nbsp;\n</div> \n<ul style=\"margin-top:0mm;margin-bottom:0mm;list-style-type:disc\"> \n<li style=\"font-family:'symbol';color:#010101\"><font face=\"Arial\"><span style=\"font-size:8pt;font-family:'arial';color:#010101;font-weight:normal;font-style:italic\"><i>Registe in the application</i></span></font></li> \n<li style=\"font-family:'symbol';color:#010101\"><font face=\"Arial\"><span style=\"font-size:8pt;font-family:'arial';color:#010101;font-weight:normal;font-style:italic\"><i>Serach the flight</i></span></font></li> \n<li style=\"font-family:'symbol';color:#010101\"><font face=\"Arial\"><span style=\"font-size:8pt;font-family:'arial';color:#010101;font-weight:normal;font-style:italic\"><i>Flight reservations</i></span></font></li> \n<li style=\"font-family:'symbol';color:#010101\"><font face=\"Arial\"><span style=\"font-size:8pt;font-family:'arial';color:#010101;font-weight:normal;font-style:italic\"><i>Pay tickets</i></span></font></li> \n</ul>  \n</body></html>",
  "domainName": "DEFAULT",
  "projectName": "DemoProject",
  "releaseId": "1001",
  "reqCount": 41,
  "verStamp": "4",
  "cfCount": 1,
  "startDate": {
    "$date": "2016-05-03T18:30:00.000Z"
  },
  "endDate": {
    "$date": "2012-06-02T18:30:00.000Z"
  },
  "lastModified": {
    "$date": "2014-10-24T08:16:42.000Z"
  },
  "_class": "com.cognizant.collector.alm.beans.cycle.Cycle"
},{
  "_id": {
    "$oid": "64368cda9370531b5595ac69"
  },
  "cycleId": "1003",
  "cycleName": "Cycle 3 a - Sanity",
  "description": "<html><body>\nThis cycle will test the basic operations in\n<font style=\"margin-top:0px;font-size:8pt;margin-left:0px\"> the application.</font>\n</body></html>",
  "domainName": "DEFAULT",
  "projectName": "DemoProject",
  "releaseId": "1001",
  "reqCount": 73,
  "verStamp": "5",
  "cfCount": 1,
  "startDate": {
    "$date": "2016-06-03T18:30:00.000Z"
  },
  "endDate": {
    "$date": "2012-06-14T18:30:00.000Z"
  },
  "lastModified": {
    "$date": "2014-10-24T08:16:42.000Z"
  },
  "_class": "com.cognizant.collector.alm.beans.cycle.Cycle"
},{
  "_id": {
    "$oid": "64368cda9370531b5595ac6a"
  },
  "cycleId": "1004",
  "cycleName": "Cycle 4 a - Full",
  "domainName": "DEFAULT",
  "projectName": "DemoProject",
  "releaseId": "1001",
  "reqCount": 92,
  "verStamp": "4",
  "cfCount": 1,
  "startDate": {
    "$date": "2016-07-03T18:30:00.000Z"
  },
  "endDate": {
    "$date": "2012-08-02T18:30:00.000Z"
  },
  "lastModified": {
    "$date": "2014-10-24T08:16:42.000Z"
  },
  "_class": "com.cognizant.collector.alm.beans.cycle.Cycle"
},{
  "_id": {
    "$oid": "64368cda9370531b5595ac6b"
  },
  "cycleId": "1005",
  "cycleName": "Cycle 3 b - Sanity",
  "description": "<html><body>\nThis cycle will test the basic operations in\n<font style=\"margin-top:0px;font-size:8pt;margin-left:0px\"> the application.</font>\n</body></html>",
  "domainName": "DEFAULT",
  "projectName": "DemoProject",
  "releaseId": "1001",
  "reqCount": 73,
  "verStamp": "4",
  "cfCount": 0,
  "startDate": {
    "$date": "2016-06-15T18:30:00.000Z"
  },
  "endDate": {
    "$date": "2012-07-02T18:30:00.000Z"
  },
  "lastModified": {
    "$date": "2014-10-24T08:16:42.000Z"
  },
  "_class": "com.cognizant.collector.alm.beans.cycle.Cycle"
},{
  "_id": {
    "$oid": "64368cda9370531b5595ac6c"
  },
  "cycleId": "1006",
  "cycleName": "Cycle 4 b - Full",
  "domainName": "DEFAULT",
  "projectName": "DemoProject",
  "releaseId": "1001",
  "reqCount": 84,
  "verStamp": "2",
  "cfCount": 0,
  "startDate": {
    "$date": "2016-07-03T18:30:00.000Z"
  },
  "endDate": {
    "$date": "2012-08-02T18:30:00.000Z"
  },
  "lastModified": {
    "$date": "2014-10-24T08:16:42.000Z"
  },
  "_class": "com.cognizant.collector.alm.beans.cycle.Cycle"
},{
  "_id": {
    "$oid": "64368cda9370531b5595ac6d"
  },
  "cycleId": "1007",
  "cycleName": "Cycle 1 - New Features",
  "domainName": "DEFAULT",
  "projectName": "DemoProject",
  "releaseId": "1002",
  "reqCount": 0,
  "verStamp": "1",
  "cfCount": 0,
  "startDate": {
    "$date": "2016-08-31T18:30:00.000Z"
  },
  "endDate": {
    "$date": "2012-12-03T18:30:00.000Z"
  },
  "lastModified": {
    "$date": "2014-10-24T08:16:42.000Z"
  },
  "_class": "com.cognizant.collector.alm.beans.cycle.Cycle"
},{
  "_id": {
    "$oid": "64368cda9370531b5595ac6e"
  },
  "cycleId": "1008",
  "cycleName": "Cycle 2 - New Features + Regression",
  "domainName": "DEFAULT",
  "projectName": "DemoProject",
  "releaseId": "1002",
  "reqCount": 0,
  "verStamp": "1",
  "cfCount": 0,
  "startDate": {
    "$date": "2016-12-04T18:30:00.000Z"
  },
  "endDate": {
    "$date": "2013-01-03T18:30:00.000Z"
  },
  "lastModified": {
    "$date": "2014-10-24T08:16:42.000Z"
  },
  "_class": "com.cognizant.collector.alm.beans.cycle.Cycle"
},{
  "_id": {
    "$oid": "64368cda9370531b5595ac6f"
  },
  "cycleId": "1009",
  "cycleName": "Cycle 3 a - Sanity",
  "domainName": "DEFAULT",
  "projectName": "DemoProject",
  "releaseId": "1002",
  "reqCount": 0,
  "verStamp": "1",
  "cfCount": 0,
  "startDate": {
    "$date": "2017-01-04T18:30:00.000Z"
  },
  "endDate": {
    "$date": "2013-01-15T18:30:00.000Z"
  },
  "lastModified": {
    "$date": "2014-10-24T08:16:42.000Z"
  },
  "_class": "com.cognizant.collector.alm.beans.cycle.Cycle"
},{
  "_id": {
    "$oid": "64368cda9370531b5595ac70"
  },
  "cycleId": "1010",
  "cycleName": "Cycle 3 b - Sanity",
  "domainName": "DEFAULT",
  "projectName": "DemoProject",
  "releaseId": "1002",
  "reqCount": 0,
  "verStamp": "1",
  "cfCount": 0,
  "startDate": {
    "$date": "2017-01-15T18:30:00.000Z"
  },
  "endDate": {
    "$date": "2013-01-29T18:30:00.000Z"
  },
  "lastModified": {
    "$date": "2014-10-24T08:16:42.000Z"
  },
  "_class": "com.cognizant.collector.alm.beans.cycle.Cycle"
},{
  "_id": {
    "$oid": "64368cda9370531b5595ac71"
  },
  "cycleId": "1011",
  "cycleName": "Cycle 4 - Full",
  "domainName": "DEFAULT",
  "projectName": "DemoProject",
  "releaseId": "1002",
  "reqCount": 0,
  "verStamp": "1",
  "cfCount": 0,
  "startDate": {
    "$date": "2017-01-30T18:30:00.000Z"
  },
  "endDate": {
    "$date": "2013-03-03T18:30:00.000Z"
  },
  "lastModified": {
    "$date": "2014-10-24T08:16:42.000Z"
  },
  "_class": "com.cognizant.collector.alm.beans.cycle.Cycle"
},{
  "_id": {
    "$oid": "64368cda9370531b5595ac72"
  },
  "cycleId": "1012",
  "cycleName": "Cycle1.0.1",
  "domainName": "DEFAULT",
  "projectName": "DemoProject",
  "releaseId": "1003",
  "reqCount": 0,
  "verStamp": "3",
  "cfCount": 0,
  "startDate": {
    "$date": "2022-08-25T18:30:00.000Z"
  },
  "endDate": {
    "$date": "2022-08-30T18:30:00.000Z"
  },
  "lastModified": {
    "$date": "2022-08-25T03:57:54.000Z"
  },
  "_class": "com.cognizant.collector.alm.beans.cycle.Cycle"
},{
  "_id": {
    "$oid": "64368cda9370531b5595ac73"
  },
  "cycleId": "1018",
  "cycleName": "TestCycle1",
  "domainName": "DEFAULT",
  "projectName": "DemoProject",
  "releaseId": "1016",
  "reqCount": 4,
  "verStamp": "1",
  "cfCount": 0,
  "startDate": {
    "$date": "2022-10-14T18:30:00.000Z"
  },
  "endDate": {
    "$date": "2022-10-24T18:30:00.000Z"
  },
  "lastModified": {
    "$date": "2022-10-14T07:12:03.000Z"
  },
  "_class": "com.cognizant.collector.alm.beans.cycle.Cycle"
},{
  "_id": {
    "$oid": "64368cda9370531b5595ac74"
  },
  "cycleId": "1019",
  "cycleName": "Cycle1",
  "domainName": "DEFAULT",
  "projectName": "DemoProject",
  "releaseId": "1018",
  "reqCount": 0,
  "verStamp": "1",
  "cfCount": 0,
  "startDate": {
    "$date": "2022-10-27T18:30:00.000Z"
  },
  "endDate": {
    "$date": "2022-10-31T18:30:00.000Z"
  },
  "lastModified": {
    "$date": "2022-10-31T21:01:51.000Z"
  },
  "_class": "com.cognizant.collector.alm.beans.cycle.Cycle"
},{
  "_id": {
    "$oid": "64368cda9370531b5595ac75"
  },
  "cycleId": "1020",
  "cycleName": "Cycle2",
  "domainName": "DEFAULT",
  "projectName": "DemoProject",
  "releaseId": "1018",
  "reqCount": 0,
  "verStamp": "1",
  "cfCount": 0,
  "startDate": {
    "$date": "2022-11-01T18:30:00.000Z"
  },
  "endDate": {
    "$date": "2022-11-03T18:30:00.000Z"
  },
  "lastModified": {
    "$date": "2022-10-31T21:02:19.000Z"
  },
  "_class": "com.cognizant.collector.alm.beans.cycle.Cycle"
}]