[{
  "_id": "654441858307",
  "ref": "https://rally1.rallydev.com/slm/webservice/v2.0/testcaseresult/654441858307",
  "creationDate": {
    "$date": "2022-10-03T07:17:57.859Z"
  },
  "projectName": "DemoProject",
  "workspaceName": "Workspace 1",
  "attachments": 0,
  "build": "Demo_Build",
  "executionDate": {
    "$date": "2022-10-03T07:17:45.943Z"
  },
  "testCase": {
    "name": "Sample Testcase created to verify login functionality",
    "ref": "https://rally1.rallydev.com/slm/webservice/v2.0/testcase/646179697981"
  },
  "tester": "rohini.s3",
  "verdict": "Pass",
  "_class": "com.cognizant.collector.rally.beans.execution.Execution"
},{
  "_id": "659227554207",
  "ref": "https://rally1.rallydev.com/slm/webservice/v2.0/testcaseresult/659227554207",
  "creationDate": {
    "$date": "2022-10-11T02:25:34.399Z"
  },
  "projectName": "DemoProject",
  "workspaceName": "Workspace 1",
  "attachments": 0,
  "build": "Build 2",
  "executionDate": {
    "$date": "2022-10-11T02:25:11.606Z"
  },
  "testCase": {
    "name": "Sample Testcase created to verify login functionality",
    "ref": "https://rally1.rallydev.com/slm/webservice/v2.0/testcase/646179697981"
  },
  "tester": "rohini.s3",
  "verdict": "Fail",
  "_class": "com.cognizant.collector.rally.beans.execution.Execution"
},{
  "_id": "662366478785",
  "ref": "https://rally1.rallydev.com/slm/webservice/v2.0/testcaseresult/662366478785",
  "creationDate": {
    "$date": "2022-10-17T01:44:37.706Z"
  },
  "projectName": "DemoProject",
  "workspaceName": "Workspace 1",
  "attachments": 0,
  "build": "Sample",
  "executionDate": {
    "$date": "2022-10-17T01:44:02.219Z"
  },
  "testCase": {
    "name": "TC2",
    "ref": "https://rally1.rallydev.com/slm/webservice/v2.0/testcase/646169306449"
  },
  "tester": "rohini.s3",
  "verdict": "Pass",
  "_class": "com.cognizant.collector.rally.beans.execution.Execution"
},{
  "_id": "662376727127",
  "ref": "https://rally1.rallydev.com/slm/webservice/v2.0/testcaseresult/662376727127",
  "creationDate": {
    "$date": "2022-10-17T02:51:32.658Z"
  },
  "projectName": "DemoProject",
  "workspaceName": "Workspace 1",
  "attachments": 0,
  "build": "Sample",
  "executionDate": {
    "$date": "2022-10-17T02:51:21.443Z"
  },
  "testCase": {
    "name": "TC1",
    "ref": "https://rally1.rallydev.com/slm/webservice/v2.0/testcase/644573232031"
  },
  "tester": "rohini.s3",
  "verdict": "Pass",
  "_class": "com.cognizant.collector.rally.beans.execution.Execution"
},{
  "_id": "662583548773",
  "ref": "https://rally1.rallydev.com/slm/webservice/v2.0/testcaseresult/662583548773",
  "creationDate": {
    "$date": "2022-10-17T10:25:54.443Z"
  },
  "projectName": "DemoProject",
  "workspaceName": "Workspace 1",
  "attachments": 0,
  "build": "Sample",
  "executionDate": {
    "$date": "2022-10-17T10:25:39.543Z"
  },
  "testCase": {
    "name": "TC1",
    "ref": "https://rally1.rallydev.com/slm/webservice/v2.0/testcase/644573232031"
  },
  "tester": "rohini.s3",
  "verdict": "Inconclusive",
  "_class": "com.cognizant.collector.rally.beans.execution.Execution"
},{
  "_id": "668628144745",
  "ref": "https://rally1.rallydev.com/slm/webservice/v2.0/testcaseresult/668628144745",
  "creationDate": {
    "$date": "2022-11-09T12:40:05.718Z"
  },
  "projectName": "DemoProject",
  "workspaceName": "Workspace 1",
  "attachments": 0,
  "build": "Sample2",
  "executionDate": {
    "$date": "2022-11-09T12:39:43.771Z"
  },
  "testCase": {
    "name": "TC1",
    "ref": "https://rally1.rallydev.com/slm/webservice/v2.0/testcase/644573232031"
  },
  "tester": "rohini.s3",
  "verdict": "Inconclusive",
  "_class": "com.cognizant.collector.rally.beans.execution.Execution"
},{
  "_id": "697543099783",
  "ref": "https://rally1.rallydev.com/slm/webservice/v2.0/testcaseresult/697543099783",
  "creationDate": {
    "$date": "2023-04-12T10:37:34.809Z"
  },
  "projectName": "DemoProject",
  "workspaceName": "Workspace 1",
  "attachments": 0,
  "build": "pass",
  "executionDate": {
    "$date": "2023-04-12T10:37:26.011Z"
  },
  "testCase": {
    "name": "drop down not available",
    "ref": "https://rally1.rallydev.com/slm/webservice/v2.0/testcase/697543090763"
  },
  "tester": "rohini.s3",
  "verdict": "Fail",
  "_class": "com.cognizant.collector.rally.beans.execution.Execution"
}]