[{
  "_id": {
    "$oid": "6346daa85063de5df4ba3ef3"
  },
  "jobFullName": "RunCloudAnchorTestSuite",
  "jobDescription": "To Execute Cloud Assurance Studio Test Suite from Jenkins without logging into it.",
  "jobName": "RunCloudAnchorTestSuite",
  "jobURL": "http://localhost:8080/job/RunCloudAnchorTestSuite/",
  "building": false,
  "displayName": "#1",
  "duration": 1517,
  "estimatedDuration": 215029,
  "fullDisplayName": "RunCloudAnchorTestSuite #1",
  "buildId": "1",
  "keepLog": false,
  "number": 1,
  "queueId": 1,
  "result": "SUCCESS",
  "timestamp": {
    "$numberLong": "1653631256160"
  },
  "buildStartTime": {
    "$date": "2022-05-27T06:00:56.160Z"
  },
  "buildEndTime": {
    "$date": "2022-05-27T06:00:57.677Z"
  },
  "url": "http://localhost:8080/job/RunCloudAnchorTestSuite/1/",
  "culprits": [],
  "_additionalProperties": {
    "builtOn": "",
    "_class": "hudson.model.FreeStyleBuild",
    "actions": [
      {
        "_class": "hudson.model.CauseAction",
        "causes": [
          {
            "_class": "hudson.model.Cause$UserIdCause",
            "shortDescription": "Started by user admin",
            "userId": "admin",
            "userName": "admin"
          }
        ]
      },
      {},
      {
        "_class": "org.jenkinsci.plugins.displayurlapi.actions.RunDisplayAction"
      }
    ],
    "artifacts": [],
    "changeSet": {
      "_class": "hudson.scm.EmptyChangeLogSet",
      "items": [],
      "kind": null
    }
  },
  "_class": "com.cognizant.dashboard.collectors.jenkins.beans.core.JenkinsBuild"
},{
  "_id": {
    "$oid": "6346daa95063de5df4ba3ef4"
  },
  "jobFullName": "RunCloudAnchorTestSuite",
  "jobDescription": "To Execute Cloud Assurance Studio Test Suite from Jenkins without logging into it.",
  "jobName": "RunCloudAnchorTestSuite",
  "jobURL": "http://localhost:8080/job/RunCloudAnchorTestSuite/",
  "building": false,
  "displayName": "#2",
  "duration": 307021,
  "estimatedDuration": 215029,
  "fullDisplayName": "RunCloudAnchorTestSuite #2",
  "buildId": "2",
  "keepLog": false,
  "number": 2,
  "queueId": 1,
  "result": "SUCCESS",
  "timestamp": {
    "$numberLong": "1653893336536"
  },
  "buildStartTime": {
    "$date": "2022-05-30T06:48:56.536Z"
  },
  "buildEndTime": {
    "$date": "2022-05-30T06:54:03.557Z"
  },
  "url": "http://localhost:8080/job/RunCloudAnchorTestSuite/2/",
  "culprits": [],
  "_additionalProperties": {
    "builtOn": "",
    "_class": "hudson.model.FreeStyleBuild",
    "actions": [
      {
        "_class": "hudson.model.CauseAction",
        "causes": [
          {
            "_class": "hudson.model.Cause$UserIdCause",
            "shortDescription": "Started by user admin",
            "userId": "admin",
            "userName": "admin"
          }
        ]
      },
      {},
      {
        "_class": "org.jenkinsci.plugins.displayurlapi.actions.RunDisplayAction"
      }
    ],
    "artifacts": [],
    "changeSet": {
      "_class": "hudson.scm.EmptyChangeLogSet",
      "items": [],
      "kind": null
    }
  },
  "_class": "com.cognizant.dashboard.collectors.jenkins.beans.core.JenkinsBuild"
},{
  "_id": {
    "$oid": "6346daa95063de5df4ba3ef5"
  },
  "jobFullName": "RunCloudAnchorTestSuite",
  "jobDescription": "To Execute Cloud Assurance Studio Test Suite from Jenkins without logging into it.",
  "jobName": "RunCloudAnchorTestSuite",
  "jobURL": "http://localhost:8080/job/RunCloudAnchorTestSuite/",
  "building": false,
  "displayName": "#3",
  "duration": 344491,
  "estimatedDuration": 215029,
  "fullDisplayName": "RunCloudAnchorTestSuite #3",
  "buildId": "3",
  "keepLog": false,
  "number": 3,
  "queueId": 2,
  "result": "FAILURE",
  "timestamp": {
    "$numberLong": "1653896420470"
  },
  "buildStartTime": {
    "$date": "2022-05-30T07:40:20.470Z"
  },
  "buildEndTime": {
    "$date": "2022-05-30T07:46:04.961Z"
  },
  "url": "http://localhost:8080/job/RunCloudAnchorTestSuite/3/",
  "culprits": [],
  "_additionalProperties": {
    "builtOn": "",
    "_class": "hudson.model.FreeStyleBuild",
    "actions": [
      {
        "_class": "hudson.model.CauseAction",
        "causes": [
          {
            "_class": "hudson.model.Cause$UserIdCause",
            "shortDescription": "Started by user admin",
            "userId": "admin",
            "userName": "admin"
          }
        ]
      },
      {},
      {
        "_class": "org.jenkinsci.plugins.displayurlapi.actions.RunDisplayAction"
      }
    ],
    "artifacts": [],
    "changeSet": {
      "_class": "hudson.scm.EmptyChangeLogSet",
      "items": [],
      "kind": null
    }
  },
  "_class": "com.cognizant.dashboard.collectors.jenkins.beans.core.JenkinsBuild"
},{
  "_id": {
    "$oid": "6346daa95063de5df4ba3ef6"
  },
  "jobFullName": "RunCloudAnchorTestSuite",
  "jobDescription": "To Execute Cloud Assurance Studio Test Suite from Jenkins without logging into it.",
  "jobName": "RunCloudAnchorTestSuite",
  "jobURL": "http://localhost:8080/job/RunCloudAnchorTestSuite/",
  "building": false,
  "displayName": "#4",
  "duration": 3490,
  "estimatedDuration": 215029,
  "fullDisplayName": "RunCloudAnchorTestSuite #4",
  "buildId": "4",
  "keepLog": false,
  "number": 4,
  "queueId": 3,
  "result": "FAILURE",
  "timestamp": {
    "$numberLong": "1653896960728"
  },
  "buildStartTime": {
    "$date": "2022-05-30T07:49:20.728Z"
  },
  "buildEndTime": {
    "$date": "2022-05-30T07:49:24.218Z"
  },
  "url": "http://localhost:8080/job/RunCloudAnchorTestSuite/4/",
  "culprits": [],
  "_additionalProperties": {
    "builtOn": "",
    "_class": "hudson.model.FreeStyleBuild",
    "actions": [
      {
        "_class": "hudson.model.CauseAction",
        "causes": [
          {
            "_class": "hudson.model.Cause$UserIdCause",
            "shortDescription": "Started by user admin",
            "userId": "admin",
            "userName": "admin"
          }
        ]
      },
      {},
      {
        "_class": "org.jenkinsci.plugins.displayurlapi.actions.RunDisplayAction"
      }
    ],
    "artifacts": [],
    "changeSet": {
      "_class": "hudson.scm.EmptyChangeLogSet",
      "items": [],
      "kind": null
    }
  },
  "_class": "com.cognizant.dashboard.collectors.jenkins.beans.core.JenkinsBuild"
},{
  "_id": {
    "$oid": "6346daa95063de5df4ba3ef7"
  },
  "jobFullName": "RunCloudAnchorTestSuite",
  "jobDescription": "To Execute Cloud Assurance Studio Test Suite from Jenkins without logging into it.",
  "jobName": "RunCloudAnchorTestSuite",
  "jobURL": "http://localhost:8080/job/RunCloudAnchorTestSuite/",
  "building": false,
  "displayName": "#5",
  "duration": 3506,
  "estimatedDuration": 215029,
  "fullDisplayName": "RunCloudAnchorTestSuite #5",
  "buildId": "5",
  "keepLog": false,
  "number": 5,
  "queueId": 4,
  "result": "SUCCESS",
  "timestamp": {
    "$numberLong": "1653898917422"
  },
  "buildStartTime": {
    "$date": "2022-05-30T08:21:57.422Z"
  },
  "buildEndTime": {
    "$date": "2022-05-30T08:22:00.928Z"
  },
  "url": "http://localhost:8080/job/RunCloudAnchorTestSuite/5/",
  "culprits": [],
  "_additionalProperties": {
    "builtOn": "",
    "_class": "hudson.model.FreeStyleBuild",
    "actions": [
      {
        "_class": "hudson.model.CauseAction",
        "causes": [
          {
            "_class": "hudson.model.Cause$UserIdCause",
            "shortDescription": "Started by user admin",
            "userId": "admin",
            "userName": "admin"
          }
        ]
      },
      {},
      {
        "_class": "org.jenkinsci.plugins.displayurlapi.actions.RunDisplayAction"
      }
    ],
    "artifacts": [],
    "changeSet": {
      "_class": "hudson.scm.EmptyChangeLogSet",
      "items": [],
      "kind": null
    }
  },
  "_class": "com.cognizant.dashboard.collectors.jenkins.beans.core.JenkinsBuild"
},{
  "_id": {
    "$oid": "6346daaa5063de5df4ba3ef8"
  },
  "jobFullName": "RunCloudAnchorTestSuite",
  "jobDescription": "To Execute Cloud Assurance Studio Test Suite from Jenkins without logging into it.",
  "jobName": "RunCloudAnchorTestSuite",
  "jobURL": "http://localhost:8080/job/RunCloudAnchorTestSuite/",
  "building": false,
  "displayName": "#6",
  "duration": 333483,
  "estimatedDuration": 215029,
  "fullDisplayName": "RunCloudAnchorTestSuite #6",
  "buildId": "6",
  "keepLog": false,
  "number": 6,
  "queueId": 5,
  "result": "SUCCESS",
  "timestamp": {
    "$numberLong": "1653971607147"
  },
  "buildStartTime": {
    "$date": "2022-05-31T04:33:27.147Z"
  },
  "buildEndTime": {
    "$date": "2022-05-31T04:39:00.630Z"
  },
  "url": "http://localhost:8080/job/RunCloudAnchorTestSuite/6/",
  "culprits": [],
  "_additionalProperties": {
    "builtOn": "",
    "_class": "hudson.model.FreeStyleBuild",
    "actions": [
      {
        "_class": "hudson.model.CauseAction",
        "causes": [
          {
            "_class": "hudson.model.Cause$UserIdCause",
            "shortDescription": "Started by user admin",
            "userId": "admin",
            "userName": "admin"
          }
        ]
      },
      {},
      {
        "_class": "org.jenkinsci.plugins.displayurlapi.actions.RunDisplayAction"
      }
    ],
    "artifacts": [],
    "changeSet": {
      "_class": "hudson.scm.EmptyChangeLogSet",
      "items": [],
      "kind": null
    }
  },
  "_class": "com.cognizant.dashboard.collectors.jenkins.beans.core.JenkinsBuild"
},{
  "_id": {
    "$oid": "6346daaa5063de5df4ba3ef9"
  },
  "jobFullName": "RunCloudAnchorTestSuite",
  "jobDescription": "To Execute Cloud Assurance Studio Test Suite from Jenkins without logging into it.",
  "jobName": "RunCloudAnchorTestSuite",
  "jobURL": "http://localhost:8080/job/RunCloudAnchorTestSuite/",
  "building": false,
  "displayName": "#7",
  "duration": 308097,
  "estimatedDuration": 215029,
  "fullDisplayName": "RunCloudAnchorTestSuite #7",
  "buildId": "7",
  "keepLog": false,
  "number": 7,
  "queueId": 7,
  "result": "SUCCESS",
  "timestamp": {
    "$numberLong": "1653976314440"
  },
  "buildStartTime": {
    "$date": "2022-05-31T05:51:54.440Z"
  },
  "buildEndTime": {
    "$date": "2022-05-31T05:57:02.537Z"
  },
  "url": "http://localhost:8080/job/RunCloudAnchorTestSuite/7/",
  "culprits": [],
  "_additionalProperties": {
    "builtOn": "",
    "_class": "hudson.model.FreeStyleBuild",
    "actions": [
      {
        "_class": "hudson.model.CauseAction",
        "causes": [
          {
            "_class": "hudson.model.Cause$UserIdCause",
            "shortDescription": "Started by user admin",
            "userId": "admin",
            "userName": "admin"
          }
        ]
      },
      {},
      {
        "_class": "org.jenkinsci.plugins.displayurlapi.actions.RunDisplayAction"
      }
    ],
    "artifacts": [],
    "changeSet": {
      "_class": "hudson.scm.EmptyChangeLogSet",
      "items": [],
      "kind": null
    }
  },
  "_class": "com.cognizant.dashboard.collectors.jenkins.beans.core.JenkinsBuild"
},{
  "_id": {
    "$oid": "6346daaa5063de5df4ba3efa"
  },
  "jobFullName": "SampleJob112",
  "jobDescription": "",
  "jobName": "SampleJob112",
  "jobURL": "http://localhost:8080/job/SampleJob112/",
  "building": false,
  "description": "",
  "displayName": "build2edit",
  "duration": 1170,
  "estimatedDuration": 1170,
  "fullDisplayName": "SampleJob112 build2edit",
  "buildId": "2",
  "keepLog": false,
  "number": 2,
  "queueId": 14,
  "result": "SUCCESS",
  "timestamp": {
    "$numberLong": "1663327656143"
  },
  "buildStartTime": {
    "$date": "2022-09-16T11:27:36.143Z"
  },
  "buildEndTime": {
    "$date": "2022-09-16T11:27:37.313Z"
  },
  "url": "http://localhost:8080/job/SampleJob112/2/",
  "culprits": [],
  "_additionalProperties": {
    "builtOn": "",
    "_class": "hudson.model.FreeStyleBuild",
    "actions": [
      {
        "_class": "hudson.model.CauseAction",
        "causes": [
          {
            "_class": "hudson.model.Cause$UserIdCause",
            "shortDescription": "Started by user admin",
            "userId": "admin",
            "userName": "admin"
          }
        ]
      },
      {},
      {
        "_class": "org.jenkinsci.plugins.displayurlapi.actions.RunDisplayAction"
      }
    ],
    "artifacts": [],
    "changeSet": {
      "_class": "hudson.scm.EmptyChangeLogSet",
      "items": [],
      "kind": null
    }
  },
  "_class": "com.cognizant.dashboard.collectors.jenkins.beans.core.JenkinsBuild"
},{
  "_id": {
    "$oid": "6346daab5063de5df4ba3efb"
  },
  "jobFullName": "TestJob",
  "jobDescription": "",
  "jobName": "TestJob",
  "jobURL": "http://localhost:8080/job/TestJob/",
  "building": false,
  "displayName": "#2",
  "duration": 1105,
  "estimatedDuration": 1141,
  "fullDisplayName": "TestJob #2",
  "buildId": "2",
  "keepLog": false,
  "number": 2,
  "queueId": 6,
  "result": "SUCCESS",
  "timestamp": {
    "$numberLong": "1663228701668"
  },
  "buildStartTime": {
    "$date": "2022-09-15T07:58:21.668Z"
  },
  "buildEndTime": {
    "$date": "2022-09-15T07:58:22.773Z"
  },
  "url": "http://localhost:8080/job/TestJob/2/",
  "culprits": [],
  "_additionalProperties": {
    "builtOn": "",
    "_class": "hudson.model.FreeStyleBuild",
    "actions": [
      {
        "_class": "hudson.model.CauseAction",
        "causes": [
          {
            "_class": "hudson.model.Cause$UserIdCause",
            "shortDescription": "Started by user admin",
            "userId": "admin",
            "userName": "admin"
          }
        ]
      },
      {},
      {
        "_class": "org.jenkinsci.plugins.displayurlapi.actions.RunDisplayAction"
      }
    ],
    "artifacts": [],
    "changeSet": {
      "_class": "hudson.scm.EmptyChangeLogSet",
      "items": [],
      "kind": null
    }
  },
  "_class": "com.cognizant.dashboard.collectors.jenkins.beans.core.JenkinsBuild"
},{
  "_id": {
    "$oid": "6346daab5063de5df4ba3efc"
  },
  "jobFullName": "TestJob",
  "jobDescription": "",
  "jobName": "TestJob",
  "jobURL": "http://localhost:8080/job/TestJob/",
  "building": false,
  "displayName": "#5",
  "duration": 1176,
  "estimatedDuration": 1141,
  "fullDisplayName": "TestJob #5",
  "buildId": "5",
  "keepLog": false,
  "number": 5,
  "queueId": 10,
  "result": "SUCCESS",
  "timestamp": {
    "$numberLong": "1663322845693"
  },
  "buildStartTime": {
    "$date": "2022-09-16T10:07:25.693Z"
  },
  "buildEndTime": {
    "$date": "2022-09-16T10:07:26.869Z"
  },
  "url": "http://localhost:8080/job/TestJob/5/",
  "culprits": [],
  "_additionalProperties": {
    "builtOn": "",
    "_class": "hudson.model.FreeStyleBuild",
    "actions": [
      {
        "_class": "hudson.model.CauseAction",
        "causes": [
          {
            "_class": "hudson.model.Cause$UserIdCause",
            "shortDescription": "Started by user admin",
            "userId": "admin",
            "userName": "admin"
          }
        ]
      },
      {},
      {
        "_class": "org.jenkinsci.plugins.displayurlapi.actions.RunDisplayAction"
      }
    ],
    "artifacts": [],
    "changeSet": {
      "_class": "hudson.scm.EmptyChangeLogSet",
      "items": [],
      "kind": null
    }
  },
  "_class": "com.cognizant.dashboard.collectors.jenkins.beans.core.JenkinsBuild"
}]