[{
  "_id": "654429917861",
  "ref": "https://rally1.rallydev.com/slm/webservice/v2.0/defect/654429917861",
  "creationDate": {
    "$date": "2022-10-03T06:58:38.560Z"
  },
  "workspaceName": "Workspace 1",
  "createdBy": "rohini.s3",
  "description": "",
  "expedite": false,
  "formattedId": "DE4",
  "lastUpdateDate": {
    "$date": "2022-10-03T06:58:52.347Z"
  },
  "milestones": 0,
  "name": "Defect for Sample project",
  "projectName": "Sample Project",
  "ready": false,
  "flowState": "Defined",
  "flowStateChangedDate": {
    "$date": "2022-10-03T06:58:38.560Z"
  },
  "passingTestCaseCount": 0,
  "scheduleState": "Defined",
  "scheduleStatePrefix": "D",
  "testCaseCount": 0,
  "acceptedDoc": false,
  "attachments": 0,
  "blocked": false,
  "defectSuites": 0,
  "duplicates": 0,
  "environment": "None",
  "priority": "None",
  "recycled": false,
  "resolution": "None",
  "severity": "None",
  "state": "Submitted",
  "submittedBy": "rohini.s3",
  "taskActualTotal": 0,
  "taskEstimateTotal": 0,
  "taskRemainingTotal": 0,
  "taskStatus": "NONE",
  "tasks": 0,
  "TestCaseStatus": "NONE",
  "testCases": 0,
  "_class": "com.cognizant.collector.rally.beans.defect.Defect"
},{
  "_id": "644471557931",
  "ref": "https://rally1.rallydev.com/slm/webservice/v2.0/defect/644471557931",
  "creationDate": {
    "$date": "2022-08-16T05:38:41.038Z"
  },
  "workspaceName": "Workspace 1",
  "createdBy": "rohini.s3",
  "description": "<p>Sample desc</p>\n",
  "expedite": false,
  "formattedId": "DE1",
  "lastUpdateDate": {
    "$date": "2023-03-23T07:35:19.108Z"
  },
  "milestones": 0,
  "name": "Username is not displayed on the web page after logging in with valid credentials",
  "projectName": "DemoProject",
  "ready": false,
  "flowState": "Defined",
  "flowStateChangedDate": {
    "$date": "2022-08-16T05:38:41.038Z"
  },
  "lastBuild": "Sample2",
  "lastRun": {
    "$date": "2022-11-09T12:39:43.771Z"
  },
  "passingTestCaseCount": 0,
  "scheduleState": "Defined",
  "scheduleStatePrefix": "D",
  "testCaseCount": 1,
  "acceptedDoc": false,
  "attachments": 0,
  "blocked": true,
  "blockedReason": "Page not available",
  "blockerRef": "https://rally1.rallydev.com/slm/webservice/v2.0/blocker/662379150117",
  "defectSuites": 0,
  "duplicates": 0,
  "environment": "None",
  "iteration": {
    "name": "Iteration2",
    "ref": "https://rally1.rallydev.com/slm/webservice/v2.0/iteration/651601694349"
  },
  "priority": "None",
  "recycled": false,
  "release": {
    "name": "Release v1.0",
    "ref": "https://rally1.rallydev.com/slm/webservice/v2.0/release/644562667457"
  },
  "resolution": "None",
  "severity": "None",
  "state": "Submitted",
  "submittedBy": "rohini.s3",
  "taskActualTotal": 0,
  "taskEstimateTotal": 0,
  "taskRemainingTotal": 0,
  "taskStatus": "NONE",
  "tasks": 0,
  "testCase": {
    "name": "TC2",
    "ref": "https://rally1.rallydev.com/slm/webservice/v2.0/testcase/646169306449"
  },
  "TestCaseStatus": "ALL_RUN_NONE_PASSING",
  "testCases": 1,
  "_class": "com.cognizant.collector.rally.beans.defect.Defect"
},{
  "_id": "644490364727",
  "ref": "https://rally1.rallydev.com/slm/webservice/v2.0/defect/644490364727",
  "creationDate": {
    "$date": "2022-08-16T10:45:32.756Z"
  },
  "workspaceName": "Workspace 1",
  "createdBy": "rohini.s3",
  "description": "<p>xyz</p>\n",
  "expedite": false,
  "formattedId": "DE2",
  "lastUpdateDate": {
    "$date": "2023-03-23T06:43:29.450Z"
  },
  "milestones": 0,
  "name": "There is no alert message when I enter invalid data",
  "projectName": "DemoProject",
  "ready": false,
  "flowState": "Defined",
  "flowStateChangedDate": {
    "$date": "2022-08-16T10:45:32.756Z"
  },
  "passingTestCaseCount": 0,
  "scheduleState": "Defined",
  "scheduleStatePrefix": "D",
  "testCaseCount": 0,
  "acceptedDoc": false,
  "attachments": 0,
  "blocked": false,
  "defectSuites": 0,
  "duplicates": 0,
  "environment": "None",
  "priority": "None",
  "recycled": false,
  "resolution": "None",
  "severity": "None",
  "state": "Submitted",
  "submittedBy": "rohini.s3",
  "taskActualTotal": 0,
  "taskEstimateTotal": 0,
  "taskRemainingTotal": 0,
  "taskStatus": "NONE",
  "tasks": 0,
  "TestCaseStatus": "NONE",
  "testCases": 0,
  "_class": "com.cognizant.collector.rally.beans.defect.Defect"
},{
  "_id": "652133227393",
  "ref": "https://rally1.rallydev.com/slm/webservice/v2.0/defect/652133227393",
  "creationDate": {
    "$date": "2022-09-30T05:45:39.383Z"
  },
  "workspaceName": "Workspace 1",
  "createdBy": "rohini.s3",
  "description": "",
  "expedite": false,
  "formattedId": "DE3",
  "lastUpdateDate": {
    "$date": "2022-10-17T01:44:37.724Z"
  },
  "milestones": 0,
  "name": "Defect to link with TS2",
  "projectName": "DemoProject",
  "ready": false,
  "flowState": "Defined",
  "flowStateChangedDate": {
    "$date": "2022-09-30T05:45:39.383Z"
  },
  "lastBuild": "Sample",
  "lastRun": {
    "$date": "2022-10-17T01:44:02.219Z"
  },
  "passingTestCaseCount": 1,
  "scheduleState": "Defined",
  "scheduleStatePrefix": "D",
  "testCaseCount": 1,
  "acceptedDoc": false,
  "attachments": 0,
  "blocked": false,
  "defectSuites": 0,
  "duplicates": 0,
  "environment": "None",
  "iteration": {
    "name": "Iteration1",
    "ref": "https://rally1.rallydev.com/slm/webservice/v2.0/iteration/644563977759"
  },
  "priority": "High Attention",
  "recycled": false,
  "resolution": "None",
  "severity": "Major Problem",
  "state": "Submitted",
  "submittedBy": "rohini.s3",
  "taskActualTotal": 0,
  "taskEstimateTotal": 0,
  "taskRemainingTotal": 0,
  "taskStatus": "NONE",
  "tasks": 0,
  "TestCaseStatus": "ALL_RUN_ALL_PASSING",
  "testCases": 1,
  "_class": "com.cognizant.collector.rally.beans.defect.Defect"
},{
  "_id": "662377287349",
  "ref": "https://rally1.rallydev.com/slm/webservice/v2.0/defect/662377287349",
  "creationDate": {
    "$date": "2022-10-17T02:53:46.679Z"
  },
  "workspaceName": "Workspace 1",
  "createdBy": "rohini.s3",
  "description": "",
  "expedite": false,
  "formattedId": "DE5",
  "lastUpdateDate": {
    "$date": "2022-10-17T02:53:46.722Z"
  },
  "milestones": 0,
  "name": "Error found in TC1: TC1",
  "projectName": "DemoProject",
  "ready": false,
  "flowState": "Accepted",
  "flowStateChangedDate": {
    "$date": "2022-10-17T02:53:46.685Z"
  },
  "passingTestCaseCount": 0,
  "scheduleState": "Accepted",
  "scheduleStatePrefix": "A",
  "testCaseCount": 0,
  "acceptedDate": {
    "$date": "2022-10-17T02:53:46.685Z"
  },
  "acceptedDoc": false,
  "attachments": 0,
  "blocked": false,
  "defectSuites": 0,
  "duplicates": 0,
  "environment": "Test",
  "inProgressDate": {
    "$date": "2022-10-17T02:53:46.685Z"
  },
  "priority": "Normal",
  "recycled": false,
  "resolution": "None",
  "severity": "Minor Problem",
  "state": "Submitted",
  "submittedBy": "rohini.s3",
  "taskActualTotal": 0,
  "taskEstimateTotal": 0,
  "taskRemainingTotal": 0,
  "taskStatus": "NONE",
  "tasks": 0,
  "testCase": {
    "name": "TC1",
    "ref": "https://rally1.rallydev.com/slm/webservice/v2.0/testcase/644573232031"
  },
  "TestCaseStatus": "NONE",
  "testCases": 0,
  "_class": "com.cognizant.collector.rally.beans.defect.Defect"
},{
  "_id": "686340520409",
  "ref": "https://rally1.rallydev.com/slm/webservice/v2.0/defect/686340520409",
  "creationDate": {
    "$date": "2023-02-22T05:45:54.548Z"
  },
  "workspaceName": "Workspace 1",
  "createdBy": "rohini.s3",
  "description": "",
  "expedite": false,
  "formattedId": "DE6",
  "lastUpdateDate": {
    "$date": "2023-02-22T05:45:54.599Z"
  },
  "milestones": 0,
  "name": "Test Defect",
  "projectName": "DemoProject",
  "ready": false,
  "flowState": "Defined",
  "flowStateChangedDate": {
    "$date": "2023-02-22T05:45:54.548Z"
  },
  "passingTestCaseCount": 0,
  "scheduleState": "Defined",
  "scheduleStatePrefix": "D",
  "testCaseCount": 0,
  "acceptedDoc": false,
  "attachments": 0,
  "blocked": false,
  "defectSuites": 0,
  "duplicates": 0,
  "environment": "None",
  "priority": "None",
  "recycled": false,
  "resolution": "None",
  "severity": "None",
  "state": "Submitted",
  "taskActualTotal": 0,
  "taskEstimateTotal": 0,
  "taskRemainingTotal": 0,
  "taskStatus": "NONE",
  "tasks": 0,
  "TestCaseStatus": "NONE",
  "testCases": 0,
  "_class": "com.cognizant.collector.rally.beans.defect.Defect"
},{
  "_id": "686340554129",
  "ref": "https://rally1.rallydev.com/slm/webservice/v2.0/defect/686340554129",
  "creationDate": {
    "$date": "2023-02-22T05:46:30.290Z"
  },
  "workspaceName": "Workspace 1",
  "createdBy": "rohini.s3",
  "description": "",
  "expedite": false,
  "formattedId": "DE7",
  "lastUpdateDate": {
    "$date": "2023-02-22T05:46:30.309Z"
  },
  "milestones": 0,
  "name": "Test Defect",
  "projectName": "DemoProject",
  "ready": false,
  "flowState": "Defined",
  "flowStateChangedDate": {
    "$date": "2023-02-22T05:46:30.290Z"
  },
  "passingTestCaseCount": 0,
  "scheduleState": "Defined",
  "scheduleStatePrefix": "D",
  "testCaseCount": 0,
  "acceptedDoc": false,
  "attachments": 0,
  "blocked": false,
  "defectSuites": 0,
  "duplicates": 0,
  "environment": "None",
  "priority": "None",
  "recycled": false,
  "resolution": "None",
  "severity": "None",
  "state": "Submitted",
  "taskActualTotal": 0,
  "taskEstimateTotal": 0,
  "taskRemainingTotal": 0,
  "taskStatus": "NONE",
  "tasks": 0,
  "TestCaseStatus": "NONE",
  "testCases": 0,
  "_class": "com.cognizant.collector.rally.beans.defect.Defect"
},{
  "_id": "686341156701",
  "ref": "https://rally1.rallydev.com/slm/webservice/v2.0/defect/686341156701",
  "creationDate": {
    "$date": "2023-02-22T05:49:10.183Z"
  },
  "workspaceName": "Workspace 1",
  "createdBy": "rohini.s3",
  "description": "",
  "expedite": false,
  "formattedId": "DE9",
  "lastUpdateDate": {
    "$date": "2023-02-22T05:49:10.227Z"
  },
  "milestones": 0,
  "name": "Test Defect",
  "projectName": "DemoProject",
  "ready": false,
  "flowState": "Defined",
  "flowStateChangedDate": {
    "$date": "2023-02-22T05:49:10.183Z"
  },
  "passingTestCaseCount": 0,
  "scheduleState": "Defined",
  "scheduleStatePrefix": "D",
  "testCaseCount": 0,
  "acceptedDoc": false,
  "attachments": 0,
  "blocked": false,
  "defectSuites": 0,
  "duplicates": 0,
  "environment": "None",
  "priority": "None",
  "recycled": false,
  "resolution": "None",
  "severity": "Cosmetic",
  "state": "Submitted",
  "taskActualTotal": 0,
  "taskEstimateTotal": 0,
  "taskRemainingTotal": 0,
  "taskStatus": "NONE",
  "tasks": 0,
  "TestCaseStatus": "NONE",
  "testCases": 0,
  "_class": "com.cognizant.collector.rally.beans.defect.Defect"
},{
  "_id": "686341301085",
  "ref": "https://rally1.rallydev.com/slm/webservice/v2.0/defect/686341301085",
  "creationDate": {
    "$date": "2023-02-22T05:48:12.309Z"
  },
  "workspaceName": "Workspace 1",
  "createdBy": "rohini.s3",
  "description": "",
  "expedite": false,
  "formattedId": "DE8",
  "lastUpdateDate": {
    "$date": "2023-02-22T05:48:12.351Z"
  },
  "milestones": 0,
  "name": "Test Defect",
  "projectName": "DemoProject",
  "ready": false,
  "flowState": "Defined",
  "flowStateChangedDate": {
    "$date": "2023-02-22T05:48:12.309Z"
  },
  "passingTestCaseCount": 0,
  "scheduleState": "Defined",
  "scheduleStatePrefix": "D",
  "testCaseCount": 0,
  "acceptedDoc": false,
  "attachments": 0,
  "blocked": false,
  "defectSuites": 0,
  "duplicates": 0,
  "environment": "None",
  "priority": "None",
  "recycled": false,
  "resolution": "None",
  "severity": "None",
  "state": "Submitted",
  "taskActualTotal": 0,
  "taskEstimateTotal": 0,
  "taskRemainingTotal": 0,
  "taskStatus": "NONE",
  "tasks": 0,
  "TestCaseStatus": "NONE",
  "testCases": 0,
  "_class": "com.cognizant.collector.rally.beans.defect.Defect"
},{
  "_id": "688415219275",
  "ref": "https://rally1.rallydev.com/slm/webservice/v2.0/defect/688415219275",
  "creationDate": {
    "$date": "2023-02-28T10:06:12.450Z"
  },
  "workspaceName": "Workspace 1",
  "createdBy": "rohini.s3",
  "description": "",
  "expedite": false,
  "formattedId": "DE12",
  "lastUpdateDate": {
    "$date": "2023-02-28T10:06:12.506Z"
  },
  "milestones": 0,
  "name": "Sample Defect",
  "projectName": "DemoProject",
  "ready": false,
  "flowState": "Defined",
  "flowStateChangedDate": {
    "$date": "2023-02-28T10:06:12.450Z"
  },
  "passingTestCaseCount": 0,
  "scheduleState": "Defined",
  "scheduleStatePrefix": "D",
  "testCaseCount": 0,
  "acceptedDoc": false,
  "attachments": 0,
  "blocked": false,
  "defectSuites": 0,
  "duplicates": 0,
  "environment": "None",
  "priority": "None",
  "recycled": false,
  "resolution": "None",
  "severity": "Cosmetic",
  "state": "Submitted",
  "taskActualTotal": 0,
  "taskEstimateTotal": 0,
  "taskRemainingTotal": 0,
  "taskStatus": "NONE",
  "tasks": 0,
  "TestCaseStatus": "NONE",
  "testCases": 0,
  "_class": "com.cognizant.collector.rally.beans.defect.Defect"
},{
  "_id": "688418240107",
  "ref": "https://rally1.rallydev.com/slm/webservice/v2.0/defect/688418240107",
  "creationDate": {
    "$date": "2023-02-28T10:11:05.276Z"
  },
  "workspaceName": "Workspace 1",
  "createdBy": "rohini.s3",
  "description": "",
  "expedite": false,
  "formattedId": "DE13",
  "lastUpdateDate": {
    "$date": "2023-02-28T10:11:05.320Z"
  },
  "milestones": 0,
  "name": "Sample Defect",
  "projectName": "DemoProject",
  "ready": false,
  "flowState": "Defined",
  "flowStateChangedDate": {
    "$date": "2023-02-28T10:11:05.276Z"
  },
  "passingTestCaseCount": 0,
  "scheduleState": "Defined",
  "scheduleStatePrefix": "D",
  "testCaseCount": 0,
  "acceptedDoc": false,
  "attachments": 0,
  "blocked": false,
  "defectSuites": 0,
  "duplicates": 0,
  "environment": "None",
  "priority": "None",
  "recycled": false,
  "resolution": "None",
  "severity": "Cosmetic",
  "state": "Submitted",
  "taskActualTotal": 0,
  "taskEstimateTotal": 0,
  "taskRemainingTotal": 0,
  "taskStatus": "NONE",
  "tasks": 0,
  "TestCaseStatus": "NONE",
  "testCases": 0,
  "_class": "com.cognizant.collector.rally.beans.defect.Defect"
},{
  "_id": "688419286433",
  "ref": "https://rally1.rallydev.com/slm/webservice/v2.0/defect/688419286433",
  "creationDate": {
    "$date": "2023-02-28T10:12:34.772Z"
  },
  "workspaceName": "Workspace 1",
  "createdBy": "rohini.s3",
  "description": "",
  "expedite": false,
  "formattedId": "DE14",
  "lastUpdateDate": {
    "$date": "2023-02-28T10:12:34.810Z"
  },
  "milestones": 0,
  "name": "Sample Defect",
  "projectName": "DemoProject",
  "ready": false,
  "flowState": "Defined",
  "flowStateChangedDate": {
    "$date": "2023-02-28T10:12:34.772Z"
  },
  "passingTestCaseCount": 0,
  "scheduleState": "Defined",
  "scheduleStatePrefix": "D",
  "testCaseCount": 0,
  "acceptedDoc": false,
  "attachments": 0,
  "blocked": false,
  "defectSuites": 0,
  "duplicates": 0,
  "environment": "None",
  "priority": "None",
  "recycled": false,
  "resolution": "None",
  "severity": "Cosmetic",
  "state": "Submitted",
  "taskActualTotal": 0,
  "taskEstimateTotal": 0,
  "taskRemainingTotal": 0,
  "taskStatus": "NONE",
  "tasks": 0,
  "TestCaseStatus": "NONE",
  "testCases": 0,
  "_class": "com.cognizant.collector.rally.beans.defect.Defect"
},{
  "_id": "688423627299",
  "ref": "https://rally1.rallydev.com/slm/webservice/v2.0/defect/688423627299",
  "creationDate": {
    "$date": "2023-02-28T10:18:52.846Z"
  },
  "workspaceName": "Workspace 1",
  "createdBy": "rohini.s3",
  "description": "",
  "expedite": false,
  "formattedId": "DE15",
  "lastUpdateDate": {
    "$date": "2023-02-28T10:18:52.885Z"
  },
  "milestones": 0,
  "name": "Sample Defect",
  "projectName": "DemoProject",
  "ready": false,
  "flowState": "Defined",
  "flowStateChangedDate": {
    "$date": "2023-02-28T10:18:52.846Z"
  },
  "passingTestCaseCount": 0,
  "scheduleState": "Defined",
  "scheduleStatePrefix": "D",
  "testCaseCount": 0,
  "acceptedDoc": false,
  "attachments": 0,
  "blocked": false,
  "defectSuites": 0,
  "duplicates": 0,
  "environment": "None",
  "priority": "None",
  "recycled": false,
  "resolution": "None",
  "severity": "Cosmetic",
  "state": "Submitted",
  "taskActualTotal": 0,
  "taskEstimateTotal": 0,
  "taskRemainingTotal": 0,
  "taskStatus": "NONE",
  "tasks": 0,
  "TestCaseStatus": "NONE",
  "testCases": 0,
  "_class": "com.cognizant.collector.rally.beans.defect.Defect"
},{
  "_id": "688426079395",
  "ref": "https://rally1.rallydev.com/slm/webservice/v2.0/defect/688426079395",
  "creationDate": {
    "$date": "2023-02-28T10:23:09.088Z"
  },
  "workspaceName": "Workspace 1",
  "createdBy": "rohini.s3",
  "description": "",
  "expedite": false,
  "formattedId": "DE16",
  "lastUpdateDate": {
    "$date": "2023-02-28T10:23:09.126Z"
  },
  "milestones": 0,
  "name": "Sample Defect",
  "projectName": "DemoProject",
  "ready": false,
  "flowState": "Defined",
  "flowStateChangedDate": {
    "$date": "2023-02-28T10:23:09.088Z"
  },
  "passingTestCaseCount": 0,
  "scheduleState": "Defined",
  "scheduleStatePrefix": "D",
  "testCaseCount": 0,
  "acceptedDoc": false,
  "attachments": 0,
  "blocked": false,
  "defectSuites": 0,
  "duplicates": 0,
  "environment": "None",
  "priority": "None",
  "recycled": false,
  "resolution": "None",
  "severity": "Cosmetic",
  "state": "Submitted",
  "taskActualTotal": 0,
  "taskEstimateTotal": 0,
  "taskRemainingTotal": 0,
  "taskStatus": "NONE",
  "tasks": 0,
  "TestCaseStatus": "NONE",
  "testCases": 0,
  "_class": "com.cognizant.collector.rally.beans.defect.Defect"
},{
  "_id": "688428827799",
  "ref": "https://rally1.rallydev.com/slm/webservice/v2.0/defect/688428827799",
  "creationDate": {
    "$date": "2023-02-28T10:26:45.347Z"
  },
  "workspaceName": "Workspace 1",
  "createdBy": "rohini.s3",
  "description": "",
  "expedite": false,
  "formattedId": "DE17",
  "lastUpdateDate": {
    "$date": "2023-02-28T10:26:45.396Z"
  },
  "milestones": 0,
  "name": "Sample Defect",
  "projectName": "DemoProject",
  "ready": false,
  "flowState": "Defined",
  "flowStateChangedDate": {
    "$date": "2023-02-28T10:26:45.347Z"
  },
  "passingTestCaseCount": 0,
  "scheduleState": "Defined",
  "scheduleStatePrefix": "D",
  "testCaseCount": 0,
  "acceptedDoc": false,
  "attachments": 0,
  "blocked": false,
  "defectSuites": 0,
  "duplicates": 0,
  "environment": "None",
  "priority": "None",
  "recycled": false,
  "resolution": "None",
  "severity": "Cosmetic",
  "state": "Submitted",
  "taskActualTotal": 0,
  "taskEstimateTotal": 0,
  "taskRemainingTotal": 0,
  "taskStatus": "NONE",
  "tasks": 0,
  "TestCaseStatus": "NONE",
  "testCases": 0,
  "_class": "com.cognizant.collector.rally.beans.defect.Defect"
},{
  "_id": "688430504633",
  "ref": "https://rally1.rallydev.com/slm/webservice/v2.0/defect/688430504633",
  "creationDate": {
    "$date": "2023-02-28T10:28:51.681Z"
  },
  "workspaceName": "Workspace 1",
  "createdBy": "rohini.s3",
  "description": "",
  "expedite": false,
  "formattedId": "DE18",
  "lastUpdateDate": {
    "$date": "2023-02-28T10:28:51.707Z"
  },
  "milestones": 0,
  "name": "Sample Defect",
  "projectName": "DemoProject",
  "ready": false,
  "flowState": "Defined",
  "flowStateChangedDate": {
    "$date": "2023-02-28T10:28:51.681Z"
  },
  "passingTestCaseCount": 0,
  "scheduleState": "Defined",
  "scheduleStatePrefix": "D",
  "testCaseCount": 0,
  "acceptedDoc": false,
  "attachments": 0,
  "blocked": false,
  "defectSuites": 0,
  "duplicates": 0,
  "environment": "None",
  "priority": "None",
  "recycled": false,
  "resolution": "None",
  "severity": "Cosmetic",
  "state": "Submitted",
  "taskActualTotal": 0,
  "taskEstimateTotal": 0,
  "taskRemainingTotal": 0,
  "taskStatus": "NONE",
  "tasks": 0,
  "TestCaseStatus": "NONE",
  "testCases": 0,
  "_class": "com.cognizant.collector.rally.beans.defect.Defect"
},{
  "_id": "688434075999",
  "ref": "https://rally1.rallydev.com/slm/webservice/v2.0/defect/688434075999",
  "creationDate": {
    "$date": "2023-02-28T10:34:29.702Z"
  },
  "workspaceName": "Workspace 1",
  "createdBy": "rohini.s3",
  "description": "",
  "expedite": false,
  "formattedId": "DE19",
  "lastUpdateDate": {
    "$date": "2023-02-28T10:34:29.748Z"
  },
  "milestones": 0,
  "name": "Sample Defect",
  "projectName": "DemoProject",
  "ready": false,
  "flowState": "Defined",
  "flowStateChangedDate": {
    "$date": "2023-02-28T10:34:29.702Z"
  },
  "passingTestCaseCount": 0,
  "scheduleState": "Defined",
  "scheduleStatePrefix": "D",
  "testCaseCount": 0,
  "acceptedDoc": false,
  "attachments": 0,
  "blocked": false,
  "defectSuites": 0,
  "duplicates": 0,
  "environment": "None",
  "priority": "None",
  "recycled": false,
  "resolution": "None",
  "severity": "Cosmetic",
  "state": "Submitted",
  "taskActualTotal": 0,
  "taskEstimateTotal": 0,
  "taskRemainingTotal": 0,
  "taskStatus": "NONE",
  "tasks": 0,
  "TestCaseStatus": "NONE",
  "testCases": 0,
  "_class": "com.cognizant.collector.rally.beans.defect.Defect"
},{
  "_id": "688436540061",
  "ref": "https://rally1.rallydev.com/slm/webservice/v2.0/defect/688436540061",
  "creationDate": {
    "$date": "2023-02-28T10:38:29.946Z"
  },
  "workspaceName": "Workspace 1",
  "createdBy": "rohini.s3",
  "description": "",
  "expedite": false,
  "formattedId": "DE20",
  "lastUpdateDate": {
    "$date": "2023-02-28T10:38:29.987Z"
  },
  "milestones": 0,
  "name": "Sample Defect",
  "projectName": "DemoProject",
  "ready": false,
  "flowState": "Defined",
  "flowStateChangedDate": {
    "$date": "2023-02-28T10:38:29.946Z"
  },
  "passingTestCaseCount": 0,
  "scheduleState": "Defined",
  "scheduleStatePrefix": "D",
  "testCaseCount": 0,
  "acceptedDoc": false,
  "attachments": 0,
  "blocked": false,
  "defectSuites": 0,
  "duplicates": 0,
  "environment": "None",
  "priority": "None",
  "recycled": false,
  "resolution": "None",
  "severity": "Cosmetic",
  "state": "Submitted",
  "taskActualTotal": 0,
  "taskEstimateTotal": 0,
  "taskRemainingTotal": 0,
  "taskStatus": "NONE",
  "tasks": 0,
  "TestCaseStatus": "NONE",
  "testCases": 0,
  "_class": "com.cognizant.collector.rally.beans.defect.Defect"
},{
  "_id": "688437213399",
  "ref": "https://rally1.rallydev.com/slm/webservice/v2.0/defect/688437213399",
  "creationDate": {
    "$date": "2023-02-28T10:39:13.779Z"
  },
  "workspaceName": "Workspace 1",
  "createdBy": "rohini.s3",
  "description": "",
  "expedite": false,
  "formattedId": "DE21",
  "lastUpdateDate": {
    "$date": "2023-02-28T10:39:13.828Z"
  },
  "milestones": 0,
  "name": "Sample Defect",
  "projectName": "DemoProject",
  "ready": false,
  "flowState": "Defined",
  "flowStateChangedDate": {
    "$date": "2023-02-28T10:39:13.779Z"
  },
  "passingTestCaseCount": 0,
  "scheduleState": "Defined",
  "scheduleStatePrefix": "D",
  "testCaseCount": 0,
  "acceptedDoc": false,
  "attachments": 0,
  "blocked": false,
  "defectSuites": 0,
  "duplicates": 0,
  "environment": "None",
  "priority": "None",
  "recycled": false,
  "resolution": "None",
  "severity": "Cosmetic",
  "state": "Submitted",
  "taskActualTotal": 0,
  "taskEstimateTotal": 0,
  "taskRemainingTotal": 0,
  "taskStatus": "NONE",
  "tasks": 0,
  "TestCaseStatus": "NONE",
  "testCases": 0,
  "_class": "com.cognizant.collector.rally.beans.defect.Defect"
},{
  "_id": "688438532335",
  "ref": "https://rally1.rallydev.com/slm/webservice/v2.0/defect/688438532335",
  "creationDate": {
    "$date": "2023-02-28T10:41:01.662Z"
  },
  "workspaceName": "Workspace 1",
  "createdBy": "rohini.s3",
  "description": "",
  "expedite": false,
  "formattedId": "DE22",
  "lastUpdateDate": {
    "$date": "2023-02-28T10:41:01.702Z"
  },
  "milestones": 0,
  "name": "Sample Defect",
  "projectName": "DemoProject",
  "ready": false,
  "flowState": "Defined",
  "flowStateChangedDate": {
    "$date": "2023-02-28T10:41:01.662Z"
  },
  "passingTestCaseCount": 0,
  "scheduleState": "Defined",
  "scheduleStatePrefix": "D",
  "testCaseCount": 0,
  "acceptedDoc": false,
  "attachments": 0,
  "blocked": false,
  "defectSuites": 0,
  "duplicates": 0,
  "environment": "None",
  "priority": "None",
  "recycled": false,
  "resolution": "None",
  "severity": "Cosmetic",
  "state": "Submitted",
  "taskActualTotal": 0,
  "taskEstimateTotal": 0,
  "taskRemainingTotal": 0,
  "taskStatus": "NONE",
  "tasks": 0,
  "TestCaseStatus": "NONE",
  "testCases": 0,
  "_class": "com.cognizant.collector.rally.beans.defect.Defect"
},{
  "_id": "688438752889",
  "ref": "https://rally1.rallydev.com/slm/webservice/v2.0/defect/688438752889",
  "creationDate": {
    "$date": "2023-02-28T10:41:38.002Z"
  },
  "workspaceName": "Workspace 1",
  "createdBy": "rohini.s3",
  "description": "",
  "expedite": false,
  "formattedId": "DE23",
  "lastUpdateDate": {
    "$date": "2023-02-28T10:41:38.047Z"
  },
  "milestones": 0,
  "name": "Sample Defect",
  "projectName": "DemoProject",
  "ready": false,
  "flowState": "Defined",
  "flowStateChangedDate": {
    "$date": "2023-02-28T10:41:38.002Z"
  },
  "passingTestCaseCount": 0,
  "scheduleState": "Defined",
  "scheduleStatePrefix": "D",
  "testCaseCount": 0,
  "acceptedDoc": false,
  "attachments": 0,
  "blocked": false,
  "defectSuites": 0,
  "duplicates": 0,
  "environment": "None",
  "priority": "None",
  "recycled": false,
  "resolution": "None",
  "severity": "Cosmetic",
  "state": "Submitted",
  "taskActualTotal": 0,
  "taskEstimateTotal": 0,
  "taskRemainingTotal": 0,
  "taskStatus": "NONE",
  "tasks": 0,
  "TestCaseStatus": "NONE",
  "testCases": 0,
  "_class": "com.cognizant.collector.rally.beans.defect.Defect"
},{
  "_id": "688440926263",
  "ref": "https://rally1.rallydev.com/slm/webservice/v2.0/defect/688440926263",
  "creationDate": {
    "$date": "2023-02-28T10:44:31.741Z"
  },
  "workspaceName": "Workspace 1",
  "createdBy": "rohini.s3",
  "description": "",
  "expedite": false,
  "formattedId": "DE24",
  "lastUpdateDate": {
    "$date": "2023-02-28T10:44:31.782Z"
  },
  "milestones": 0,
  "name": "Sample Defect",
  "projectName": "DemoProject",
  "ready": false,
  "flowState": "Defined",
  "flowStateChangedDate": {
    "$date": "2023-02-28T10:44:31.741Z"
  },
  "passingTestCaseCount": 0,
  "scheduleState": "Defined",
  "scheduleStatePrefix": "D",
  "testCaseCount": 0,
  "acceptedDoc": false,
  "attachments": 0,
  "blocked": false,
  "defectSuites": 0,
  "duplicates": 0,
  "environment": "None",
  "priority": "None",
  "recycled": false,
  "resolution": "None",
  "severity": "Cosmetic",
  "state": "Submitted",
  "taskActualTotal": 0,
  "taskEstimateTotal": 0,
  "taskRemainingTotal": 0,
  "taskStatus": "NONE",
  "tasks": 0,
  "TestCaseStatus": "NONE",
  "testCases": 0,
  "_class": "com.cognizant.collector.rally.beans.defect.Defect"
},{
  "_id": "688441250977",
  "ref": "https://rally1.rallydev.com/slm/webservice/v2.0/defect/688441250977",
  "creationDate": {
    "$date": "2023-02-28T10:44:55.166Z"
  },
  "workspaceName": "Workspace 1",
  "createdBy": "rohini.s3",
  "description": "",
  "expedite": false,
  "formattedId": "DE25",
  "lastUpdateDate": {
    "$date": "2023-02-28T10:44:55.210Z"
  },
  "milestones": 0,
  "name": "Sample Defect",
  "projectName": "DemoProject",
  "ready": false,
  "flowState": "Defined",
  "flowStateChangedDate": {
    "$date": "2023-02-28T10:44:55.166Z"
  },
  "passingTestCaseCount": 0,
  "scheduleState": "Defined",
  "scheduleStatePrefix": "D",
  "testCaseCount": 0,
  "acceptedDoc": false,
  "attachments": 0,
  "blocked": false,
  "defectSuites": 0,
  "duplicates": 0,
  "environment": "None",
  "priority": "None",
  "recycled": false,
  "resolution": "None",
  "severity": "Cosmetic",
  "state": "Submitted",
  "taskActualTotal": 0,
  "taskEstimateTotal": 0,
  "taskRemainingTotal": 0,
  "taskStatus": "NONE",
  "tasks": 0,
  "TestCaseStatus": "NONE",
  "testCases": 0,
  "_class": "com.cognizant.collector.rally.beans.defect.Defect"
},{
  "_id": "688442793499",
  "ref": "https://rally1.rallydev.com/slm/webservice/v2.0/defect/688442793499",
  "creationDate": {
    "$date": "2023-02-28T10:47:15.788Z"
  },
  "workspaceName": "Workspace 1",
  "createdBy": "rohini.s3",
  "description": "",
  "expedite": false,
  "formattedId": "DE26",
  "lastUpdateDate": {
    "$date": "2023-02-28T10:47:15.810Z"
  },
  "milestones": 0,
  "name": "Sample Defect",
  "projectName": "DemoProject",
  "ready": false,
  "flowState": "Defined",
  "flowStateChangedDate": {
    "$date": "2023-02-28T10:47:15.788Z"
  },
  "passingTestCaseCount": 0,
  "scheduleState": "Defined",
  "scheduleStatePrefix": "D",
  "testCaseCount": 0,
  "acceptedDoc": false,
  "attachments": 0,
  "blocked": false,
  "defectSuites": 0,
  "duplicates": 0,
  "environment": "None",
  "priority": "None",
  "recycled": false,
  "resolution": "None",
  "severity": "Cosmetic",
  "state": "Submitted",
  "taskActualTotal": 0,
  "taskEstimateTotal": 0,
  "taskRemainingTotal": 0,
  "taskStatus": "NONE",
  "tasks": 0,
  "TestCaseStatus": "NONE",
  "testCases": 0,
  "_class": "com.cognizant.collector.rally.beans.defect.Defect"
},{
  "_id": "694226057653",
  "ref": "https://rally1.rallydev.com/slm/webservice/v2.0/defect/694226057653",
  "creationDate": {
    "$date": "2023-03-23T11:05:15.048Z"
  },
  "workspaceName": "Workspace 1",
  "createdBy": "rohini.s3",
  "description": "This is a sample defect created using the Rally REST API Java Toolkit.",
  "expedite": false,
  "formattedId": "DE27",
  "lastUpdateDate": {
    "$date": "2023-03-23T11:05:15.107Z"
  },
  "milestones": 0,
  "name": "Sample Defect",
  "projectName": "DemoProject",
  "ready": false,
  "flowState": "Defined",
  "flowStateChangedDate": {
    "$date": "2023-03-23T11:05:15.048Z"
  },
  "passingTestCaseCount": 0,
  "scheduleState": "Defined",
  "scheduleStatePrefix": "D",
  "testCaseCount": 0,
  "acceptedDoc": false,
  "attachments": 0,
  "blocked": false,
  "defectSuites": 0,
  "duplicates": 0,
  "environment": "None",
  "openedDate": {
    "$date": "2023-03-23T11:05:15.062Z"
  },
  "priority": "None",
  "recycled": false,
  "resolution": "None",
  "severity": "None",
  "state": "Open",
  "taskActualTotal": 0,
  "taskEstimateTotal": 0,
  "taskRemainingTotal": 0,
  "taskStatus": "NONE",
  "tasks": 0,
  "TestCaseStatus": "NONE",
  "testCases": 0,
  "_class": "com.cognizant.collector.rally.beans.defect.Defect"
},{
  "_id": "694226168461",
  "ref": "https://rally1.rallydev.com/slm/webservice/v2.0/defect/694226168461",
  "creationDate": {
    "$date": "2023-03-23T11:09:32.419Z"
  },
  "workspaceName": "Workspace 1",
  "createdBy": "rohini.s3",
  "description": "This is a sample defect created using the Rally REST API Java Toolkit.",
  "expedite": false,
  "formattedId": "DE28",
  "lastUpdateDate": {
    "$date": "2023-03-23T11:09:32.464Z"
  },
  "milestones": 0,
  "name": "data Defect",
  "projectName": "DemoProject",
  "ready": false,
  "flowState": "Defined",
  "flowStateChangedDate": {
    "$date": "2023-03-23T11:09:32.419Z"
  },
  "passingTestCaseCount": 0,
  "scheduleState": "Defined",
  "scheduleStatePrefix": "D",
  "testCaseCount": 0,
  "acceptedDoc": false,
  "attachments": 0,
  "blocked": false,
  "defectSuites": 0,
  "duplicates": 0,
  "environment": "None",
  "openedDate": {
    "$date": "2023-03-23T11:09:32.433Z"
  },
  "priority": "None",
  "recycled": false,
  "resolution": "None",
  "severity": "None",
  "state": "Open",
  "taskActualTotal": 0,
  "taskEstimateTotal": 0,
  "taskRemainingTotal": 0,
  "taskStatus": "NONE",
  "tasks": 0,
  "TestCaseStatus": "NONE",
  "testCases": 0,
  "_class": "com.cognizant.collector.rally.beans.defect.Defect"
},{
  "_id": "694237737151",
  "ref": "https://rally1.rallydev.com/slm/webservice/v2.0/defect/694237737151",
  "creationDate": {
    "$date": "2023-03-23T13:06:55.677Z"
  },
  "workspaceName": "Workspace 1",
  "createdBy": "rohini.s3",
  "description": "Sample desc testing API changed for test ",
  "expedite": false,
  "formattedId": "DE30",
  "lastUpdateDate": {
    "$date": "2023-03-23T13:45:29.419Z"
  },
  "milestones": 0,
  "name": "Testing API",
  "projectName": "DemoProject",
  "ready": false,
  "flowState": "Defined",
  "flowStateChangedDate": {
    "$date": "2023-03-23T13:06:55.677Z"
  },
  "passingTestCaseCount": 0,
  "scheduleState": "Defined",
  "scheduleStatePrefix": "D",
  "testCaseCount": 0,
  "acceptedDoc": false,
  "attachments": 0,
  "blocked": false,
  "defectSuites": 0,
  "duplicates": 0,
  "environment": "None",
  "openedDate": {
    "$date": "2023-03-23T13:06:55.695Z"
  },
  "priority": "None",
  "recycled": false,
  "resolution": "None",
  "severity": "None",
  "state": "Open",
  "taskActualTotal": 0,
  "taskEstimateTotal": 0,
  "taskRemainingTotal": 0,
  "taskStatus": "NONE",
  "tasks": 0,
  "TestCaseStatus": "NONE",
  "testCases": 0,
  "_class": "com.cognizant.collector.rally.beans.defect.Defect"
},{
  "_id": "694242655987",
  "ref": "https://rally1.rallydev.com/slm/webservice/v2.0/defect/694242655987",
  "creationDate": {
    "$date": "2023-03-23T13:49:35.679Z"
  },
  "workspaceName": "Workspace 1",
  "createdBy": "rohini.s3",
  "description": "rre",
  "expedite": false,
  "formattedId": "DE35",
  "lastUpdateDate": {
    "$date": "2023-03-23T13:49:35.728Z"
  },
  "milestones": 0,
  "name": "x",
  "projectName": "DemoProject",
  "ready": false,
  "flowState": "Defined",
  "flowStateChangedDate": {
    "$date": "2023-03-23T13:49:35.679Z"
  },
  "passingTestCaseCount": 0,
  "scheduleState": "Defined",
  "scheduleStatePrefix": "D",
  "testCaseCount": 0,
  "acceptedDoc": false,
  "attachments": 0,
  "blocked": false,
  "defectSuites": 0,
  "duplicates": 0,
  "environment": "None",
  "openedDate": {
    "$date": "2023-03-23T13:49:35.688Z"
  },
  "priority": "Low",
  "recycled": false,
  "resolution": "None",
  "severity": "None",
  "state": "Open",
  "taskActualTotal": 0,
  "taskEstimateTotal": 0,
  "taskRemainingTotal": 0,
  "taskStatus": "NONE",
  "tasks": 0,
  "TestCaseStatus": "NONE",
  "testCases": 0,
  "_class": "com.cognizant.collector.rally.beans.defect.Defect"
},{
  "_id": "694507492127",
  "ref": "https://rally1.rallydev.com/slm/webservice/v2.0/defect/694507492127",
  "creationDate": {
    "$date": "2023-03-27T18:54:47.370Z"
  },
  "workspaceName": "Workspace 1",
  "createdBy": "rohini.s3",
  "description": "wtestingggg ",
  "expedite": false,
  "formattedId": "DE46",
  "lastUpdateDate": {
    "$date": "2023-03-29T08:18:23.493Z"
  },
  "milestones": 0,
  "name": "testing bug xyz",
  "projectName": "DemoProject",
  "ready": false,
  "flowState": "Defined",
  "flowStateChangedDate": {
    "$date": "2023-03-27T18:54:47.370Z"
  },
  "passingTestCaseCount": 0,
  "scheduleState": "Defined",
  "scheduleStatePrefix": "D",
  "testCaseCount": 0,
  "acceptedDoc": false,
  "attachments": 0,
  "blocked": false,
  "defectSuites": 0,
  "duplicates": 0,
  "environment": "None",
  "openedDate": {
    "$date": "2023-03-27T18:54:47.384Z"
  },
  "priority": "Low",
  "recycled": false,
  "resolution": "None",
  "severity": "None",
  "state": "Open",
  "taskActualTotal": 0,
  "taskEstimateTotal": 0,
  "taskRemainingTotal": 0,
  "taskStatus": "NONE",
  "tasks": 0,
  "TestCaseStatus": "NONE",
  "testCases": 0,
  "_class": "com.cognizant.collector.rally.beans.defect.Defect"
},{
  "_id": "694507493081",
  "ref": "https://rally1.rallydev.com/slm/webservice/v2.0/defect/694507493081",
  "creationDate": {
    "$date": "2023-03-27T18:54:51.805Z"
  },
  "workspaceName": "Workspace 1",
  "createdBy": "rohini.s3",
  "description": "<p>Order entry fails when select</p>\n",
  "expedite": false,
  "formattedId": "DE51",
  "lastUpdateDate": {
    "$date": "2023-04-02T21:02:25.827Z"
  },
  "milestones": 0,
  "name": "Main order flow broken",
  "projectName": "DemoProject",
  "ready": false,
  "flowState": "Defined",
  "flowStateChangedDate": {
    "$date": "2023-03-27T18:54:51.805Z"
  },
  "passingTestCaseCount": 0,
  "scheduleState": "Defined",
  "scheduleStatePrefix": "D",
  "testCaseCount": 0,
  "acceptedDoc": false,
  "attachments": 0,
  "blocked": false,
  "defectSuites": 0,
  "duplicates": 0,
  "environment": "None",
  "openedDate": {
    "$date": "2023-03-27T18:54:51.811Z"
  },
  "priority": "Low",
  "recycled": false,
  "resolution": "None",
  "severity": "None",
  "state": "Open",
  "taskActualTotal": 0,
  "taskEstimateTotal": 0,
  "taskRemainingTotal": 0,
  "taskStatus": "NONE",
  "tasks": 0,
  "TestCaseStatus": "NONE",
  "testCases": 0,
  "_class": "com.cognizant.collector.rally.beans.defect.Defect"
},{
  "_id": "694670974385",
  "ref": "https://rally1.rallydev.com/slm/webservice/v2.0/defect/694670974385",
  "creationDate": {
    "$date": "2023-03-29T08:32:20.001Z"
  },
  "workspaceName": "Workspace 1",
  "createdBy": "rohini.s3",
  "description": "efss",
  "expedite": false,
  "formattedId": "DE60",
  "lastUpdateDate": {
    "$date": "2023-03-29T08:32:20.049Z"
  },
  "milestones": 0,
  "name": "23test",
  "projectName": "DemoProject",
  "ready": false,
  "flowState": "Defined",
  "flowStateChangedDate": {
    "$date": "2023-03-29T08:32:20.001Z"
  },
  "passingTestCaseCount": 0,
  "scheduleState": "Defined",
  "scheduleStatePrefix": "D",
  "testCaseCount": 0,
  "acceptedDoc": false,
  "attachments": 0,
  "blocked": false,
  "defectSuites": 0,
  "duplicates": 0,
  "environment": "None",
  "openedDate": {
    "$date": "2023-03-29T08:32:20.017Z"
  },
  "priority": "Low",
  "recycled": false,
  "resolution": "None",
  "severity": "None",
  "state": "Open",
  "taskActualTotal": 0,
  "taskEstimateTotal": 0,
  "taskRemainingTotal": 0,
  "taskStatus": "NONE",
  "tasks": 0,
  "TestCaseStatus": "NONE",
  "testCases": 0,
  "_class": "com.cognizant.collector.rally.beans.defect.Defect"
},{
  "_id": "694671137231",
  "ref": "https://rally1.rallydev.com/slm/webservice/v2.0/defect/694671137231",
  "creationDate": {
    "$date": "2023-03-29T08:33:46.106Z"
  },
  "workspaceName": "Workspace 1",
  "createdBy": "rohini.s3",
  "description": "aa",
  "expedite": false,
  "formattedId": "DE61",
  "lastUpdateDate": {
    "$date": "2023-03-29T08:33:46.151Z"
  },
  "milestones": 0,
  "name": "a",
  "projectName": "DemoProject",
  "ready": false,
  "flowState": "Defined",
  "flowStateChangedDate": {
    "$date": "2023-03-29T08:33:46.106Z"
  },
  "passingTestCaseCount": 0,
  "scheduleState": "Defined",
  "scheduleStatePrefix": "D",
  "testCaseCount": 0,
  "acceptedDoc": false,
  "attachments": 0,
  "blocked": false,
  "defectSuites": 0,
  "duplicates": 0,
  "environment": "None",
  "openedDate": {
    "$date": "2023-03-29T08:33:46.123Z"
  },
  "priority": "Low",
  "recycled": false,
  "resolution": "None",
  "severity": "None",
  "state": "Open",
  "taskActualTotal": 0,
  "taskEstimateTotal": 0,
  "taskRemainingTotal": 0,
  "taskStatus": "NONE",
  "tasks": 0,
  "TestCaseStatus": "NONE",
  "testCases": 0,
  "_class": "com.cognizant.collector.rally.beans.defect.Defect"
},{
  "_id": "694671203517",
  "ref": "https://rally1.rallydev.com/slm/webservice/v2.0/defect/694671203517",
  "creationDate": {
    "$date": "2023-03-29T08:37:24.095Z"
  },
  "workspaceName": "Workspace 1",
  "createdBy": "rohini.s3",
  "description": "acscverv",
  "expedite": false,
  "formattedId": "DE62",
  "lastUpdateDate": {
    "$date": "2023-03-29T08:37:24.135Z"
  },
  "milestones": 0,
  "name": "avcd",
  "projectName": "DemoProject",
  "ready": false,
  "flowState": "Defined",
  "flowStateChangedDate": {
    "$date": "2023-03-29T08:37:24.095Z"
  },
  "passingTestCaseCount": 0,
  "scheduleState": "Defined",
  "scheduleStatePrefix": "D",
  "testCaseCount": 0,
  "acceptedDoc": false,
  "attachments": 0,
  "blocked": false,
  "defectSuites": 0,
  "duplicates": 0,
  "environment": "None",
  "openedDate": {
    "$date": "2023-03-29T08:37:24.109Z"
  },
  "priority": "Low",
  "recycled": false,
  "resolution": "None",
  "severity": "None",
  "state": "Open",
  "taskActualTotal": 0,
  "taskEstimateTotal": 0,
  "taskRemainingTotal": 0,
  "taskStatus": "NONE",
  "tasks": 0,
  "TestCaseStatus": "NONE",
  "testCases": 0,
  "_class": "com.cognizant.collector.rally.beans.defect.Defect"
},{
  "_id": "695663026063",
  "ref": "https://rally1.rallydev.com/slm/webservice/v2.0/defect/695663026063",
  "creationDate": {
    "$date": "2023-04-02T21:02:38.561Z"
  },
  "workspaceName": "Workspace 1",
  "createdBy": "rohini.s3",
  "description": "testtttt",
  "expedite": false,
  "formattedId": "DE63",
  "lastUpdateDate": {
    "$date": "2023-04-02T21:02:38.756Z"
  },
  "milestones": 0,
  "name": "bug defect tesyt",
  "projectName": "DemoProject",
  "ready": false,
  "flowState": "Defined",
  "flowStateChangedDate": {
    "$date": "2023-04-02T21:02:38.561Z"
  },
  "passingTestCaseCount": 0,
  "scheduleState": "Defined",
  "scheduleStatePrefix": "D",
  "testCaseCount": 0,
  "acceptedDoc": false,
  "attachments": 0,
  "blocked": false,
  "defectSuites": 0,
  "duplicates": 0,
  "environment": "None",
  "openedDate": {
    "$date": "2023-04-02T21:02:38.620Z"
  },
  "priority": "Low",
  "recycled": false,
  "resolution": "None",
  "severity": "None",
  "state": "Open",
  "taskActualTotal": 0,
  "taskEstimateTotal": 0,
  "taskRemainingTotal": 0,
  "taskStatus": "NONE",
  "tasks": 0,
  "TestCaseStatus": "NONE",
  "testCases": 0,
  "_class": "com.cognizant.collector.rally.beans.defect.Defect"
},{
  "_id": "695663026757",
  "ref": "https://rally1.rallydev.com/slm/webservice/v2.0/defect/695663026757",
  "creationDate": {
    "$date": "2023-04-02T21:02:39.614Z"
  },
  "workspaceName": "Workspace 1",
  "createdBy": "rohini.s3",
  "description": "This is the defect description. to uodate un jida",
  "expedite": false,
  "formattedId": "DE64",
  "lastUpdateDate": {
    "$date": "2023-04-03T08:43:35.155Z"
  },
  "milestones": 0,
  "name": "This is a high priority Defect",
  "projectName": "DemoProject",
  "ready": false,
  "flowState": "Defined",
  "flowStateChangedDate": {
    "$date": "2023-04-02T21:02:39.614Z"
  },
  "passingTestCaseCount": 0,
  "scheduleState": "Defined",
  "scheduleStatePrefix": "D",
  "testCaseCount": 0,
  "acceptedDoc": false,
  "attachments": 0,
  "blocked": false,
  "defectSuites": 0,
  "duplicates": 0,
  "environment": "None",
  "openedDate": {
    "$date": "2023-04-02T21:02:39.621Z"
  },
  "priority": "Low",
  "recycled": false,
  "resolution": "None",
  "severity": "None",
  "state": "Open",
  "taskActualTotal": 0,
  "taskEstimateTotal": 0,
  "taskRemainingTotal": 0,
  "taskStatus": "NONE",
  "tasks": 0,
  "TestCaseStatus": "NONE",
  "testCases": 0,
  "_class": "com.cognizant.collector.rally.beans.defect.Defect"
},{
  "_id": "695749170521",
  "ref": "https://rally1.rallydev.com/slm/webservice/v2.0/defect/695749170521",
  "creationDate": {
    "$date": "2023-04-03T05:42:35.729Z"
  },
  "workspaceName": "Workspace 1",
  "createdBy": "rohini.s3",
  "description": "gegeg",
  "expedite": false,
  "formattedId": "DE66",
  "lastUpdateDate": {
    "$date": "2023-04-03T05:42:35.782Z"
  },
  "milestones": 0,
  "name": "bew",
  "projectName": "DemoProject",
  "ready": false,
  "flowState": "Defined",
  "flowStateChangedDate": {
    "$date": "2023-04-03T05:42:35.729Z"
  },
  "passingTestCaseCount": 0,
  "scheduleState": "Defined",
  "scheduleStatePrefix": "D",
  "testCaseCount": 0,
  "acceptedDoc": false,
  "attachments": 0,
  "blocked": false,
  "defectSuites": 0,
  "duplicates": 0,
  "environment": "None",
  "openedDate": {
    "$date": "2023-04-03T05:42:35.748Z"
  },
  "priority": "Low",
  "recycled": false,
  "resolution": "None",
  "severity": "None",
  "state": "Open",
  "taskActualTotal": 0,
  "taskEstimateTotal": 0,
  "taskRemainingTotal": 0,
  "taskStatus": "NONE",
  "tasks": 0,
  "TestCaseStatus": "NONE",
  "testCases": 0,
  "_class": "com.cognizant.collector.rally.beans.defect.Defect"
},{
  "_id": "695781387911",
  "ref": "https://rally1.rallydev.com/slm/webservice/v2.0/defect/695781387911",
  "creationDate": {
    "$date": "2023-04-03T08:20:00.155Z"
  },
  "workspaceName": "Workspace 1",
  "createdBy": "rohini.s3",
  "description": "nyergr",
  "expedite": false,
  "formattedId": "DE67",
  "lastUpdateDate": {
    "$date": "2023-04-03T08:20:00.217Z"
  },
  "milestones": 0,
  "name": "byfg",
  "projectName": "DemoProject",
  "ready": false,
  "flowState": "Defined",
  "flowStateChangedDate": {
    "$date": "2023-04-03T08:20:00.155Z"
  },
  "passingTestCaseCount": 0,
  "scheduleState": "Defined",
  "scheduleStatePrefix": "D",
  "testCaseCount": 0,
  "acceptedDoc": false,
  "attachments": 0,
  "blocked": false,
  "defectSuites": 0,
  "duplicates": 0,
  "environment": "None",
  "priority": "Low",
  "recycled": false,
  "resolution": "None",
  "severity": "None",
  "state": "Submitted",
  "taskActualTotal": 0,
  "taskEstimateTotal": 0,
  "taskRemainingTotal": 0,
  "taskStatus": "NONE",
  "tasks": 0,
  "TestCaseStatus": "NONE",
  "testCases": 0,
  "_class": "com.cognizant.collector.rally.beans.defect.Defect"
},{
  "_id": "697542739199",
  "ref": "https://rally1.rallydev.com/slm/webservice/v2.0/defect/697542739199",
  "creationDate": {
    "$date": "2023-04-12T10:32:56.262Z"
  },
  "workspaceName": "Workspace 1",
  "createdBy": "rohini.s3",
  "description": "",
  "expedite": false,
  "formattedId": "DE68",
  "lastUpdateDate": {
    "$date": "2023-04-12T10:32:56.295Z"
  },
  "milestones": 0,
  "name": "not working",
  "projectName": "DemoProject",
  "ready": false,
  "flowState": "Defined",
  "flowStateChangedDate": {
    "$date": "2023-04-12T10:32:56.262Z"
  },
  "passingTestCaseCount": 0,
  "scheduleState": "Defined",
  "scheduleStatePrefix": "D",
  "testCaseCount": 0,
  "acceptedDoc": false,
  "attachments": 0,
  "blocked": false,
  "defectSuites": 0,
  "duplicates": 0,
  "environment": "None",
  "priority": "None",
  "recycled": false,
  "requirement": {
    "name": "form submission",
    "ref": "https://rally1.rallydev.com/slm/webservice/v2.0/hierarchicalrequirement/697542488347"
  },
  "resolution": "None",
  "severity": "None",
  "state": "Submitted",
  "submittedBy": "rohini.s3",
  "taskActualTotal": 0,
  "taskEstimateTotal": 0,
  "taskRemainingTotal": 0,
  "taskStatus": "NONE",
  "tasks": 0,
  "TestCaseStatus": "NONE",
  "testCases": 0,
  "_class": "com.cognizant.collector.rally.beans.defect.Defect"
},{
  "_id": "697542747051",
  "ref": "https://rally1.rallydev.com/slm/webservice/v2.0/defect/697542747051",
  "creationDate": {
    "$date": "2023-04-12T10:34:03.493Z"
  },
  "workspaceName": "Workspace 1",
  "createdBy": "rohini.s3",
  "description": "",
  "expedite": false,
  "formattedId": "DE69",
  "lastUpdateDate": {
    "$date": "2023-04-12T10:34:03.526Z"
  },
  "milestones": 0,
  "name": "taking too long",
  "projectName": "DemoProject",
  "ready": false,
  "flowState": "Defined",
  "flowStateChangedDate": {
    "$date": "2023-04-12T10:34:03.493Z"
  },
  "passingTestCaseCount": 0,
  "scheduleState": "Defined",
  "scheduleStatePrefix": "D",
  "testCaseCount": 0,
  "acceptedDoc": false,
  "attachments": 0,
  "blocked": false,
  "defectSuites": 0,
  "duplicates": 0,
  "environment": "None",
  "priority": "None",
  "recycled": false,
  "requirement": {
    "name": "form submission",
    "ref": "https://rally1.rallydev.com/slm/webservice/v2.0/hierarchicalrequirement/697542488347"
  },
  "resolution": "None",
  "severity": "None",
  "state": "Submitted",
  "submittedBy": "rohini.s3",
  "taskActualTotal": 0,
  "taskEstimateTotal": 0,
  "taskRemainingTotal": 0,
  "taskStatus": "NONE",
  "tasks": 0,
  "TestCaseStatus": "NONE",
  "testCases": 0,
  "_class": "com.cognizant.collector.rally.beans.defect.Defect"
}]