[{
  "_id": "644401348733",
  "name": "Browse safaris",
  "ref": "https://rally1.rallydev.com/slm/webservice/v2.0/hierarchicalrequirement/644401348733",
  "creationDate": {
    "$date": "2022-08-14T23:03:23.699Z"
  },
  "workspaceName": "Workspace 1",
  "createdBy": "rohini.s3",
  "description": "As a web site visitor, I want to browse through the inventory of available safaris so that I can pick one that fits my time, budget and interest.",
  "expedite": false,
  "formattedId": "US1",
  "lastUpdateDate": {
    "$date": "2022-08-14T23:03:23.764Z"
  },
  "milestones": 0,
  "projectName": "Sample Project",
  "ready": false,
  "flowState": "Defined",
  "flowStateChangedDate": {
    "$date": "2022-08-14T23:03:23.699Z"
  },
  "passingTestCaseCount": 0,
  "scheduleState": "Defined",
  "scheduleStatePrefix": "D",
  "testCaseCount": 0,
  "attachments": 0,
  "blocked": false,
  "children": 0,
  "defectStatus": "NONE",
  "defects": 0,
  "directChildrenCount": 0,
  "directPassingTestCaseCount": 0,
  "hasParent": false,
  "planEstimate": 4,
  "predecessors": 0,
  "recycled": false,
  "risks": 0,
  "successors": 0,
  "taskActualTotal": 0,
  "taskEstimateTotal": 0,
  "taskRemainingTotal": 0,
  "taskStatus": "NONE",
  "tasks": 0,
  "testCaseStatus": "NONE",
  "testCases": 0,
  "totalDirectTestCaseCount": 0,
  "_class": "com.cognizant.collector.rally.beans.userstory.UserStory"
},{
  "_id": "644401348741",
  "name": "Show availability of safaris",
  "ref": "https://rally1.rallydev.com/slm/webservice/v2.0/hierarchicalrequirement/644401348741",
  "creationDate": {
    "$date": "2022-08-14T23:03:23.703Z"
  },
  "workspaceName": "Workspace 1",
  "createdBy": "rohini.s3",
  "description": "As a web site visitor, I want to view upcoming safari availability so that I can choose an available date.",
  "expedite": false,
  "formattedId": "US2",
  "lastUpdateDate": {
    "$date": "2022-10-10T08:28:23.346Z"
  },
  "milestones": 0,
  "projectName": "Sample Project",
  "ready": false,
  "flowState": "Defined",
  "flowStateChangedDate": {
    "$date": "2022-08-14T23:03:23.703Z"
  },
  "passingTestCaseCount": 0,
  "scheduleState": "Defined",
  "scheduleStatePrefix": "D",
  "testCaseCount": 0,
  "attachments": 0,
  "blocked": false,
  "children": 0,
  "defectStatus": "NONE",
  "defects": 0,
  "directChildrenCount": 0,
  "directPassingTestCaseCount": 0,
  "hasParent": false,
  "planEstimate": 4,
  "predecessors": 0,
  "recycled": false,
  "risks": 0,
  "successors": 0,
  "taskActualTotal": 0,
  "taskEstimateTotal": 0,
  "taskRemainingTotal": 0,
  "taskStatus": "NONE",
  "tasks": 0,
  "testCaseStatus": "NONE",
  "testCases": 0,
  "totalDirectTestCaseCount": 0,
  "_class": "com.cognizant.collector.rally.beans.userstory.UserStory"
},{
  "_id": "644401348749",
  "name": "Register for Frequent Adventurer card",
  "ref": "https://rally1.rallydev.com/slm/webservice/v2.0/hierarchicalrequirement/644401348749",
  "creationDate": {
    "$date": "2022-08-14T23:03:23.705Z"
  },
  "workspaceName": "Workspace 1",
  "createdBy": "rohini.s3",
  "description": "As a safari-taker, I want to sign-up for a Frequent Adventurer Card so I can earn rewards.",
  "expedite": false,
  "formattedId": "US3",
  "lastUpdateDate": {
    "$date": "2022-08-14T23:03:23.764Z"
  },
  "milestones": 0,
  "projectName": "Sample Project",
  "ready": false,
  "flowState": "Defined",
  "flowStateChangedDate": {
    "$date": "2022-08-14T23:03:23.705Z"
  },
  "passingTestCaseCount": 0,
  "scheduleState": "Defined",
  "scheduleStatePrefix": "D",
  "testCaseCount": 0,
  "attachments": 0,
  "blocked": false,
  "children": 0,
  "defectStatus": "NONE",
  "defects": 0,
  "directChildrenCount": 0,
  "directPassingTestCaseCount": 0,
  "hasParent": false,
  "planEstimate": 4,
  "predecessors": 0,
  "recycled": false,
  "risks": 0,
  "successors": 0,
  "taskActualTotal": 0,
  "taskEstimateTotal": 0,
  "taskRemainingTotal": 0,
  "taskStatus": "NONE",
  "tasks": 0,
  "testCaseStatus": "NONE",
  "testCases": 0,
  "totalDirectTestCaseCount": 0,
  "_class": "com.cognizant.collector.rally.beans.userstory.UserStory"
},{
  "_id": "644401348757",
  "name": "Complete the \"You may get eaten\" waiver",
  "ref": "https://rally1.rallydev.com/slm/webservice/v2.0/hierarchicalrequirement/644401348757",
  "creationDate": {
    "$date": "2022-08-14T23:03:23.707Z"
  },
  "workspaceName": "Workspace 1",
  "createdBy": "rohini.s3",
  "description": "As the owner of Simba's Safaris, I want the customers to complete a waiver so that our company has no liability if a lion eats them.",
  "expedite": false,
  "formattedId": "US4",
  "lastUpdateDate": {
    "$date": "2022-08-14T23:03:23.762Z"
  },
  "milestones": 0,
  "projectName": "Sample Project",
  "ready": false,
  "flowState": "Defined",
  "flowStateChangedDate": {
    "$date": "2022-08-14T23:03:23.707Z"
  },
  "passingTestCaseCount": 0,
  "scheduleState": "Defined",
  "scheduleStatePrefix": "D",
  "testCaseCount": 0,
  "attachments": 0,
  "blocked": false,
  "children": 0,
  "defectStatus": "NONE",
  "defects": 0,
  "directChildrenCount": 0,
  "directPassingTestCaseCount": 0,
  "hasParent": false,
  "planEstimate": 2,
  "predecessors": 0,
  "recycled": false,
  "risks": 0,
  "successors": 0,
  "taskActualTotal": 0,
  "taskEstimateTotal": 0,
  "taskRemainingTotal": 0,
  "taskStatus": "NONE",
  "tasks": 0,
  "testCaseStatus": "NONE",
  "testCases": 0,
  "totalDirectTestCaseCount": 0,
  "_class": "com.cognizant.collector.rally.beans.userstory.UserStory"
},{
  "_id": "644401348765",
  "name": "View jungle miles account",
  "ref": "https://rally1.rallydev.com/slm/webservice/v2.0/hierarchicalrequirement/644401348765",
  "creationDate": {
    "$date": "2022-08-14T23:03:23.709Z"
  },
  "workspaceName": "Workspace 1",
  "createdBy": "rohini.s3",
  "description": "As a frequent adventurer, I want to view the number of jungle miles in my account so I can see if I'm eligible for a reward.",
  "expedite": false,
  "formattedId": "US5",
  "lastUpdateDate": {
    "$date": "2022-08-14T23:03:23.762Z"
  },
  "milestones": 0,
  "projectName": "Sample Project",
  "ready": false,
  "flowState": "Defined",
  "flowStateChangedDate": {
    "$date": "2022-08-14T23:03:23.709Z"
  },
  "passingTestCaseCount": 0,
  "scheduleState": "Defined",
  "scheduleStatePrefix": "D",
  "testCaseCount": 0,
  "attachments": 0,
  "blocked": false,
  "children": 0,
  "defectStatus": "NONE",
  "defects": 0,
  "directChildrenCount": 0,
  "directPassingTestCaseCount": 0,
  "hasParent": false,
  "planEstimate": 4,
  "predecessors": 0,
  "recycled": false,
  "risks": 0,
  "successors": 0,
  "taskActualTotal": 0,
  "taskEstimateTotal": 0,
  "taskRemainingTotal": 0,
  "taskStatus": "NONE",
  "tasks": 0,
  "testCaseStatus": "NONE",
  "testCases": 0,
  "totalDirectTestCaseCount": 0,
  "_class": "com.cognizant.collector.rally.beans.userstory.UserStory"
},{
  "_id": "644401348773",
  "name": "Choose dietary plan",
  "ref": "https://rally1.rallydev.com/slm/webservice/v2.0/hierarchicalrequirement/644401348773",
  "creationDate": {
    "$date": "2022-08-14T23:03:23.711Z"
  },
  "workspaceName": "Workspace 1",
  "createdBy": "rohini.s3",
  "description": "As a web site visitor, I want to view the available dietary selections (e.g., vegetarian, gluten-free, standard) and make a selection so that I know that any special food needs will be met.",
  "expedite": false,
  "formattedId": "US6",
  "lastUpdateDate": {
    "$date": "2022-08-14T23:03:23.765Z"
  },
  "milestones": 0,
  "projectName": "Sample Project",
  "ready": false,
  "flowState": "Defined",
  "flowStateChangedDate": {
    "$date": "2022-08-14T23:03:23.711Z"
  },
  "passingTestCaseCount": 0,
  "scheduleState": "Defined",
  "scheduleStatePrefix": "D",
  "testCaseCount": 0,
  "attachments": 0,
  "blocked": false,
  "children": 0,
  "defectStatus": "NONE",
  "defects": 0,
  "directChildrenCount": 0,
  "directPassingTestCaseCount": 0,
  "hasParent": false,
  "planEstimate": 2,
  "predecessors": 0,
  "recycled": false,
  "risks": 0,
  "successors": 0,
  "taskActualTotal": 0,
  "taskEstimateTotal": 0,
  "taskRemainingTotal": 0,
  "taskStatus": "NONE",
  "tasks": 0,
  "testCaseStatus": "NONE",
  "testCases": 0,
  "totalDirectTestCaseCount": 0,
  "_class": "com.cognizant.collector.rally.beans.userstory.UserStory"
},{
  "_id": "644401348781",
  "name": "Manage special offers",
  "ref": "https://rally1.rallydev.com/slm/webservice/v2.0/hierarchicalrequirement/644401348781",
  "creationDate": {
    "$date": "2022-08-14T23:03:23.713Z"
  },
  "workspaceName": "Workspace 1",
  "createdBy": "rohini.s3",
  "description": "As a safari scheduler, I want to publish special offers so that I can balance demand and availability.",
  "expedite": false,
  "formattedId": "US7",
  "lastUpdateDate": {
    "$date": "2022-08-14T23:03:23.766Z"
  },
  "milestones": 0,
  "projectName": "Sample Project",
  "ready": false,
  "flowState": "Defined",
  "flowStateChangedDate": {
    "$date": "2022-08-14T23:03:23.713Z"
  },
  "passingTestCaseCount": 0,
  "scheduleState": "Defined",
  "scheduleStatePrefix": "D",
  "testCaseCount": 0,
  "attachments": 0,
  "blocked": false,
  "children": 0,
  "defectStatus": "NONE",
  "defects": 0,
  "directChildrenCount": 0,
  "directPassingTestCaseCount": 0,
  "hasParent": false,
  "planEstimate": 8,
  "predecessors": 0,
  "recycled": false,
  "risks": 0,
  "successors": 0,
  "taskActualTotal": 0,
  "taskEstimateTotal": 0,
  "taskRemainingTotal": 0,
  "taskStatus": "NONE",
  "tasks": 0,
  "testCaseStatus": "NONE",
  "testCases": 0,
  "totalDirectTestCaseCount": 0,
  "_class": "com.cognizant.collector.rally.beans.userstory.UserStory"
},{
  "_id": "644401348789",
  "name": "Order picture package",
  "ref": "https://rally1.rallydev.com/slm/webservice/v2.0/hierarchicalrequirement/644401348789",
  "creationDate": {
    "$date": "2022-08-14T23:03:23.715Z"
  },
  "workspaceName": "Workspace 1",
  "createdBy": "rohini.s3",
  "description": "As a safari-taker, I want to view any pictures taken and be able to order reprints so that I can remember my trip.",
  "expedite": false,
  "formattedId": "US8",
  "lastUpdateDate": {
    "$date": "2022-08-14T23:03:23.765Z"
  },
  "milestones": 0,
  "projectName": "Sample Project",
  "ready": false,
  "flowState": "Defined",
  "flowStateChangedDate": {
    "$date": "2022-08-14T23:03:23.715Z"
  },
  "passingTestCaseCount": 0,
  "scheduleState": "Defined",
  "scheduleStatePrefix": "D",
  "testCaseCount": 0,
  "attachments": 0,
  "blocked": false,
  "children": 0,
  "defectStatus": "NONE",
  "defects": 0,
  "directChildrenCount": 0,
  "directPassingTestCaseCount": 0,
  "hasParent": false,
  "planEstimate": 8,
  "predecessors": 0,
  "recycled": false,
  "risks": 0,
  "successors": 0,
  "taskActualTotal": 0,
  "taskEstimateTotal": 0,
  "taskRemainingTotal": 0,
  "taskStatus": "NONE",
  "tasks": 0,
  "testCaseStatus": "NONE",
  "testCases": 0,
  "totalDirectTestCaseCount": 0,
  "_class": "com.cognizant.collector.rally.beans.userstory.UserStory"
},{
  "_id": "644471547759",
  "name": "As a user, I should be able to register to the portal",
  "ref": "https://rally1.rallydev.com/slm/webservice/v2.0/hierarchicalrequirement/644471547759",
  "creationDate": {
    "$date": "2022-08-16T05:35:18.711Z"
  },
  "workspaceName": "Workspace 1",
  "createdBy": "rohini.s3",
  "description": "<p>User should be resigtered to the portal</p>\n",
  "expedite": false,
  "formattedId": "US9",
  "lastUpdateDate": {
    "$date": "2022-10-17T11:07:49.539Z"
  },
  "milestones": 1,
  "owner": "rohini.s3",
  "projectName": "DemoProject",
  "ready": true,
  "flowState": "Defined",
  "flowStateChangedDate": {
    "$date": "2022-08-16T05:35:18.711Z"
  },
  "passingTestCaseCount": 0,
  "scheduleState": "Defined",
  "scheduleStatePrefix": "D",
  "testCaseCount": 0,
  "attachments": 0,
  "blocked": false,
  "children": 0,
  "defectStatus": "NONE",
  "defects": 0,
  "directChildrenCount": 0,
  "directPassingTestCaseCount": 0,
  "hasParent": false,
  "predecessors": 0,
  "recycled": false,
  "release": {
    "name": "Release v1.0",
    "ref": "https://rally1.rallydev.com/slm/webservice/v2.0/release/644562667457"
  },
  "risks": 0,
  "successors": 0,
  "taskActualTotal": 0,
  "taskEstimateTotal": 0,
  "taskRemainingTotal": 0,
  "taskStatus": "NONE",
  "tasks": 0,
  "testCaseStatus": "NONE",
  "testCases": 0,
  "totalDirectTestCaseCount": 0,
  "portfolioItem": {
    "ref": "https://rally1.rallydev.com/slm/webservice/v2.0/portfolioitem/feature/662602201857",
    "name": "Sample Portfolio Item"
  },
  "_class": "com.cognizant.collector.rally.beans.userstory.UserStory"
},{
  "_id": "644471553487",
  "name": "Search for a product by entering maximum 3 characters",
  "ref": "https://rally1.rallydev.com/slm/webservice/v2.0/hierarchicalrequirement/644471553487",
  "creationDate": {
    "$date": "2022-08-16T05:37:02.245Z"
  },
  "workspaceName": "Workspace 1",
  "createdBy": "rohini.s3",
  "description": "",
  "expedite": false,
  "formattedId": "US10",
  "lastUpdateDate": {
    "$date": "2022-08-16T05:37:09.983Z"
  },
  "milestones": 0,
  "owner": "rohini.s3",
  "projectName": "DemoProject",
  "ready": false,
  "flowState": "Defined",
  "flowStateChangedDate": {
    "$date": "2022-08-16T05:37:02.245Z"
  },
  "passingTestCaseCount": 0,
  "scheduleState": "Defined",
  "scheduleStatePrefix": "D",
  "testCaseCount": 0,
  "attachments": 0,
  "blocked": false,
  "children": 0,
  "defectStatus": "NONE",
  "defects": 0,
  "directChildrenCount": 0,
  "directPassingTestCaseCount": 0,
  "hasParent": false,
  "predecessors": 0,
  "recycled": false,
  "risks": 0,
  "successors": 0,
  "taskActualTotal": 0,
  "taskEstimateTotal": 0,
  "taskRemainingTotal": 0,
  "taskStatus": "NONE",
  "tasks": 0,
  "testCaseStatus": "NONE",
  "testCases": 0,
  "totalDirectTestCaseCount": 0,
  "_class": "com.cognizant.collector.rally.beans.userstory.UserStory"
},{
  "_id": "644471555215",
  "name": "By clicking on a product, it should navigate to the product details page",
  "ref": "https://rally1.rallydev.com/slm/webservice/v2.0/hierarchicalrequirement/644471555215",
  "creationDate": {
    "$date": "2022-08-16T05:37:43.354Z"
  },
  "workspaceName": "Workspace 1",
  "createdBy": "rohini.s3",
  "description": "",
  "expedite": false,
  "formattedId": "US11",
  "lastUpdateDate": {
    "$date": "2022-09-09T05:10:47.827Z"
  },
  "milestones": 0,
  "owner": "rohini.s3",
  "projectName": "DemoProject",
  "ready": false,
  "flowState": "Defined",
  "flowStateChangedDate": {
    "$date": "2022-08-16T05:37:43.354Z"
  },
  "passingTestCaseCount": 0,
  "scheduleState": "Defined",
  "scheduleStatePrefix": "D",
  "testCaseCount": 0,
  "attachments": 0,
  "blocked": false,
  "children": 0,
  "defectStatus": "NONE",
  "defects": 0,
  "directChildrenCount": 0,
  "directPassingTestCaseCount": 0,
  "hasParent": false,
  "predecessors": 0,
  "recycled": false,
  "release": {
    "name": "Release v1.0",
    "ref": "https://rally1.rallydev.com/slm/webservice/v2.0/release/644562667457"
  },
  "risks": 0,
  "successors": 0,
  "taskActualTotal": 0,
  "taskEstimateTotal": 0,
  "taskRemainingTotal": 0,
  "taskStatus": "NONE",
  "tasks": 0,
  "testCaseStatus": "NONE",
  "testCases": 0,
  "totalDirectTestCaseCount": 0,
  "_class": "com.cognizant.collector.rally.beans.userstory.UserStory"
},{
  "_id": "644471556185",
  "name": "User can add  products to the page by clicking 'Add To Cart' button",
  "ref": "https://rally1.rallydev.com/slm/webservice/v2.0/hierarchicalrequirement/644471556185",
  "creationDate": {
    "$date": "2022-08-16T05:38:05.646Z"
  },
  "workspaceName": "Workspace 1",
  "createdBy": "rohini.s3",
  "description": "",
  "expedite": false,
  "formattedId": "US12",
  "lastUpdateDate": {
    "$date": "2022-09-09T05:10:47.904Z"
  },
  "milestones": 0,
  "owner": "rohini.s3",
  "projectName": "DemoProject",
  "ready": false,
  "flowState": "Defined",
  "flowStateChangedDate": {
    "$date": "2022-08-16T05:38:05.646Z"
  },
  "passingTestCaseCount": 0,
  "scheduleState": "Defined",
  "scheduleStatePrefix": "D",
  "testCaseCount": 0,
  "attachments": 0,
  "blocked": false,
  "children": 0,
  "defectStatus": "NONE",
  "defects": 0,
  "directChildrenCount": 0,
  "directPassingTestCaseCount": 0,
  "hasParent": false,
  "predecessors": 0,
  "recycled": false,
  "release": {
    "name": "Release v1.0",
    "ref": "https://rally1.rallydev.com/slm/webservice/v2.0/release/644562667457"
  },
  "risks": 0,
  "successors": 0,
  "taskActualTotal": 0,
  "taskEstimateTotal": 0,
  "taskRemainingTotal": 0,
  "taskStatus": "NONE",
  "tasks": 0,
  "testCaseStatus": "NONE",
  "testCases": 0,
  "totalDirectTestCaseCount": 0,
  "_class": "com.cognizant.collector.rally.beans.userstory.UserStory"
},{
  "_id": "644471561063",
  "name": "All the mandatory fields should have asterik character",
  "ref": "https://rally1.rallydev.com/slm/webservice/v2.0/hierarchicalrequirement/644471561063",
  "creationDate": {
    "$date": "2022-08-16T05:39:33.102Z"
  },
  "workspaceName": "Workspace 1",
  "createdBy": "rohini.s3",
  "description": "",
  "expedite": false,
  "formattedId": "US13",
  "lastUpdateDate": {
    "$date": "2022-08-16T05:39:33.119Z"
  },
  "milestones": 0,
  "owner": "rohini.s3",
  "projectName": "DemoProject",
  "ready": false,
  "flowState": "Defined",
  "flowStateChangedDate": {
    "$date": "2022-08-16T05:39:33.102Z"
  },
  "passingTestCaseCount": 0,
  "scheduleState": "Defined",
  "scheduleStatePrefix": "D",
  "testCaseCount": 0,
  "attachments": 0,
  "blocked": false,
  "children": 0,
  "defectStatus": "NONE",
  "defects": 0,
  "directChildrenCount": 0,
  "directPassingTestCaseCount": 0,
  "hasParent": false,
  "predecessors": 0,
  "recycled": false,
  "risks": 0,
  "successors": 0,
  "taskActualTotal": 0,
  "taskEstimateTotal": 0,
  "taskRemainingTotal": 0,
  "taskStatus": "NONE",
  "tasks": 0,
  "testCaseStatus": "NONE",
  "testCases": 0,
  "totalDirectTestCaseCount": 0,
  "_class": "com.cognizant.collector.rally.beans.userstory.UserStory"
},{
  "_id": "644471844541",
  "name": "User can edit personal details by clicking on 'Edit' button",
  "ref": "https://rally1.rallydev.com/slm/webservice/v2.0/hierarchicalrequirement/644471844541",
  "creationDate": {
    "$date": "2022-08-16T05:40:06.608Z"
  },
  "workspaceName": "Workspace 1",
  "createdBy": "rohini.s3",
  "description": "",
  "expedite": false,
  "formattedId": "US14",
  "lastUpdateDate": {
    "$date": "2022-08-16T05:40:06.628Z"
  },
  "milestones": 0,
  "owner": "rohini.s3",
  "projectName": "DemoProject",
  "ready": false,
  "flowState": "Defined",
  "flowStateChangedDate": {
    "$date": "2022-08-16T05:40:06.608Z"
  },
  "passingTestCaseCount": 0,
  "scheduleState": "Defined",
  "scheduleStatePrefix": "D",
  "testCaseCount": 0,
  "attachments": 0,
  "blocked": false,
  "children": 0,
  "defectStatus": "NONE",
  "defects": 0,
  "directChildrenCount": 0,
  "directPassingTestCaseCount": 0,
  "hasParent": false,
  "predecessors": 0,
  "recycled": false,
  "risks": 0,
  "successors": 0,
  "taskActualTotal": 0,
  "taskEstimateTotal": 0,
  "taskRemainingTotal": 0,
  "taskStatus": "NONE",
  "tasks": 0,
  "testCaseStatus": "NONE",
  "testCases": 0,
  "totalDirectTestCaseCount": 0,
  "_class": "com.cognizant.collector.rally.beans.userstory.UserStory"
},{
  "_id": "658870488895",
  "name": "User should be able to download the report in excel",
  "ref": "https://rally1.rallydev.com/slm/webservice/v2.0/hierarchicalrequirement/658870488895",
  "creationDate": {
    "$date": "2022-10-10T09:47:54.131Z"
  },
  "workspaceName": "Workspace 1",
  "createdBy": "rohini.s3",
  "description": "",
  "expedite": false,
  "formattedId": "US15",
  "lastUpdateDate": {
    "$date": "2022-10-10T09:48:40.762Z"
  },
  "milestones": 1,
  "owner": "rohini.s3",
  "projectName": "DemoProject",
  "ready": false,
  "flowState": "Defined",
  "flowStateChangedDate": {
    "$date": "2022-10-10T09:47:54.131Z"
  },
  "passingTestCaseCount": 0,
  "scheduleState": "Defined",
  "scheduleStatePrefix": "D",
  "testCaseCount": 0,
  "attachments": 0,
  "blocked": false,
  "children": 0,
  "defectStatus": "NONE",
  "defects": 0,
  "directChildrenCount": 0,
  "directPassingTestCaseCount": 0,
  "hasParent": false,
  "iteration": {
    "name": "Iteration1",
    "ref": "https://rally1.rallydev.com/slm/webservice/v2.0/iteration/644563977759"
  },
  "predecessors": 0,
  "recycled": false,
  "release": {
    "name": "Release v1.0",
    "ref": "https://rally1.rallydev.com/slm/webservice/v2.0/release/644562667457"
  },
  "risks": 0,
  "successors": 0,
  "taskActualTotal": 0,
  "taskEstimateTotal": 0,
  "taskRemainingTotal": 0,
  "taskStatus": "NONE",
  "tasks": 0,
  "testCaseStatus": "NONE",
  "testCases": 0,
  "totalDirectTestCaseCount": 0,
  "_class": "com.cognizant.collector.rally.beans.userstory.UserStory"
},{
  "_id": "647530464841",
  "name": "Test user story1",
  "ref": "https://rally1.rallydev.com/slm/webservice/v2.0/hierarchicalrequirement/647530464841",
  "creationDate": {
    "$date": "2022-09-23T07:19:10.666Z"
  },
  "workspaceName": "Workspace 2",
  "createdBy": "rohini.s3",
  "description": "",
  "expedite": false,
  "formattedId": "US1",
  "lastUpdateDate": {
    "$date": "2022-09-23T07:19:10.682Z"
  },
  "milestones": 0,
  "owner": "rohini.s3",
  "projectName": "Sample Project",
  "ready": false,
  "flowState": "Defined",
  "flowStateChangedDate": {
    "$date": "2022-09-23T07:19:10.666Z"
  },
  "passingTestCaseCount": 0,
  "scheduleState": "Defined",
  "scheduleStatePrefix": "D",
  "testCaseCount": 0,
  "attachments": 0,
  "blocked": false,
  "children": 0,
  "defectStatus": "NONE",
  "defects": 0,
  "directChildrenCount": 0,
  "directPassingTestCaseCount": 0,
  "hasParent": false,
  "predecessors": 0,
  "recycled": false,
  "risks": 0,
  "successors": 0,
  "taskActualTotal": 0,
  "taskEstimateTotal": 0,
  "taskRemainingTotal": 0,
  "taskStatus": "NONE",
  "tasks": 0,
  "testCaseStatus": "NONE",
  "testCases": 0,
  "totalDirectTestCaseCount": 0,
  "_class": "com.cognizant.collector.rally.beans.userstory.UserStory"
},{
  "_id": "695663027355",
  "name": "This is awesome story bug !",
  "ref": "https://rally1.rallydev.com/slm/webservice/v2.0/hierarchicalrequirement/695663027355",
  "creationDate": {
    "$date": "2023-04-02T21:02:42.734Z"
  },
  "workspaceName": "Workspace 1",
  "createdBy": "rohini.s3",
  "description": "Description for the story",
  "expedite": false,
  "formattedId": "US24",
  "lastUpdateDate": {
    "$date": "2023-04-02T21:02:42.753Z"
  },
  "milestones": 0,
  "projectName": "DemoProject",
  "ready": false,
  "flowState": "Defined",
  "flowStateChangedDate": {
    "$date": "2023-04-02T21:02:42.734Z"
  },
  "passingTestCaseCount": 0,
  "scheduleState": "Defined",
  "scheduleStatePrefix": "D",
  "testCaseCount": 0,
  "attachments": 0,
  "blocked": false,
  "children": 0,
  "defectStatus": "NONE",
  "defects": 0,
  "directChildrenCount": 0,
  "directPassingTestCaseCount": 0,
  "hasParent": false,
  "predecessors": 0,
  "recycled": false,
  "risks": 0,
  "successors": 0,
  "taskActualTotal": 0,
  "taskEstimateTotal": 0,
  "taskRemainingTotal": 0,
  "taskStatus": "NONE",
  "tasks": 0,
  "testCaseStatus": "NONE",
  "testCases": 0,
  "totalDirectTestCaseCount": 0,
  "_class": "com.cognizant.collector.rally.beans.userstory.UserStory"
},{
  "_id": "695663027465",
  "name": "This is a high priority Defect",
  "ref": "https://rally1.rallydev.com/slm/webservice/v2.0/hierarchicalrequirement/695663027465",
  "creationDate": {
    "$date": "2023-04-02T21:02:43.343Z"
  },
  "workspaceName": "Workspace 1",
  "createdBy": "rohini.s3",
  "description": "This is the defect description.",
  "expedite": false,
  "formattedId": "US25",
  "lastUpdateDate": {
    "$date": "2023-04-02T21:02:43.364Z"
  },
  "milestones": 0,
  "projectName": "DemoProject",
  "ready": false,
  "flowState": "Defined",
  "flowStateChangedDate": {
    "$date": "2023-04-02T21:02:43.343Z"
  },
  "passingTestCaseCount": 0,
  "scheduleState": "Defined",
  "scheduleStatePrefix": "D",
  "testCaseCount": 0,
  "attachments": 0,
  "blocked": false,
  "children": 0,
  "defectStatus": "NONE",
  "defects": 0,
  "directChildrenCount": 0,
  "directPassingTestCaseCount": 0,
  "hasParent": false,
  "predecessors": 0,
  "recycled": false,
  "risks": 0,
  "successors": 0,
  "taskActualTotal": 0,
  "taskEstimateTotal": 0,
  "taskRemainingTotal": 0,
  "taskStatus": "NONE",
  "tasks": 0,
  "testCaseStatus": "NONE",
  "testCases": 0,
  "totalDirectTestCaseCount": 0,
  "_class": "com.cognizant.collector.rally.beans.userstory.UserStory"
},{
  "_id": "695663027575",
  "name": "This is a high priority Defect",
  "ref": "https://rally1.rallydev.com/slm/webservice/v2.0/hierarchicalrequirement/695663027575",
  "creationDate": {
    "$date": "2023-04-02T21:02:43.881Z"
  },
  "workspaceName": "Workspace 1",
  "createdBy": "rohini.s3",
  "description": "This is the defect description.",
  "expedite": false,
  "formattedId": "US26",
  "lastUpdateDate": {
    "$date": "2023-04-02T21:02:43.900Z"
  },
  "milestones": 0,
  "projectName": "DemoProject",
  "ready": false,
  "flowState": "Defined",
  "flowStateChangedDate": {
    "$date": "2023-04-02T21:02:43.881Z"
  },
  "passingTestCaseCount": 0,
  "scheduleState": "Defined",
  "scheduleStatePrefix": "D",
  "testCaseCount": 0,
  "attachments": 0,
  "blocked": false,
  "children": 0,
  "defectStatus": "NONE",
  "defects": 0,
  "directChildrenCount": 0,
  "directPassingTestCaseCount": 0,
  "hasParent": false,
  "predecessors": 0,
  "recycled": false,
  "risks": 0,
  "successors": 0,
  "taskActualTotal": 0,
  "taskEstimateTotal": 0,
  "taskRemainingTotal": 0,
  "taskStatus": "NONE",
  "tasks": 0,
  "testCaseStatus": "NONE",
  "testCases": 0,
  "totalDirectTestCaseCount": 0,
  "_class": "com.cognizant.collector.rally.beans.userstory.UserStory"
},{
  "_id": "695663027685",
  "name": "This is awesome story!",
  "ref": "https://rally1.rallydev.com/slm/webservice/v2.0/hierarchicalrequirement/695663027685",
  "creationDate": {
    "$date": "2023-04-02T21:02:44.441Z"
  },
  "workspaceName": "Workspace 1",
  "createdBy": "rohini.s3",
  "description": "Description for the story",
  "expedite": false,
  "formattedId": "US27",
  "lastUpdateDate": {
    "$date": "2023-04-02T21:02:44.458Z"
  },
  "milestones": 0,
  "projectName": "DemoProject",
  "ready": false,
  "flowState": "Defined",
  "flowStateChangedDate": {
    "$date": "2023-04-02T21:02:44.441Z"
  },
  "passingTestCaseCount": 0,
  "scheduleState": "Defined",
  "scheduleStatePrefix": "D",
  "testCaseCount": 0,
  "attachments": 0,
  "blocked": false,
  "children": 0,
  "defectStatus": "NONE",
  "defects": 0,
  "directChildrenCount": 0,
  "directPassingTestCaseCount": 0,
  "hasParent": false,
  "predecessors": 0,
  "recycled": false,
  "risks": 0,
  "successors": 0,
  "taskActualTotal": 0,
  "taskEstimateTotal": 0,
  "taskRemainingTotal": 0,
  "taskStatus": "NONE",
  "tasks": 0,
  "testCaseStatus": "NONE",
  "testCases": 0,
  "totalDirectTestCaseCount": 0,
  "_class": "com.cognizant.collector.rally.beans.userstory.UserStory"
},{
  "_id": "695663027795",
  "name": "This is a high priority Defect",
  "ref": "https://rally1.rallydev.com/slm/webservice/v2.0/hierarchicalrequirement/695663027795",
  "creationDate": {
    "$date": "2023-04-02T21:02:44.999Z"
  },
  "workspaceName": "Workspace 1",
  "createdBy": "rohini.s3",
  "description": "This is the defect description.",
  "expedite": false,
  "formattedId": "US28",
  "lastUpdateDate": {
    "$date": "2023-04-03T05:09:36.586Z"
  },
  "milestones": 0,
  "projectName": "DemoProject",
  "ready": false,
  "flowState": "Defined",
  "flowStateChangedDate": {
    "$date": "2023-04-02T21:02:44.999Z"
  },
  "passingTestCaseCount": 0,
  "scheduleState": "Defined",
  "scheduleStatePrefix": "D",
  "testCaseCount": 0,
  "attachments": 0,
  "blocked": false,
  "children": 0,
  "defectStatus": "NONE",
  "defects": 0,
  "directChildrenCount": 0,
  "directPassingTestCaseCount": 0,
  "hasParent": false,
  "predecessors": 0,
  "recycled": false,
  "risks": 0,
  "successors": 0,
  "taskActualTotal": 0,
  "taskEstimateTotal": 0,
  "taskRemainingTotal": 0,
  "taskStatus": "NONE",
  "tasks": 0,
  "testCaseStatus": "NONE",
  "testCases": 0,
  "totalDirectTestCaseCount": 0,
  "_class": "com.cognizant.collector.rally.beans.userstory.UserStory"
},{
  "_id": "695663027905",
  "name": "This is a high priority Defect",
  "ref": "https://rally1.rallydev.com/slm/webservice/v2.0/hierarchicalrequirement/695663027905",
  "creationDate": {
    "$date": "2023-04-02T21:02:45.577Z"
  },
  "workspaceName": "Workspace 1",
  "createdBy": "rohini.s3",
  "description": "This is the defect description.",
  "expedite": false,
  "formattedId": "US29",
  "lastUpdateDate": {
    "$date": "2023-04-02T21:02:45.595Z"
  },
  "milestones": 0,
  "projectName": "DemoProject",
  "ready": false,
  "flowState": "Defined",
  "flowStateChangedDate": {
    "$date": "2023-04-02T21:02:45.577Z"
  },
  "passingTestCaseCount": 0,
  "scheduleState": "Defined",
  "scheduleStatePrefix": "D",
  "testCaseCount": 0,
  "attachments": 0,
  "blocked": false,
  "children": 0,
  "defectStatus": "NONE",
  "defects": 0,
  "directChildrenCount": 0,
  "directPassingTestCaseCount": 0,
  "hasParent": false,
  "predecessors": 0,
  "recycled": false,
  "risks": 0,
  "successors": 0,
  "taskActualTotal": 0,
  "taskEstimateTotal": 0,
  "taskRemainingTotal": 0,
  "taskStatus": "NONE",
  "tasks": 0,
  "testCaseStatus": "NONE",
  "testCases": 0,
  "totalDirectTestCaseCount": 0,
  "_class": "com.cognizant.collector.rally.beans.userstory.UserStory"
},{
  "_id": "695663028015",
  "name": "This is a high priority Defect",
  "ref": "https://rally1.rallydev.com/slm/webservice/v2.0/hierarchicalrequirement/695663028015",
  "creationDate": {
    "$date": "2023-04-02T21:02:46.132Z"
  },
  "workspaceName": "Workspace 1",
  "createdBy": "rohini.s3",
  "description": "This is the defect description.",
  "expedite": false,
  "formattedId": "US30",
  "lastUpdateDate": {
    "$date": "2023-04-02T21:02:46.149Z"
  },
  "milestones": 0,
  "projectName": "DemoProject",
  "ready": false,
  "flowState": "Defined",
  "flowStateChangedDate": {
    "$date": "2023-04-02T21:02:46.132Z"
  },
  "passingTestCaseCount": 0,
  "scheduleState": "Defined",
  "scheduleStatePrefix": "D",
  "testCaseCount": 0,
  "attachments": 0,
  "blocked": false,
  "children": 0,
  "defectStatus": "NONE",
  "defects": 0,
  "directChildrenCount": 0,
  "directPassingTestCaseCount": 0,
  "hasParent": false,
  "predecessors": 0,
  "recycled": false,
  "risks": 0,
  "successors": 0,
  "taskActualTotal": 0,
  "taskEstimateTotal": 0,
  "taskRemainingTotal": 0,
  "taskStatus": "NONE",
  "tasks": 0,
  "testCaseStatus": "NONE",
  "testCases": 0,
  "totalDirectTestCaseCount": 0,
  "_class": "com.cognizant.collector.rally.beans.userstory.UserStory"
},{
  "_id": "695663028125",
  "name": "This is a high priority Defect",
  "ref": "https://rally1.rallydev.com/slm/webservice/v2.0/hierarchicalrequirement/695663028125",
  "creationDate": {
    "$date": "2023-04-02T21:02:46.750Z"
  },
  "workspaceName": "Workspace 1",
  "createdBy": "rohini.s3",
  "description": "This is the defect description.",
  "expedite": false,
  "formattedId": "US31",
  "lastUpdateDate": {
    "$date": "2023-04-02T21:02:46.768Z"
  },
  "milestones": 0,
  "projectName": "DemoProject",
  "ready": false,
  "flowState": "Defined",
  "flowStateChangedDate": {
    "$date": "2023-04-02T21:02:46.750Z"
  },
  "passingTestCaseCount": 0,
  "scheduleState": "Defined",
  "scheduleStatePrefix": "D",
  "testCaseCount": 0,
  "attachments": 0,
  "blocked": false,
  "children": 0,
  "defectStatus": "NONE",
  "defects": 0,
  "directChildrenCount": 0,
  "directPassingTestCaseCount": 0,
  "hasParent": false,
  "predecessors": 0,
  "recycled": false,
  "risks": 0,
  "successors": 0,
  "taskActualTotal": 0,
  "taskEstimateTotal": 0,
  "taskRemainingTotal": 0,
  "taskStatus": "NONE",
  "tasks": 0,
  "testCaseStatus": "NONE",
  "testCases": 0,
  "totalDirectTestCaseCount": 0,
  "_class": "com.cognizant.collector.rally.beans.userstory.UserStory"
},{
  "_id": "695743041213",
  "name": "s1",
  "ref": "https://rally1.rallydev.com/slm/webservice/v2.0/hierarchicalrequirement/695743041213",
  "creationDate": {
    "$date": "2023-04-03T05:12:05.832Z"
  },
  "workspaceName": "Workspace 1",
  "createdBy": "rohini.s3",
  "description": "s1",
  "expedite": false,
  "formattedId": "US33",
  "lastUpdateDate": {
    "$date": "2023-04-03T05:12:05.866Z"
  },
  "milestones": 0,
  "projectName": "DemoProject",
  "ready": false,
  "flowState": "Defined",
  "flowStateChangedDate": {
    "$date": "2023-04-03T05:12:05.832Z"
  },
  "passingTestCaseCount": 0,
  "scheduleState": "Defined",
  "scheduleStatePrefix": "D",
  "testCaseCount": 0,
  "attachments": 0,
  "blocked": false,
  "children": 0,
  "defectStatus": "NONE",
  "defects": 0,
  "directChildrenCount": 0,
  "directPassingTestCaseCount": 0,
  "hasParent": false,
  "predecessors": 0,
  "recycled": false,
  "risks": 0,
  "successors": 0,
  "taskActualTotal": 0,
  "taskEstimateTotal": 0,
  "taskRemainingTotal": 0,
  "taskStatus": "NONE",
  "tasks": 0,
  "testCaseStatus": "NONE",
  "testCases": 0,
  "totalDirectTestCaseCount": 0,
  "_class": "com.cognizant.collector.rally.beans.userstory.UserStory"
},{
  "_id": "695743041323",
  "name": "test story date",
  "ref": "https://rally1.rallydev.com/slm/webservice/v2.0/hierarchicalrequirement/695743041323",
  "creationDate": {
    "$date": "2023-04-03T05:12:06.301Z"
  },
  "workspaceName": "Workspace 1",
  "createdBy": "rohini.s3",
  "description": "datedesc",
  "expedite": false,
  "formattedId": "US34",
  "lastUpdateDate": {
    "$date": "2023-04-03T05:12:06.320Z"
  },
  "milestones": 0,
  "projectName": "DemoProject",
  "ready": false,
  "flowState": "Defined",
  "flowStateChangedDate": {
    "$date": "2023-04-03T05:12:06.301Z"
  },
  "passingTestCaseCount": 0,
  "scheduleState": "Defined",
  "scheduleStatePrefix": "D",
  "testCaseCount": 0,
  "attachments": 0,
  "blocked": false,
  "children": 0,
  "defectStatus": "NONE",
  "defects": 0,
  "directChildrenCount": 0,
  "directPassingTestCaseCount": 0,
  "hasParent": false,
  "predecessors": 0,
  "recycled": false,
  "risks": 0,
  "successors": 0,
  "taskActualTotal": 0,
  "taskEstimateTotal": 0,
  "taskRemainingTotal": 0,
  "taskStatus": "NONE",
  "tasks": 0,
  "testCaseStatus": "NONE",
  "testCases": 0,
  "totalDirectTestCaseCount": 0,
  "_class": "com.cognizant.collector.rally.beans.userstory.UserStory"
},{
  "_id": "695743041433",
  "name": "Summit 2019 is awesome!",
  "ref": "https://rally1.rallydev.com/slm/webservice/v2.0/hierarchicalrequirement/695743041433",
  "creationDate": {
    "$date": "2023-04-03T05:12:06.713Z"
  },
  "workspaceName": "Workspace 1",
  "createdBy": "rohini.s3",
  "description": "This is the description.",
  "expedite": false,
  "formattedId": "US35",
  "lastUpdateDate": {
    "$date": "2023-04-03T05:12:06.733Z"
  },
  "milestones": 0,
  "projectName": "DemoProject",
  "ready": false,
  "flowState": "Defined",
  "flowStateChangedDate": {
    "$date": "2023-04-03T05:12:06.713Z"
  },
  "passingTestCaseCount": 0,
  "scheduleState": "Defined",
  "scheduleStatePrefix": "D",
  "testCaseCount": 0,
  "attachments": 0,
  "blocked": false,
  "children": 0,
  "defectStatus": "NONE",
  "defects": 0,
  "directChildrenCount": 0,
  "directPassingTestCaseCount": 0,
  "hasParent": false,
  "predecessors": 0,
  "recycled": false,
  "risks": 0,
  "successors": 0,
  "taskActualTotal": 0,
  "taskEstimateTotal": 0,
  "taskRemainingTotal": 0,
  "taskStatus": "NONE",
  "tasks": 0,
  "testCaseStatus": "NONE",
  "testCases": 0,
  "totalDirectTestCaseCount": 0,
  "_class": "com.cognizant.collector.rally.beans.userstory.UserStory"
},{
  "_id": "695743041543",
  "name": "Summit 2019 is awesome!",
  "ref": "https://rally1.rallydev.com/slm/webservice/v2.0/hierarchicalrequirement/695743041543",
  "creationDate": {
    "$date": "2023-04-03T05:12:07.116Z"
  },
  "workspaceName": "Workspace 1",
  "createdBy": "rohini.s3",
  "description": "This is the description.",
  "expedite": false,
  "formattedId": "US36",
  "lastUpdateDate": {
    "$date": "2023-04-03T05:12:07.137Z"
  },
  "milestones": 0,
  "projectName": "DemoProject",
  "ready": false,
  "flowState": "Defined",
  "flowStateChangedDate": {
    "$date": "2023-04-03T05:12:07.116Z"
  },
  "passingTestCaseCount": 0,
  "scheduleState": "Defined",
  "scheduleStatePrefix": "D",
  "testCaseCount": 0,
  "attachments": 0,
  "blocked": false,
  "children": 0,
  "defectStatus": "NONE",
  "defects": 0,
  "directChildrenCount": 0,
  "directPassingTestCaseCount": 0,
  "hasParent": false,
  "predecessors": 0,
  "recycled": false,
  "risks": 0,
  "successors": 0,
  "taskActualTotal": 0,
  "taskEstimateTotal": 0,
  "taskRemainingTotal": 0,
  "taskStatus": "NONE",
  "tasks": 0,
  "testCaseStatus": "NONE",
  "testCases": 0,
  "totalDirectTestCaseCount": 0,
  "_class": "com.cognizant.collector.rally.beans.userstory.UserStory"
},{
  "_id": "695743041653",
  "name": "Summit 2019 is awesome!",
  "ref": "https://rally1.rallydev.com/slm/webservice/v2.0/hierarchicalrequirement/695743041653",
  "creationDate": {
    "$date": "2023-04-03T05:12:07.526Z"
  },
  "workspaceName": "Workspace 1",
  "createdBy": "rohini.s3",
  "description": "This is the description.",
  "expedite": false,
  "formattedId": "US37",
  "lastUpdateDate": {
    "$date": "2023-04-03T05:12:07.544Z"
  },
  "milestones": 0,
  "projectName": "DemoProject",
  "ready": false,
  "flowState": "Defined",
  "flowStateChangedDate": {
    "$date": "2023-04-03T05:12:07.526Z"
  },
  "passingTestCaseCount": 0,
  "scheduleState": "Defined",
  "scheduleStatePrefix": "D",
  "testCaseCount": 0,
  "attachments": 0,
  "blocked": false,
  "children": 0,
  "defectStatus": "NONE",
  "defects": 0,
  "directChildrenCount": 0,
  "directPassingTestCaseCount": 0,
  "hasParent": false,
  "predecessors": 0,
  "recycled": false,
  "risks": 0,
  "successors": 0,
  "taskActualTotal": 0,
  "taskEstimateTotal": 0,
  "taskRemainingTotal": 0,
  "taskStatus": "NONE",
  "tasks": 0,
  "testCaseStatus": "NONE",
  "testCases": 0,
  "totalDirectTestCaseCount": 0,
  "_class": "com.cognizant.collector.rally.beans.userstory.UserStory"
},{
  "_id": "695743041775",
  "name": "Summit 2019 is awesome!",
  "ref": "https://rally1.rallydev.com/slm/webservice/v2.0/hierarchicalrequirement/695743041775",
  "creationDate": {
    "$date": "2023-04-03T05:12:07.936Z"
  },
  "workspaceName": "Workspace 1",
  "createdBy": "rohini.s3",
  "description": "This is the description.",
  "expedite": false,
  "formattedId": "US38",
  "lastUpdateDate": {
    "$date": "2023-04-03T05:12:07.956Z"
  },
  "milestones": 0,
  "projectName": "DemoProject",
  "ready": false,
  "flowState": "Defined",
  "flowStateChangedDate": {
    "$date": "2023-04-03T05:12:07.936Z"
  },
  "passingTestCaseCount": 0,
  "scheduleState": "Defined",
  "scheduleStatePrefix": "D",
  "testCaseCount": 0,
  "attachments": 0,
  "blocked": false,
  "children": 0,
  "defectStatus": "NONE",
  "defects": 0,
  "directChildrenCount": 0,
  "directPassingTestCaseCount": 0,
  "hasParent": false,
  "predecessors": 0,
  "recycled": false,
  "risks": 0,
  "successors": 0,
  "taskActualTotal": 0,
  "taskEstimateTotal": 0,
  "taskRemainingTotal": 0,
  "taskStatus": "NONE",
  "tasks": 0,
  "testCaseStatus": "NONE",
  "testCases": 0,
  "totalDirectTestCaseCount": 0,
  "_class": "com.cognizant.collector.rally.beans.userstory.UserStory"
},{
  "_id": "695743041885",
  "name": "Summit 2019 is awesome!",
  "ref": "https://rally1.rallydev.com/slm/webservice/v2.0/hierarchicalrequirement/695743041885",
  "creationDate": {
    "$date": "2023-04-03T05:12:08.370Z"
  },
  "workspaceName": "Workspace 1",
  "createdBy": "rohini.s3",
  "description": "This is the description.",
  "expedite": false,
  "formattedId": "US39",
  "lastUpdateDate": {
    "$date": "2023-04-03T05:12:08.388Z"
  },
  "milestones": 0,
  "projectName": "DemoProject",
  "ready": false,
  "flowState": "Defined",
  "flowStateChangedDate": {
    "$date": "2023-04-03T05:12:08.370Z"
  },
  "passingTestCaseCount": 0,
  "scheduleState": "Defined",
  "scheduleStatePrefix": "D",
  "testCaseCount": 0,
  "attachments": 0,
  "blocked": false,
  "children": 0,
  "defectStatus": "NONE",
  "defects": 0,
  "directChildrenCount": 0,
  "directPassingTestCaseCount": 0,
  "hasParent": false,
  "predecessors": 0,
  "recycled": false,
  "risks": 0,
  "successors": 0,
  "taskActualTotal": 0,
  "taskEstimateTotal": 0,
  "taskRemainingTotal": 0,
  "taskStatus": "NONE",
  "tasks": 0,
  "testCaseStatus": "NONE",
  "testCases": 0,
  "totalDirectTestCaseCount": 0,
  "_class": "com.cognizant.collector.rally.beans.userstory.UserStory"
},{
  "_id": "695743041995",
  "name": "story creation",
  "ref": "https://rally1.rallydev.com/slm/webservice/v2.0/hierarchicalrequirement/695743041995",
  "creationDate": {
    "$date": "2023-04-03T05:12:08.782Z"
  },
  "workspaceName": "Workspace 1",
  "createdBy": "rohini.s3",
  "description": "abcdedc",
  "expedite": false,
  "formattedId": "US40",
  "lastUpdateDate": {
    "$date": "2023-04-03T05:12:08.801Z"
  },
  "milestones": 0,
  "projectName": "DemoProject",
  "ready": false,
  "flowState": "Defined",
  "flowStateChangedDate": {
    "$date": "2023-04-03T05:12:08.782Z"
  },
  "passingTestCaseCount": 0,
  "scheduleState": "Defined",
  "scheduleStatePrefix": "D",
  "testCaseCount": 0,
  "attachments": 0,
  "blocked": false,
  "children": 0,
  "defectStatus": "NONE",
  "defects": 0,
  "directChildrenCount": 0,
  "directPassingTestCaseCount": 0,
  "hasParent": false,
  "predecessors": 0,
  "recycled": false,
  "risks": 0,
  "successors": 0,
  "taskActualTotal": 0,
  "taskEstimateTotal": 0,
  "taskRemainingTotal": 0,
  "taskStatus": "NONE",
  "tasks": 0,
  "testCaseStatus": "NONE",
  "testCases": 0,
  "totalDirectTestCaseCount": 0,
  "_class": "com.cognizant.collector.rally.beans.userstory.UserStory"
},{
  "_id": "695743042105",
  "name": "Summit 2019 is awesome!",
  "ref": "https://rally1.rallydev.com/slm/webservice/v2.0/hierarchicalrequirement/695743042105",
  "creationDate": {
    "$date": "2023-04-03T05:12:09.208Z"
  },
  "workspaceName": "Workspace 1",
  "createdBy": "rohini.s3",
  "description": "This is the description. cangfeeddfddsfd",
  "expedite": false,
  "formattedId": "US41",
  "lastUpdateDate": {
    "$date": "2023-04-03T08:43:33.526Z"
  },
  "milestones": 0,
  "projectName": "DemoProject",
  "ready": false,
  "flowState": "Defined",
  "flowStateChangedDate": {
    "$date": "2023-04-03T05:12:09.208Z"
  },
  "passingTestCaseCount": 0,
  "scheduleState": "Defined",
  "scheduleStatePrefix": "D",
  "testCaseCount": 0,
  "attachments": 0,
  "blocked": false,
  "children": 0,
  "defectStatus": "NONE",
  "defects": 0,
  "directChildrenCount": 0,
  "directPassingTestCaseCount": 0,
  "hasParent": false,
  "predecessors": 0,
  "recycled": false,
  "risks": 0,
  "successors": 0,
  "taskActualTotal": 0,
  "taskEstimateTotal": 0,
  "taskRemainingTotal": 0,
  "taskStatus": "NONE",
  "tasks": 0,
  "testCaseStatus": "NONE",
  "testCases": 0,
  "totalDirectTestCaseCount": 0,
  "_class": "com.cognizant.collector.rally.beans.userstory.UserStory"
},{
  "_id": "695743042215",
  "name": "story for testing",
  "ref": "https://rally1.rallydev.com/slm/webservice/v2.0/hierarchicalrequirement/695743042215",
  "creationDate": {
    "$date": "2023-04-03T05:12:09.622Z"
  },
  "workspaceName": "Workspace 1",
  "createdBy": "rohini.s3",
  "description": "texr2",
  "expedite": false,
  "formattedId": "US42",
  "lastUpdateDate": {
    "$date": "2023-04-03T08:43:34.623Z"
  },
  "milestones": 0,
  "projectName": "DemoProject",
  "ready": false,
  "flowState": "Defined",
  "flowStateChangedDate": {
    "$date": "2023-04-03T05:12:09.622Z"
  },
  "passingTestCaseCount": 0,
  "scheduleState": "Defined",
  "scheduleStatePrefix": "D",
  "testCaseCount": 0,
  "attachments": 0,
  "blocked": false,
  "children": 0,
  "defectStatus": "NONE",
  "defects": 0,
  "directChildrenCount": 0,
  "directPassingTestCaseCount": 0,
  "hasParent": false,
  "predecessors": 0,
  "recycled": false,
  "risks": 0,
  "successors": 0,
  "taskActualTotal": 0,
  "taskEstimateTotal": 0,
  "taskRemainingTotal": 0,
  "taskStatus": "NONE",
  "tasks": 0,
  "testCaseStatus": "NONE",
  "testCases": 0,
  "totalDirectTestCaseCount": 0,
  "_class": "com.cognizant.collector.rally.beans.userstory.UserStory"
},{
  "_id": "695749540353",
  "name": "s2",
  "ref": "https://rally1.rallydev.com/slm/webservice/v2.0/hierarchicalrequirement/695749540353",
  "creationDate": {
    "$date": "2023-04-03T05:43:36.429Z"
  },
  "workspaceName": "Workspace 1",
  "createdBy": "rohini.s3",
  "description": "stircsd",
  "expedite": false,
  "formattedId": "US43",
  "lastUpdateDate": {
    "$date": "2023-04-03T08:43:33.102Z"
  },
  "milestones": 0,
  "projectName": "DemoProject",
  "ready": false,
  "flowState": "Defined",
  "flowStateChangedDate": {
    "$date": "2023-04-03T05:43:36.429Z"
  },
  "passingTestCaseCount": 0,
  "scheduleState": "Defined",
  "scheduleStatePrefix": "D",
  "testCaseCount": 0,
  "attachments": 0,
  "blocked": false,
  "children": 0,
  "defectStatus": "NONE",
  "defects": 0,
  "directChildrenCount": 0,
  "directPassingTestCaseCount": 0,
  "hasParent": false,
  "predecessors": 0,
  "recycled": false,
  "risks": 0,
  "successors": 0,
  "taskActualTotal": 0,
  "taskEstimateTotal": 0,
  "taskRemainingTotal": 0,
  "taskStatus": "NONE",
  "tasks": 0,
  "testCaseStatus": "NONE",
  "testCases": 0,
  "totalDirectTestCaseCount": 0,
  "_class": "com.cognizant.collector.rally.beans.userstory.UserStory"
},{
  "_id": "695779410393",
  "name": "zxryilthrh",
  "ref": "https://rally1.rallydev.com/slm/webservice/v2.0/hierarchicalrequirement/695779410393",
  "creationDate": {
    "$date": "2023-04-03T08:06:30.493Z"
  },
  "workspaceName": "Workspace 1",
  "createdBy": "rohini.s3",
  "description": "shrdhrdjjk",
  "expedite": false,
  "formattedId": "US44",
  "lastUpdateDate": {
    "$date": "2023-04-03T08:06:30.545Z"
  },
  "milestones": 0,
  "projectName": "DemoProject",
  "ready": false,
  "flowState": "Defined",
  "flowStateChangedDate": {
    "$date": "2023-04-03T08:06:30.493Z"
  },
  "passingTestCaseCount": 0,
  "scheduleState": "Defined",
  "scheduleStatePrefix": "D",
  "testCaseCount": 0,
  "attachments": 0,
  "blocked": false,
  "children": 0,
  "defectStatus": "NONE",
  "defects": 0,
  "directChildrenCount": 0,
  "directPassingTestCaseCount": 0,
  "hasParent": false,
  "predecessors": 0,
  "recycled": false,
  "risks": 0,
  "successors": 0,
  "taskActualTotal": 0,
  "taskEstimateTotal": 0,
  "taskRemainingTotal": 0,
  "taskStatus": "NONE",
  "tasks": 0,
  "testCaseStatus": "NONE",
  "testCases": 0,
  "totalDirectTestCaseCount": 0,
  "_class": "com.cognizant.collector.rally.beans.userstory.UserStory"
},{
  "_id": "695779428579",
  "name": "zxryilthrh",
  "ref": "https://rally1.rallydev.com/slm/webservice/v2.0/hierarchicalrequirement/695779428579",
  "creationDate": {
    "$date": "2023-04-03T08:10:15.560Z"
  },
  "workspaceName": "Workspace 1",
  "createdBy": "rohini.s3",
  "description": "shrdhrdjjk",
  "expedite": false,
  "formattedId": "US45",
  "lastUpdateDate": {
    "$date": "2023-04-03T08:10:15.586Z"
  },
  "milestones": 0,
  "projectName": "DemoProject",
  "ready": false,
  "flowState": "Defined",
  "flowStateChangedDate": {
    "$date": "2023-04-03T08:10:15.560Z"
  },
  "passingTestCaseCount": 0,
  "scheduleState": "Defined",
  "scheduleStatePrefix": "D",
  "testCaseCount": 0,
  "attachments": 0,
  "blocked": false,
  "children": 0,
  "defectStatus": "NONE",
  "defects": 0,
  "directChildrenCount": 0,
  "directPassingTestCaseCount": 0,
  "hasParent": false,
  "predecessors": 0,
  "recycled": false,
  "risks": 0,
  "successors": 0,
  "taskActualTotal": 0,
  "taskEstimateTotal": 0,
  "taskRemainingTotal": 0,
  "taskStatus": "NONE",
  "tasks": 0,
  "testCaseStatus": "NONE",
  "testCases": 0,
  "totalDirectTestCaseCount": 0,
  "_class": "com.cognizant.collector.rally.beans.userstory.UserStory"
},{
  "_id": "695780155353",
  "name": "zxryilthrh",
  "ref": "https://rally1.rallydev.com/slm/webservice/v2.0/hierarchicalrequirement/695780155353",
  "creationDate": {
    "$date": "2023-04-03T08:10:57.604Z"
  },
  "workspaceName": "Workspace 1",
  "createdBy": "rohini.s3",
  "description": "shrdhrdjjk",
  "expedite": false,
  "formattedId": "US46",
  "lastUpdateDate": {
    "$date": "2023-04-03T08:10:57.628Z"
  },
  "milestones": 0,
  "projectName": "DemoProject",
  "ready": false,
  "flowState": "Defined",
  "flowStateChangedDate": {
    "$date": "2023-04-03T08:10:57.604Z"
  },
  "passingTestCaseCount": 0,
  "scheduleState": "Defined",
  "scheduleStatePrefix": "D",
  "testCaseCount": 0,
  "attachments": 0,
  "blocked": false,
  "children": 0,
  "defectStatus": "NONE",
  "defects": 0,
  "directChildrenCount": 0,
  "directPassingTestCaseCount": 0,
  "hasParent": false,
  "predecessors": 0,
  "recycled": false,
  "risks": 0,
  "successors": 0,
  "taskActualTotal": 0,
  "taskEstimateTotal": 0,
  "taskRemainingTotal": 0,
  "taskStatus": "NONE",
  "tasks": 0,
  "testCaseStatus": "NONE",
  "testCases": 0,
  "totalDirectTestCaseCount": 0,
  "_class": "com.cognizant.collector.rally.beans.userstory.UserStory"
},{
  "_id": "695780158677",
  "name": "zxryilthrh",
  "ref": "https://rally1.rallydev.com/slm/webservice/v2.0/hierarchicalrequirement/695780158677",
  "creationDate": {
    "$date": "2023-04-03T08:11:50.591Z"
  },
  "workspaceName": "Workspace 1",
  "createdBy": "rohini.s3",
  "description": "shrdhrdjjk",
  "expedite": false,
  "formattedId": "US47",
  "lastUpdateDate": {
    "$date": "2023-04-03T08:11:50.615Z"
  },
  "milestones": 0,
  "projectName": "DemoProject",
  "ready": false,
  "flowState": "Defined",
  "flowStateChangedDate": {
    "$date": "2023-04-03T08:11:50.591Z"
  },
  "passingTestCaseCount": 0,
  "scheduleState": "Defined",
  "scheduleStatePrefix": "D",
  "testCaseCount": 0,
  "attachments": 0,
  "blocked": false,
  "children": 0,
  "defectStatus": "NONE",
  "defects": 0,
  "directChildrenCount": 0,
  "directPassingTestCaseCount": 0,
  "hasParent": false,
  "predecessors": 0,
  "recycled": false,
  "risks": 0,
  "successors": 0,
  "taskActualTotal": 0,
  "taskEstimateTotal": 0,
  "taskRemainingTotal": 0,
  "taskStatus": "NONE",
  "tasks": 0,
  "testCaseStatus": "NONE",
  "testCases": 0,
  "totalDirectTestCaseCount": 0,
  "_class": "com.cognizant.collector.rally.beans.userstory.UserStory"
},{
  "_id": "695780752593",
  "name": "zxryilthrh",
  "ref": "https://rally1.rallydev.com/slm/webservice/v2.0/hierarchicalrequirement/695780752593",
  "creationDate": {
    "$date": "2023-04-03T08:14:12.756Z"
  },
  "workspaceName": "Workspace 1",
  "createdBy": "rohini.s3",
  "description": "shrdhrdjjk",
  "expedite": false,
  "formattedId": "US48",
  "lastUpdateDate": {
    "$date": "2023-04-03T08:14:12.780Z"
  },
  "milestones": 0,
  "projectName": "DemoProject",
  "ready": false,
  "flowState": "Defined",
  "flowStateChangedDate": {
    "$date": "2023-04-03T08:14:12.756Z"
  },
  "passingTestCaseCount": 0,
  "scheduleState": "Defined",
  "scheduleStatePrefix": "D",
  "testCaseCount": 0,
  "attachments": 0,
  "blocked": false,
  "children": 0,
  "defectStatus": "NONE",
  "defects": 0,
  "directChildrenCount": 0,
  "directPassingTestCaseCount": 0,
  "hasParent": false,
  "predecessors": 0,
  "recycled": false,
  "risks": 0,
  "successors": 0,
  "taskActualTotal": 0,
  "taskEstimateTotal": 0,
  "taskRemainingTotal": 0,
  "taskStatus": "NONE",
  "tasks": 0,
  "testCaseStatus": "NONE",
  "testCases": 0,
  "totalDirectTestCaseCount": 0,
  "_class": "com.cognizant.collector.rally.beans.userstory.UserStory"
},{
  "_id": "695780752769",
  "name": "zxryilthrh",
  "ref": "https://rally1.rallydev.com/slm/webservice/v2.0/hierarchicalrequirement/695780752769",
  "creationDate": {
    "$date": "2023-04-03T08:14:14.035Z"
  },
  "workspaceName": "Workspace 1",
  "createdBy": "rohini.s3",
  "description": "shrdhrdjjk",
  "expedite": false,
  "formattedId": "US49",
  "lastUpdateDate": {
    "$date": "2023-04-03T08:14:14.055Z"
  },
  "milestones": 0,
  "projectName": "DemoProject",
  "ready": false,
  "flowState": "Defined",
  "flowStateChangedDate": {
    "$date": "2023-04-03T08:14:14.035Z"
  },
  "passingTestCaseCount": 0,
  "scheduleState": "Defined",
  "scheduleStatePrefix": "D",
  "testCaseCount": 0,
  "attachments": 0,
  "blocked": false,
  "children": 0,
  "defectStatus": "NONE",
  "defects": 0,
  "directChildrenCount": 0,
  "directPassingTestCaseCount": 0,
  "hasParent": false,
  "predecessors": 0,
  "recycled": false,
  "risks": 0,
  "successors": 0,
  "taskActualTotal": 0,
  "taskEstimateTotal": 0,
  "taskRemainingTotal": 0,
  "taskStatus": "NONE",
  "tasks": 0,
  "testCaseStatus": "NONE",
  "testCases": 0,
  "totalDirectTestCaseCount": 0,
  "_class": "com.cognizant.collector.rally.beans.userstory.UserStory"
},{
  "_id": "695780752883",
  "name": "zxryilthrh",
  "ref": "https://rally1.rallydev.com/slm/webservice/v2.0/hierarchicalrequirement/695780752883",
  "creationDate": {
    "$date": "2023-04-03T08:14:15.277Z"
  },
  "workspaceName": "Workspace 1",
  "createdBy": "rohini.s3",
  "description": "shrdhrdjjk",
  "expedite": false,
  "formattedId": "US50",
  "lastUpdateDate": {
    "$date": "2023-04-03T08:14:15.297Z"
  },
  "milestones": 0,
  "projectName": "DemoProject",
  "ready": false,
  "flowState": "Defined",
  "flowStateChangedDate": {
    "$date": "2023-04-03T08:14:15.277Z"
  },
  "passingTestCaseCount": 0,
  "scheduleState": "Defined",
  "scheduleStatePrefix": "D",
  "testCaseCount": 0,
  "attachments": 0,
  "blocked": false,
  "children": 0,
  "defectStatus": "NONE",
  "defects": 0,
  "directChildrenCount": 0,
  "directPassingTestCaseCount": 0,
  "hasParent": false,
  "predecessors": 0,
  "recycled": false,
  "risks": 0,
  "successors": 0,
  "taskActualTotal": 0,
  "taskEstimateTotal": 0,
  "taskRemainingTotal": 0,
  "taskStatus": "NONE",
  "tasks": 0,
  "testCaseStatus": "NONE",
  "testCases": 0,
  "totalDirectTestCaseCount": 0,
  "_class": "com.cognizant.collector.rally.beans.userstory.UserStory"
},{
  "_id": "695780754445",
  "name": "zxryilthrh",
  "ref": "https://rally1.rallydev.com/slm/webservice/v2.0/hierarchicalrequirement/695780754445",
  "creationDate": {
    "$date": "2023-04-03T08:14:29.272Z"
  },
  "workspaceName": "Workspace 1",
  "createdBy": "rohini.s3",
  "description": "shrdhrdjjk",
  "expedite": false,
  "formattedId": "US51",
  "lastUpdateDate": {
    "$date": "2023-04-03T08:14:29.296Z"
  },
  "milestones": 0,
  "projectName": "DemoProject",
  "ready": false,
  "flowState": "Defined",
  "flowStateChangedDate": {
    "$date": "2023-04-03T08:14:29.272Z"
  },
  "passingTestCaseCount": 0,
  "scheduleState": "Defined",
  "scheduleStatePrefix": "D",
  "testCaseCount": 0,
  "attachments": 0,
  "blocked": false,
  "children": 0,
  "defectStatus": "NONE",
  "defects": 0,
  "directChildrenCount": 0,
  "directPassingTestCaseCount": 0,
  "hasParent": false,
  "predecessors": 0,
  "recycled": false,
  "risks": 0,
  "successors": 0,
  "taskActualTotal": 0,
  "taskEstimateTotal": 0,
  "taskRemainingTotal": 0,
  "taskStatus": "NONE",
  "tasks": 0,
  "testCaseStatus": "NONE",
  "testCases": 0,
  "totalDirectTestCaseCount": 0,
  "_class": "com.cognizant.collector.rally.beans.userstory.UserStory"
},{
  "_id": "695780757591",
  "name": "zxryilthrh",
  "ref": "https://rally1.rallydev.com/slm/webservice/v2.0/hierarchicalrequirement/695780757591",
  "creationDate": {
    "$date": "2023-04-03T08:15:13.693Z"
  },
  "workspaceName": "Workspace 1",
  "createdBy": "rohini.s3",
  "description": "shrdhrdjjk",
  "expedite": false,
  "formattedId": "US52",
  "lastUpdateDate": {
    "$date": "2023-04-03T08:15:13.718Z"
  },
  "milestones": 0,
  "projectName": "DemoProject",
  "ready": false,
  "flowState": "Defined",
  "flowStateChangedDate": {
    "$date": "2023-04-03T08:15:13.693Z"
  },
  "passingTestCaseCount": 0,
  "scheduleState": "Defined",
  "scheduleStatePrefix": "D",
  "testCaseCount": 0,
  "attachments": 0,
  "blocked": false,
  "children": 0,
  "defectStatus": "NONE",
  "defects": 0,
  "directChildrenCount": 0,
  "directPassingTestCaseCount": 0,
  "hasParent": false,
  "predecessors": 0,
  "recycled": false,
  "risks": 0,
  "successors": 0,
  "taskActualTotal": 0,
  "taskEstimateTotal": 0,
  "taskRemainingTotal": 0,
  "taskStatus": "NONE",
  "tasks": 0,
  "testCaseStatus": "NONE",
  "testCases": 0,
  "totalDirectTestCaseCount": 0,
  "_class": "com.cognizant.collector.rally.beans.userstory.UserStory"
},{
  "_id": "695780765627",
  "name": "zxryilthrh",
  "ref": "https://rally1.rallydev.com/slm/webservice/v2.0/hierarchicalrequirement/695780765627",
  "creationDate": {
    "$date": "2023-04-03T08:16:25.192Z"
  },
  "workspaceName": "Workspace 1",
  "createdBy": "rohini.s3",
  "description": "shrdhrdjjk",
  "expedite": false,
  "formattedId": "US53",
  "lastUpdateDate": {
    "$date": "2023-04-03T08:16:25.217Z"
  },
  "milestones": 0,
  "projectName": "DemoProject",
  "ready": false,
  "flowState": "Defined",
  "flowStateChangedDate": {
    "$date": "2023-04-03T08:16:25.192Z"
  },
  "passingTestCaseCount": 0,
  "scheduleState": "Defined",
  "scheduleStatePrefix": "D",
  "testCaseCount": 0,
  "attachments": 0,
  "blocked": false,
  "children": 0,
  "defectStatus": "NONE",
  "defects": 0,
  "directChildrenCount": 0,
  "directPassingTestCaseCount": 0,
  "hasParent": false,
  "predecessors": 0,
  "recycled": false,
  "risks": 0,
  "successors": 0,
  "taskActualTotal": 0,
  "taskEstimateTotal": 0,
  "taskRemainingTotal": 0,
  "taskStatus": "NONE",
  "tasks": 0,
  "testCaseStatus": "NONE",
  "testCases": 0,
  "totalDirectTestCaseCount": 0,
  "_class": "com.cognizant.collector.rally.beans.userstory.UserStory"
},{
  "_id": "695780770239",
  "name": "zxryilthrh",
  "ref": "https://rally1.rallydev.com/slm/webservice/v2.0/hierarchicalrequirement/695780770239",
  "creationDate": {
    "$date": "2023-04-03T08:17:16.106Z"
  },
  "workspaceName": "Workspace 1",
  "createdBy": "rohini.s3",
  "description": "shrdhrdjjk",
  "expedite": false,
  "formattedId": "US54",
  "lastUpdateDate": {
    "$date": "2023-04-03T08:17:16.133Z"
  },
  "milestones": 0,
  "projectName": "DemoProject",
  "ready": false,
  "flowState": "Defined",
  "flowStateChangedDate": {
    "$date": "2023-04-03T08:17:16.106Z"
  },
  "passingTestCaseCount": 0,
  "scheduleState": "Defined",
  "scheduleStatePrefix": "D",
  "testCaseCount": 0,
  "attachments": 0,
  "blocked": false,
  "children": 0,
  "defectStatus": "NONE",
  "defects": 0,
  "directChildrenCount": 0,
  "directPassingTestCaseCount": 0,
  "hasParent": false,
  "predecessors": 0,
  "recycled": false,
  "risks": 0,
  "successors": 0,
  "taskActualTotal": 0,
  "taskEstimateTotal": 0,
  "taskRemainingTotal": 0,
  "taskStatus": "NONE",
  "tasks": 0,
  "testCaseStatus": "NONE",
  "testCases": 0,
  "totalDirectTestCaseCount": 0,
  "_class": "com.cognizant.collector.rally.beans.userstory.UserStory"
},{
  "_id": "695780771235",
  "name": "zxryilthrh",
  "ref": "https://rally1.rallydev.com/slm/webservice/v2.0/hierarchicalrequirement/695780771235",
  "creationDate": {
    "$date": "2023-04-03T08:17:26.859Z"
  },
  "workspaceName": "Workspace 1",
  "createdBy": "rohini.s3",
  "description": "shrdhrdjjk",
  "expedite": false,
  "formattedId": "US55",
  "lastUpdateDate": {
    "$date": "2023-04-03T08:17:26.889Z"
  },
  "milestones": 0,
  "projectName": "DemoProject",
  "ready": false,
  "flowState": "Defined",
  "flowStateChangedDate": {
    "$date": "2023-04-03T08:17:26.859Z"
  },
  "passingTestCaseCount": 0,
  "scheduleState": "Defined",
  "scheduleStatePrefix": "D",
  "testCaseCount": 0,
  "attachments": 0,
  "blocked": false,
  "children": 0,
  "defectStatus": "NONE",
  "defects": 0,
  "directChildrenCount": 0,
  "directPassingTestCaseCount": 0,
  "hasParent": false,
  "predecessors": 0,
  "recycled": false,
  "risks": 0,
  "successors": 0,
  "taskActualTotal": 0,
  "taskEstimateTotal": 0,
  "taskRemainingTotal": 0,
  "taskStatus": "NONE",
  "tasks": 0,
  "testCaseStatus": "NONE",
  "testCases": 0,
  "totalDirectTestCaseCount": 0,
  "_class": "com.cognizant.collector.rally.beans.userstory.UserStory"
},{
  "_id": "695780771679",
  "name": "zxryilthrh",
  "ref": "https://rally1.rallydev.com/slm/webservice/v2.0/hierarchicalrequirement/695780771679",
  "creationDate": {
    "$date": "2023-04-03T08:17:34.668Z"
  },
  "workspaceName": "Workspace 1",
  "createdBy": "rohini.s3",
  "description": "shrdhrdjjk",
  "expedite": false,
  "formattedId": "US56",
  "lastUpdateDate": {
    "$date": "2023-04-03T08:17:34.701Z"
  },
  "milestones": 0,
  "projectName": "DemoProject",
  "ready": false,
  "flowState": "Defined",
  "flowStateChangedDate": {
    "$date": "2023-04-03T08:17:34.668Z"
  },
  "passingTestCaseCount": 0,
  "scheduleState": "Defined",
  "scheduleStatePrefix": "D",
  "testCaseCount": 0,
  "attachments": 0,
  "blocked": false,
  "children": 0,
  "defectStatus": "NONE",
  "defects": 0,
  "directChildrenCount": 0,
  "directPassingTestCaseCount": 0,
  "hasParent": false,
  "predecessors": 0,
  "recycled": false,
  "risks": 0,
  "successors": 0,
  "taskActualTotal": 0,
  "taskEstimateTotal": 0,
  "taskRemainingTotal": 0,
  "taskStatus": "NONE",
  "tasks": 0,
  "testCaseStatus": "NONE",
  "testCases": 0,
  "totalDirectTestCaseCount": 0,
  "_class": "com.cognizant.collector.rally.beans.userstory.UserStory"
},{
  "_id": "697541926805",
  "name": "create home page",
  "ref": "https://rally1.rallydev.com/slm/webservice/v2.0/hierarchicalrequirement/697541926805",
  "creationDate": {
    "$date": "2023-04-12T10:26:14.357Z"
  },
  "workspaceName": "Workspace 1",
  "createdBy": "rohini.s3",
  "description": "",
  "expedite": false,
  "formattedId": "US57",
  "lastUpdateDate": {
    "$date": "2023-04-12T10:26:14.385Z"
  },
  "milestones": 0,
  "owner": "rohini.s3",
  "projectName": "DemoProject",
  "ready": false,
  "flowState": "Defined",
  "flowStateChangedDate": {
    "$date": "2023-04-12T10:26:14.357Z"
  },
  "passingTestCaseCount": 0,
  "scheduleState": "Defined",
  "scheduleStatePrefix": "D",
  "testCaseCount": 0,
  "attachments": 0,
  "blocked": false,
  "children": 0,
  "defectStatus": "NONE",
  "defects": 0,
  "directChildrenCount": 0,
  "directPassingTestCaseCount": 0,
  "hasParent": false,
  "predecessors": 0,
  "recycled": false,
  "risks": 0,
  "successors": 0,
  "taskActualTotal": 0,
  "taskEstimateTotal": 0,
  "taskRemainingTotal": 0,
  "taskStatus": "NONE",
  "tasks": 0,
  "testCaseStatus": "NONE",
  "testCases": 0,
  "totalDirectTestCaseCount": 0,
  "_class": "com.cognizant.collector.rally.beans.userstory.UserStory"
},{
  "_id": "697541939947",
  "name": "placing icons",
  "ref": "https://rally1.rallydev.com/slm/webservice/v2.0/hierarchicalrequirement/697541939947",
  "creationDate": {
    "$date": "2023-04-12T10:29:05.945Z"
  },
  "workspaceName": "Workspace 1",
  "createdBy": "rohini.s3",
  "description": "",
  "expedite": false,
  "formattedId": "US58",
  "lastUpdateDate": {
    "$date": "2023-04-12T10:29:05.963Z"
  },
  "milestones": 0,
  "owner": "rohini.s3",
  "projectName": "DemoProject",
  "ready": false,
  "flowState": "Defined",
  "flowStateChangedDate": {
    "$date": "2023-04-12T10:29:05.945Z"
  },
  "passingTestCaseCount": 0,
  "scheduleState": "Defined",
  "scheduleStatePrefix": "D",
  "testCaseCount": 0,
  "attachments": 0,
  "blocked": false,
  "children": 0,
  "defectStatus": "NONE",
  "defects": 0,
  "directChildrenCount": 0,
  "directPassingTestCaseCount": 0,
  "hasParent": false,
  "predecessors": 0,
  "recycled": false,
  "risks": 0,
  "successors": 0,
  "taskActualTotal": 0,
  "taskEstimateTotal": 0,
  "taskRemainingTotal": 0,
  "taskStatus": "NONE",
  "tasks": 0,
  "testCaseStatus": "NONE",
  "testCases": 0,
  "totalDirectTestCaseCount": 0,
  "_class": "com.cognizant.collector.rally.beans.userstory.UserStory"
},{
  "_id": "697541941813",
  "name": "managing size",
  "ref": "https://rally1.rallydev.com/slm/webservice/v2.0/hierarchicalrequirement/697541941813",
  "creationDate": {
    "$date": "2023-04-12T10:29:29.788Z"
  },
  "workspaceName": "Workspace 1",
  "createdBy": "rohini.s3",
  "description": "",
  "expedite": false,
  "formattedId": "US59",
  "lastUpdateDate": {
    "$date": "2023-04-12T10:29:29.805Z"
  },
  "milestones": 0,
  "owner": "rohini.s3",
  "projectName": "DemoProject",
  "ready": false,
  "flowState": "Defined",
  "flowStateChangedDate": {
    "$date": "2023-04-12T10:29:29.788Z"
  },
  "passingTestCaseCount": 0,
  "scheduleState": "Defined",
  "scheduleStatePrefix": "D",
  "testCaseCount": 0,
  "attachments": 0,
  "blocked": false,
  "children": 0,
  "defectStatus": "NONE",
  "defects": 0,
  "directChildrenCount": 0,
  "directPassingTestCaseCount": 0,
  "hasParent": false,
  "predecessors": 0,
  "recycled": false,
  "risks": 0,
  "successors": 0,
  "taskActualTotal": 0,
  "taskEstimateTotal": 0,
  "taskRemainingTotal": 0,
  "taskStatus": "NONE",
  "tasks": 0,
  "testCaseStatus": "NONE",
  "testCases": 0,
  "totalDirectTestCaseCount": 0,
  "_class": "com.cognizant.collector.rally.beans.userstory.UserStory"
},{
  "_id": "697542486585",
  "name": "managing nav bar",
  "ref": "https://rally1.rallydev.com/slm/webservice/v2.0/hierarchicalrequirement/697542486585",
  "creationDate": {
    "$date": "2023-04-12T10:29:55.834Z"
  },
  "workspaceName": "Workspace 1",
  "createdBy": "rohini.s3",
  "description": "",
  "expedite": false,
  "formattedId": "US60",
  "lastUpdateDate": {
    "$date": "2023-04-12T10:37:34.837Z"
  },
  "milestones": 0,
  "owner": "rohini.s3",
  "projectName": "DemoProject",
  "ready": false,
  "flowState": "Defined",
  "flowStateChangedDate": {
    "$date": "2023-04-12T10:29:55.834Z"
  },
  "passingTestCaseCount": 0,
  "scheduleState": "Defined",
  "scheduleStatePrefix": "D",
  "testCaseCount": 2,
  "attachments": 0,
  "blocked": false,
  "children": 0,
  "defectStatus": "NONE",
  "defects": 0,
  "directChildrenCount": 0,
  "directPassingTestCaseCount": 0,
  "hasParent": false,
  "predecessors": 0,
  "recycled": false,
  "risks": 0,
  "successors": 0,
  "taskActualTotal": 0,
  "taskEstimateTotal": 0,
  "taskRemainingTotal": 0,
  "taskStatus": "NONE",
  "tasks": 0,
  "testCaseStatus": "SOME_RUN_NONE_PASSING",
  "testCases": 2,
  "totalDirectTestCaseCount": 2,
  "_class": "com.cognizant.collector.rally.beans.userstory.UserStory"
},{
  "_id": "697542488347",
  "name": "form submission",
  "ref": "https://rally1.rallydev.com/slm/webservice/v2.0/hierarchicalrequirement/697542488347",
  "creationDate": {
    "$date": "2023-04-12T10:30:19.672Z"
  },
  "workspaceName": "Workspace 1",
  "createdBy": "rohini.s3",
  "description": "",
  "expedite": false,
  "formattedId": "US61",
  "lastUpdateDate": {
    "$date": "2023-04-12T10:34:03.527Z"
  },
  "milestones": 0,
  "owner": "rohini.s3",
  "projectName": "DemoProject",
  "ready": false,
  "flowState": "Defined",
  "flowStateChangedDate": {
    "$date": "2023-04-12T10:30:19.672Z"
  },
  "passingTestCaseCount": 0,
  "scheduleState": "Defined",
  "scheduleStatePrefix": "D",
  "testCaseCount": 0,
  "attachments": 0,
  "blocked": false,
  "children": 0,
  "defectStatus": "NONE_CLOSED",
  "defects": 2,
  "directChildrenCount": 0,
  "directPassingTestCaseCount": 0,
  "hasParent": false,
  "predecessors": 0,
  "recycled": false,
  "risks": 0,
  "successors": 0,
  "taskActualTotal": 0,
  "taskEstimateTotal": 0,
  "taskRemainingTotal": 0,
  "taskStatus": "NONE",
  "tasks": 0,
  "testCaseStatus": "NONE",
  "testCases": 0,
  "totalDirectTestCaseCount": 0,
  "_class": "com.cognizant.collector.rally.beans.userstory.UserStory"
}]