[{
  "_id": "659229725267",
  "name": "Sample Test Case",
  "ref": "https://rally1.rallydev.com/slm/webservice/v2.0/testcase/659229725267",
  "workspaceName": "Workspace 1",
  "creationDate": {
    "$date": "2022-10-11T02:30:54.325Z"
  },
  "createdBy": "rohini.s3",
  "description": "",
  "expedite": false,
  "formattedID": "TC6",
  "lastUpdateDate": {
    "$date": "2022-10-11T02:40:05.625Z"
  },
  "milestones": 0,
  "owner": "rohini.s3",
  "projectName": "Sample Project",
  "ready": false,
  "attachments": 0,
  "defectStatus": "NONE",
  "defects": 0,
  "method": "Manual",
  "postConditions": "",
  "priority": "None",
  "recycled": false,
  "results": 0,
  "risk": "None",
  "steps": 0,
  "testFolder": "Sample Test Folder",
  "testSets": 1,
  "type": "Acceptance",
  "validationExpectedResult": "",
  "validationInput": "",
  "_class": "com.cognizant.collector.rally.beans.testcase.TestCase"
},{
  "_id": "644573232031",
  "name": "TC1",
  "ref": "https://rally1.rallydev.com/slm/webservice/v2.0/testcase/644573232031",
  "workspaceName": "Workspace 1",
  "creationDate": {
    "$date": "2022-08-17T07:56:09.357Z"
  },
  "createdBy": "rohini.s3",
  "description": "",
  "expedite": false,
  "formattedID": "TC1",
  "lastUpdateDate": {
    "$date": "2022-11-09T12:40:05.756Z"
  },
  "milestones": 1,
  "owner": "rohini.s3",
  "projectName": "DemoProject",
  "ready": false,
  "attachments": 0,
  "defectStatus": "NONE_CLOSED",
  "defects": 1,
  "lastBuild": "Sample2",
  "lastResult": {
    "ref": "https://rally1.rallydev.com/slm/webservice/v2.0/testcaseresult/668628144745"
  },
  "lastRun": {
    "$date": "2022-11-09T12:39:43.771Z"
  },
  "lastVerdict": "Inconclusive",
  "method": "Automated",
  "postConditions": "",
  "priority": "Useful",
  "recycled": false,
  "results": 3,
  "risk": "None",
  "steps": 0,
  "testSets": 0,
  "type": "Functional",
  "validationExpectedResult": "",
  "validationInput": "",
  "workProduct": {
    "ref": "https://rally1.rallydev.com/slm/webservice/v2.0/defect/644471557931",
    "name": "Username is not displayed on the web page after logging in with valid credentials",
    "type": "Defect"
  },
  "_class": "com.cognizant.collector.rally.beans.testcase.TestCase"
},{
  "_id": "646169306449",
  "name": "TC2",
  "ref": "https://rally1.rallydev.com/slm/webservice/v2.0/testcase/646169306449",
  "workspaceName": "Workspace 1",
  "creationDate": {
    "$date": "2022-09-09T04:56:34.962Z"
  },
  "createdBy": "rohini.s3",
  "description": "<p>Sample testcase created to understand rally</p>\n",
  "expedite": false,
  "formattedID": "TC2",
  "lastUpdateDate": {
    "$date": "2022-10-17T01:44:37.723Z"
  },
  "milestones": 1,
  "owner": "rohini.s3",
  "projectName": "DemoProject",
  "ready": false,
  "attachments": 0,
  "defectStatus": "NONE_CLOSED",
  "defects": 1,
  "lastBuild": "Sample",
  "lastResult": {
    "ref": "https://rally1.rallydev.com/slm/webservice/v2.0/testcaseresult/662366478785"
  },
  "lastRun": {
    "$date": "2022-10-17T01:44:02.219Z"
  },
  "lastVerdict": "Pass",
  "method": "Manual",
  "postConditions": "",
  "priority": "None",
  "recycled": false,
  "results": 1,
  "risk": "None",
  "steps": 0,
  "testFolder": "testfolder",
  "testSets": 2,
  "type": "Acceptance",
  "validationExpectedResult": "",
  "validationInput": "",
  "workProduct": {
    "ref": "https://rally1.rallydev.com/slm/webservice/v2.0/defect/652133227393",
    "name": "Defect to link with TS2",
    "type": "Defect"
  },
  "_class": "com.cognizant.collector.rally.beans.testcase.TestCase"
},{
  "_id": "646179697981",
  "name": "Sample Testcase created to verify login functionality",
  "ref": "https://rally1.rallydev.com/slm/webservice/v2.0/testcase/646179697981",
  "workspaceName": "Workspace 1",
  "creationDate": {
    "$date": "2022-09-09T06:20:38.506Z"
  },
  "createdBy": "rohini.s3",
  "description": "",
  "expedite": false,
  "formattedID": "TC3",
  "lastUpdateDate": {
    "$date": "2022-10-11T02:25:34.425Z"
  },
  "milestones": 0,
  "owner": "rohini.s3",
  "projectName": "DemoProject",
  "ready": false,
  "attachments": 0,
  "defectStatus": "NONE",
  "defects": 0,
  "lastBuild": "Build 2",
  "lastResult": {
    "ref": "https://rally1.rallydev.com/slm/webservice/v2.0/testcaseresult/659227554207"
  },
  "lastRun": {
    "$date": "2022-10-11T02:25:11.606Z"
  },
  "lastVerdict": "Fail",
  "method": "Manual",
  "postConditions": "",
  "priority": "None",
  "recycled": false,
  "results": 2,
  "risk": "None",
  "steps": 1,
  "testSets": 1,
  "type": "Acceptance",
  "validationExpectedResult": "",
  "validationInput": "",
  "_class": "com.cognizant.collector.rally.beans.testcase.TestCase"
},{
  "_id": "646179699277",
  "name": "To check the items added to the cart",
  "ref": "https://rally1.rallydev.com/slm/webservice/v2.0/testcase/646179699277",
  "workspaceName": "Workspace 1",
  "creationDate": {
    "$date": "2022-09-09T06:21:11.585Z"
  },
  "createdBy": "rohini.s3",
  "description": "",
  "expedite": false,
  "formattedID": "TC4",
  "lastUpdateDate": {
    "$date": "2022-10-10T09:50:11.237Z"
  },
  "milestones": 0,
  "owner": "rohini.s3",
  "projectName": "DemoProject",
  "ready": false,
  "attachments": 0,
  "defectStatus": "NONE",
  "defects": 0,
  "method": "Manual",
  "postConditions": "",
  "priority": "None",
  "recycled": false,
  "results": 0,
  "risk": "None",
  "steps": 0,
  "testFolder": "testfolder",
  "testSets": 0,
  "type": "Functional",
  "validationExpectedResult": "",
  "validationInput": "",
  "_class": "com.cognizant.collector.rally.beans.testcase.TestCase"
},{
  "_id": "697543090763",
  "name": "drop down not available",
  "ref": "https://rally1.rallydev.com/slm/webservice/v2.0/testcase/697543090763",
  "workspaceName": "Workspace 1",
  "creationDate": {
    "$date": "2023-04-12T10:35:32.854Z"
  },
  "createdBy": "rohini.s3",
  "description": "",
  "expedite": false,
  "formattedID": "TC7",
  "lastUpdateDate": {
    "$date": "2023-04-12T10:37:34.836Z"
  },
  "milestones": 0,
  "owner": "rohini.s3",
  "projectName": "DemoProject",
  "ready": false,
  "attachments": 0,
  "defectStatus": "NONE",
  "defects": 0,
  "lastBuild": "pass",
  "lastResult": {
    "ref": "https://rally1.rallydev.com/slm/webservice/v2.0/testcaseresult/697543099783"
  },
  "lastRun": {
    "$date": "2023-04-12T10:37:26.011Z"
  },
  "lastVerdict": "Fail",
  "method": "Manual",
  "postConditions": "",
  "priority": "None",
  "recycled": false,
  "results": 1,
  "risk": "None",
  "steps": 0,
  "testSets": 0,
  "type": "Acceptance",
  "validationExpectedResult": "",
  "validationInput": "",
  "workProduct": {
    "ref": "https://rally1.rallydev.com/slm/webservice/v2.0/hierarchicalrequirement/697542486585",
    "name": "managing nav bar",
    "type": "HierarchicalRequirement"
  },
  "_class": "com.cognizant.collector.rally.beans.testcase.TestCase"
},{
  "_id": "697543092509",
  "name": "not responsive",
  "ref": "https://rally1.rallydev.com/slm/webservice/v2.0/testcase/697543092509",
  "workspaceName": "Workspace 1",
  "creationDate": {
    "$date": "2023-04-12T10:35:45.766Z"
  },
  "createdBy": "rohini.s3",
  "description": "",
  "expedite": false,
  "formattedID": "TC8",
  "lastUpdateDate": {
    "$date": "2023-04-12T10:35:45.798Z"
  },
  "milestones": 0,
  "owner": "rohini.s3",
  "projectName": "DemoProject",
  "ready": false,
  "attachments": 0,
  "defectStatus": "NONE",
  "defects": 0,
  "method": "Manual",
  "postConditions": "",
  "priority": "None",
  "recycled": false,
  "results": 0,
  "risk": "None",
  "steps": 0,
  "testSets": 0,
  "type": "Acceptance",
  "validationExpectedResult": "",
  "validationInput": "",
  "workProduct": {
    "ref": "https://rally1.rallydev.com/slm/webservice/v2.0/hierarchicalrequirement/697542486585",
    "name": "managing nav bar",
    "type": "HierarchicalRequirement"
  },
  "_class": "com.cognizant.collector.rally.beans.testcase.TestCase"
}]