[{
  "_id": {
    "$oid": "643668c4a90e6856194d2391"
  },
  "projectId": 401192350,
  "nodeId": "MDEwOlJlcG9zaXRvcnk0MDExOTIzNTA=",
  "name": "Covid-19Tracker",
  "fullName": "sparsh336/Covid-19Tracker",
  "_private": false,
  "owner": {
    "_id": 42486391,
    "login": "sparsh336",
    "nodeId": "MDQ6VXNlcjQyNDg2Mzkx",
    "avatarUrl": "https://avatars.githubusercontent.com/u/42486391?v=4",
    "gravatarId": "",
    "url": "https://api.github.com/users/sparsh336",
    "htmlUrl": "https://github.com/sparsh336",
    "followersUrl": "https://api.github.com/users/sparsh336/followers",
    "followingUrl": "https://api.github.com/users/sparsh336/following{/other_user}",
    "gistsUrl": "https://api.github.com/users/sparsh336/gists{/gist_id}",
    "starredUrl": "https://api.github.com/users/sparsh336/starred{/owner}{/repo}",
    "subscriptionsUrl": "https://api.github.com/users/sparsh336/subscriptions",
    "organizationsUrl": "https://api.github.com/users/sparsh336/orgs",
    "reposUrl": "https://api.github.com/users/sparsh336/repos",
    "eventsUrl": "https://api.github.com/users/sparsh336/events{/privacy}",
    "receivedEventsUrl": "https://api.github.com/users/sparsh336/received_events",
    "type": "User",
    "siteAdmin": false,
    "additionalProperties": {}
  },
  "description": "A react based web app which gives informations about covid cases all around the world",
  "fork": false,
  "url": "https://api.github.com/repos/sparsh336/Covid-19Tracker",
  "createdAt": "2021-08-30T02:26:19Z",
  "updatedAt": "2021-08-30T02:34:22Z",
  "pushedAt": "2021-08-30T02:34:19Z",
  "size": 210,
  "stargazersCount": 0,
  "watchersCount": 0,
  "language": "JavaScript",
  "hasIssues": true,
  "hasProjects": true,
  "hasDownloads": true,
  "hasWiki": true,
  "hasPages": false,
  "forksCount": 0,
  "disabled": false,
  "openIssuesCount": 0,
  "forks": 0,
  "openIssues": 0,
  "watchers": 0,
  "defaultBranch": "master",
  "commitsList": [
    {
      "sha": "facdc5384b04e845aa11e0030022c4375094e7a2",
      "nodeId": "MDY6Q29tbWl0NDAxMTkyMzUwOmZhY2RjNTM4NGIwNGU4NDVhYTExZTAwMzAwMjJjNDM3NTA5NGU3YTI=",
      "commit": {
        "author": {
          "name": "Sparsh",
          "email": "sparshs336@gmail.com",
          "date": "2021-08-30T02:32:05Z",
          "additionalProperties": {}
        },
        "committer": {
          "name": "Sparsh",
          "email": "sparshs336@gmail.com",
          "date": {
            "$date": "2021-08-30T02:32:05.000Z"
          },
          "additionalProperties": {}
        },
        "message": "ready",
        "tree": {
          "sha": "6769113825012fe6d9d420c7ea9127ea8032061e",
          "url": "https://api.github.com/repos/sparsh336/Covid-19Tracker/git/trees/6769113825012fe6d9d420c7ea9127ea8032061e",
          "additionalProperties": {}
        },
        "url": "https://api.github.com/repos/sparsh336/Covid-19Tracker/git/commits/facdc5384b04e845aa11e0030022c4375094e7a2",
        "commentCount": 0,
        "verification": {
          "verified": false,
          "reason": "unsigned",
          "additionalProperties": {}
        },
        "additionalProperties": {}
      },
      "url": "https://api.github.com/repos/sparsh336/Covid-19Tracker/commits/facdc5384b04e845aa11e0030022c4375094e7a2",
      "htmlUrl": "https://github.com/sparsh336/Covid-19Tracker/commit/facdc5384b04e845aa11e0030022c4375094e7a2",
      "commentsUrl": "https://api.github.com/repos/sparsh336/Covid-19Tracker/commits/facdc5384b04e845aa11e0030022c4375094e7a2/comments",
      "author": {
        "_id": "42486391",
        "login": "sparsh336",
        "nodeId": "MDQ6VXNlcjQyNDg2Mzkx",
        "avatarUrl": "https://avatars.githubusercontent.com/u/42486391?v=4",
        "gravatarId": "",
        "url": "https://api.github.com/users/sparsh336",
        "htmlUrl": "https://github.com/sparsh336",
        "followersUrl": "https://api.github.com/users/sparsh336/followers",
        "followingUrl": "https://api.github.com/users/sparsh336/following{/other_user}",
        "gistsUrl": "https://api.github.com/users/sparsh336/gists{/gist_id}",
        "starredUrl": "https://api.github.com/users/sparsh336/starred{/owner}{/repo}",
        "subscriptionsUrl": "https://api.github.com/users/sparsh336/subscriptions",
        "organizationsUrl": "https://api.github.com/users/sparsh336/orgs",
        "reposUrl": "https://api.github.com/users/sparsh336/repos",
        "eventsUrl": "https://api.github.com/users/sparsh336/events{/privacy}",
        "receivedEventsUrl": "https://api.github.com/users/sparsh336/received_events",
        "type": "User",
        "siteAdmin": false,
        "additionalProperties": {}
      },
      "committer": {
        "_id": "42486391",
        "login": "sparsh336",
        "nodeId": "MDQ6VXNlcjQyNDg2Mzkx",
        "avatarUrl": "https://avatars.githubusercontent.com/u/42486391?v=4",
        "gravatarId": "",
        "url": "https://api.github.com/users/sparsh336",
        "htmlUrl": "https://github.com/sparsh336",
        "followersUrl": "https://api.github.com/users/sparsh336/followers",
        "followingUrl": "https://api.github.com/users/sparsh336/following{/other_user}",
        "gistsUrl": "https://api.github.com/users/sparsh336/gists{/gist_id}",
        "starredUrl": "https://api.github.com/users/sparsh336/starred{/owner}{/repo}",
        "subscriptionsUrl": "https://api.github.com/users/sparsh336/subscriptions",
        "organizationsUrl": "https://api.github.com/users/sparsh336/orgs",
        "reposUrl": "https://api.github.com/users/sparsh336/repos",
        "eventsUrl": "https://api.github.com/users/sparsh336/events{/privacy}",
        "receivedEventsUrl": "https://api.github.com/users/sparsh336/received_events",
        "type": "User",
        "siteAdmin": false,
        "additionalProperties": {}
      },
      "parents": [
        {
          "sha": "eaaf2f035901387598c54ba522d4f4c9201866b7",
          "url": "https://api.github.com/repos/sparsh336/Covid-19Tracker/commits/eaaf2f035901387598c54ba522d4f4c9201866b7",
          "html_url": "https://github.com/sparsh336/Covid-19Tracker/commit/eaaf2f035901387598c54ba522d4f4c9201866b7"
        }
      ],
      "stats": {
        "total": 742,
        "additions": 646,
        "deletions": 96,
        "additionalProperties": {}
      },
      "files": [
        {
          "sha": "f32394415ba4755d543890c32b6f6b0e6e8e0c26",
          "filename": "package-lock.json",
          "status": "modified",
          "additions": 306,
          "deletions": 0,
          "changes": 306,
          "blobUrl": "https://github.com/sparsh336/Covid-19Tracker/blob/facdc5384b04e845aa11e0030022c4375094e7a2/package-lock.json",
          "rawUrl": "https://github.com/sparsh336/Covid-19Tracker/raw/facdc5384b04e845aa11e0030022c4375094e7a2/package-lock.json",
          "contentsUrl": "https://api.github.com/repos/sparsh336/Covid-19Tracker/contents/package-lock.json?ref=facdc5384b04e845aa11e0030022c4375094e7a2",
          "patch": "@@ -1203,6 +1203,11 @@\n       \"resolved\": \"https://registry.npmjs.org/@csstools/normalize.css/-/normalize.css-10.1.0.tgz\",\n       \"integrity\": \"sha512-ij4wRiunFfaJxjB0BdrYHIH8FxBJpOwNPhhAcunlmPdXudL1WQV1qoP9un6JsEBAgQH+7UXyyjh0g7jTxXK6tg==\"\n     },\n+    \"@emotion/hash\": {\n+      \"version\": \"0.8.0\",\n+      \"resolved\": \"https://registry.npmjs.org/@emotion/hash/-/hash-0.8.0.tgz\",\n+      \"integrity\": \"sha512-kBJtf7PH6aWwZ6fka3zQ0p6SBYzx4fl1LoZXE2RrnYST9Xljm7WfKJrU4g/Xr3Beg72MLrp1AWNUmuYJTL7Cow==\"\n+    },\n     \"@eslint/eslintrc\": {\n       \"version\": \"0.4.3\",\n       \"resolved\": \"https://registry.npmjs.org/@eslint/eslintrc/-/eslintrc-0.4.3.tgz\",\n@@ -1836,6 +1841,74 @@\n         }\n       }\n     },\n+    \"@material-ui/core\": {\n+      \"version\": \"4.12.3\",\n+      \"resolved\": \"https://registry.npmjs.org/@material-ui/core/-/core-4.12.3.tgz\",\n+      \"integrity\": \"sha512-sdpgI/PL56QVsEJldwEe4FFaFTLUqN+rd7sSZiRCdx2E/C7z5yK0y/khAWVBH24tXwto7I1hCzNWfJGZIYJKnw==\",\n+      \"requires\": {\n+        \"@babel/runtime\": \"^7.4.4\",\n+        \"@material-ui/styles\": \"^4.11.4\",\n+        \"@material-ui/system\": \"^4.12.1\",\n+        \"@material-ui/types\": \"5.1.0\",\n+        \"@material-ui/utils\": \"^4.11.2\",\n+        \"@types/react-transition-group\": \"^4.2.0\",\n+        \"clsx\": \"^1.0.4\",\n+        \"hoist-non-react-statics\": \"^3.3.2\",\n+        \"popper.js\": \"1.16.1-lts\",\n+        \"prop-types\": \"^15.7.2\",\n+        \"react-is\": \"^16.8.0 || ^17.0.0\",\n+        \"react-transition-group\": \"^4.4.0\"\n+      }\n+    },\n+    \"@material-ui/styles\": {\n+      \"version\": \"4.11.4\",\n+      \"resolved\": \"https://registry.npmjs.org/@material-ui/styles/-/styles-4.11.4.tgz\",\n+      \"integrity\": \"sha512-KNTIZcnj/zprG5LW0Sao7zw+yG3O35pviHzejMdcSGCdWbiO8qzRgOYL8JAxAsWBKOKYwVZxXtHWaB5T2Kvxew==\",\n+      \"requires\": {\n+        \"@babel/runtime\": \"^7.4.4\",\n+        \"@emotion/hash\": \"^0.8.0\",\n+        \"@material-ui/types\": \"5.1.0\",\n+        \"@material-ui/utils\": \"^4.11.2\",\n+        \"clsx\": \"^1.0.4\",\n+        \"csstype\": \"^2.5.2\",\n+        \"hoist-non-react-statics\": \"^3.3.2\",\n+        \"jss\": \"^10.5.1\",\n+        \"jss-plugin-camel-case\": \"^10.5.1\",\n+        \"jss-plugin-default-unit\": \"^10.5.1\",\n+        \"jss-plugin-global\": \"^10.5.1\",\n+        \"jss-plugin-nested\": \"^10.5.1\",\n+        \"jss-plugin-props-sort\": \"^10.5.1\",\n+        \"jss-plugin-rule-value-function\": \"^10.5.1\",\n+        \"jss-plugin-vendor-prefixer\": \"^10.5.1\",\n+        \"prop-types\": \"^15.7.2\"\n+      }\n+    },\n+    \"@material-ui/system\": {\n+      \"version\": \"4.12.1\",\n+      \"resolved\": \"https://registry.npmjs.org/@material-ui/system/-/system-4.12.1.tgz\",\n+      \"integrity\": \"sha512-lUdzs4q9kEXZGhbN7BptyiS1rLNHe6kG9o8Y307HCvF4sQxbCgpL2qi+gUk+yI8a2DNk48gISEQxoxpgph0xIw==\",\n+      \"requires\": {\n+        \"@babel/runtime\": \"^7.4.4\",\n+        \"@material-ui/utils\": \"^4.11.2\",\n+        \"csstype\": \"^2.5.2\",\n+        \"prop-types\": \"^15.7.2\"\n+      }\n+    },\n+    \"@material-ui/types\": {\n+      \"version\": \"5.1.0\",\n+      \"resolved\": \"https://registry.npmjs.org/@material-ui/types/-/types-5.1.0.tgz\",\n+      \"integrity\": \"sha512-7cqRjrY50b8QzRSYyhSpx4WRw2YuO0KKIGQEVk5J8uoz2BanawykgZGoWEqKm7pVIbzFDN0SpPcVV4IhOFkl8A==\"\n+    },\n+    \"@material-ui/utils\": {\n+      \"version\": \"4.11.2\",\n+      \"resolved\": \"https://registry.npmjs.org/@material-ui/utils/-/utils-4.11.2.tgz\",\n+      \"integrity\": \"sha512-Uul8w38u+PICe2Fg2pDKCaIG7kOyhowZ9vjiC1FsVwPABTW8vPPKfF6OvxRq3IiBaI1faOJmgdvMG7rMJARBhA==\",\n+      \"requires\": {\n+        \"@babel/runtime\": \"^7.4.4\",\n+        \"prop-types\": \"^15.7.2\",\n+        \"react-is\": \"^16.8.0 || ^17.0.0\"\n+      }\n+    },\n     \"@nodelib/fs.scandir\": {\n       \"version\": \"2.1.5\",\n       \"resolved\": \"https://registry.npmjs.org/@nodelib/fs.scandir/-/fs.scandir-2.1.5.tgz\",\n@@ -2505,11 +2578,41 @@\n       \"resolved\": \"https://registry.npmjs.org/@types/prettier/-/prettier-2.3.2.tgz\",\n       \"integrity\": \"sha512-eI5Yrz3Qv4KPUa/nSIAi0h+qX0XyewOliug5F2QAtuRg6Kjg6jfmxe1GIwoIRhZspD1A0RP8ANrPwvEXXtRFog==\"\n     },\n+    \"@types/prop-types\": {\n+      \"version\": \"15.7.4\",\n+      \"resolved\": \"https://registry.npmjs.org/@types/prop-types/-/prop-types-15.7.4.tgz\",\n+      \"integrity\": \"sha512-rZ5drC/jWjrArrS8BR6SIr4cWpW09RNTYt9AMZo3Jwwif+iacXAqgVjm0B0Bv/S1jhDXKHqRVNCbACkJ89RAnQ==\"\n+    },\n     \"@types/q\": {\n       \"version\": \"1.5.5\",\n       \"resolved\": \"https://registry.npmjs.org/@types/q/-/q-1.5.5.tgz\",\n       \"integrity\": \"sha512-L28j2FcJfSZOnL1WBjDYp2vUHCeIFlyYI/53EwD/rKUBQ7MtUUfbQWiyKJGpcnv4/WgrhWsFKrcPstcAt/J0tQ==\"\n     },\n+    \"@types/react\": {\n+      \"version\": \"17.0.19\",\n+      \"resolved\": \"https://registry.npmjs.org/@types/react/-/react-17.0.19.tgz\",\n+      \"integrity\": \"sha512-sX1HisdB1/ZESixMTGnMxH9TDe8Sk709734fEQZzCV/4lSu9kJCPbo2PbTRoZM+53Pp0P10hYVyReUueGwUi4A==\",\n+      \"requires\": {\n+        \"@types/prop-types\": \"*\",\n+        \"@types/scheduler\": \"*\",\n+        \"csstype\": \"^3.0.2\"\n+      },\n+      \"dependencies\": {\n+        \"csstype\": {\n+          \"version\": \"3.0.8\",\n+          \"resolved\": \"https://registry.npmjs.org/csstype/-/csstype-3.0.8.tgz\",\n+          \"integrity\": \"sha512-jXKhWqXPmlUeoQnF/EhTtTl4C9SnrxSH/jZUih3jmO6lBKr99rP3/+FmrMj4EFpOXzMtXHAZkd3x0E6h6Fgflw==\"\n+        }\n+      }\n+    },\n+    \"@types/react-transition-group\": {\n+      \"version\": \"4.4.2\",\n+      \"resolved\": \"https://registry.npmjs.org/@types/react-transition-group/-/react-transition-group-4.4.2.tgz\",\n+      \"integrity\": \"sha512-KibDWL6nshuOJ0fu8ll7QnV/LVTo3PzQ9aCPnRUYPfX7eZohHwLIdNHj7pftanREzHNP4/nJa8oeM73uSiavMQ==\",\n+      \"requires\": {\n+        \"@types/react\": \"*\"\n+      }\n+    },\n     \"@types/resolve\": {\n       \"version\": \"0.0.8\",\n       \"resolved\": \"https://registry.npmjs.org/@types/resolve/-/resolve-0.0.8.tgz\",\n@@ -2518,6 +2621,11 @@\n         \"@types/node\": \"*\"\n       }\n     },\n+    \"@types/scheduler\": {\n+      \"version\": \"0.16.2\",\n+      \"resolved\": \"https://registry.npmjs.org/@types/scheduler/-/scheduler-0.16.2.tgz\",\n+      \"integrity\": \"sha512-hppQEBDmlwhFAXKJX2KnWLYu5yMfi91yazPb2l+lbJiwW+wdo1gNeRA+3RgNSO39WYX2euey41KEwnqesU2Jew==\"\n+    },\n     \"@types/source-list-map\": {\n       \"version\": \"0.1.2\",\n       \"resolved\": \"https://registry.npmjs.org/@types/source-list-map/-/source-list-map-0.1.2.tgz\",\n@@ -3224,6 +3332,14 @@\n       \"resolved\": \"https://registry.npmjs.org/axe-core/-/axe-core-4.3.3.tgz\",\n       \"integrity\": \"sha512-/lqqLAmuIPi79WYfRpy2i8z+x+vxU3zX2uAm0gs1q52qTuKwolOj1P8XbufpXcsydrpKx2yGn2wzAnxCMV86QA==\"\n     },\n+    \"axios\": {\n+      \"version\": \"0.21.1\",\n+      \"resolved\": \"https://registry.npmjs.org/axios/-/axios-0.21.1.tgz\",\n+      \"integrity\": \"sha512-dKQiRHxGD9PPRIUNIWvZhPTPpl1rf/OxTYKsqKUDjBwYylTvV7SjSHJb9ratfyzM6wCdLCOYLzs73qpg5c4iGA==\",\n+      \"requires\": {\n+        \"follow-redirects\": \"^1.10.0\"\n+      }\n+    },\n     \"axobject-query\": {\n       \"version\": \"2.2.0\",\n       \"resolved\": \"https://registry.npmjs.org/axobject-query/-/axobject-query-2.2.0.tgz\",\n@@ -4158,6 +4274,11 @@\n       \"resolved\": \"https://registry.npmjs.org/char-regex/-/char-regex-1.0.2.tgz\",\n       \"integrity\": \"sha512-kWWXztvZ5SBQV+eRgKFeh8q5sLuZY2+8WUIzlxWVTg+oGwY14qylx1KbKzHd8P6ZYkAg0xyIDU9JMHhyJMZ1jw==\"\n     },\n+    \"chart.js\": {\n+      \"version\": \"3.5.1\",\n+      \"resolved\": \"https://registry.npmjs.org/chart.js/-/chart.js-3.5.1.tgz\",\n+      \"integrity\": \"sha512-m5kzt72I1WQ9LILwQC4syla/LD/N413RYv2Dx2nnTkRS9iv/ey1xLTt0DnPc/eWV4zI+BgEgDYBIzbQhZHc/PQ==\"\n+    },\n     \"check-types\": {\n       \"version\": \"11.1.2\",\n       \"resolved\": \"https://registry.npmjs.org/check-types/-/check-types-11.1.2.tgz\",\n@@ -4229,6 +4350,11 @@\n         }\n       }\n     },\n+    \"classnames\": {\n+      \"version\": \"2.3.1\",\n+      \"resolved\": \"https://registry.npmjs.org/classnames/-/classnames-2.3.1.tgz\",\n+      \"integrity\": \"sha512-OlQdbZ7gLfGarSqxesMesDa5uz7KFbID8Kpq/SxIoNGDqY8lSYs0D+hhtBXhcdB3rcbXArFr7vlHheLk1voeNA==\"\n+    },\n     \"clean-css\": {\n       \"version\": \"4.2.3\",\n       \"resolved\": \"https://registry.npmjs.org/clean-css/-/clean-css-4.2.3.tgz\",\n@@ -4259,6 +4385,11 @@\n         \"wrap-ansi\": \"^6.2.0\"\n       }\n     },\n+    \"clsx\": {\n+      \"version\": \"1.1.1\",\n+      \"resolved\": \"https://registry.npmjs.org/clsx/-/clsx-1.1.1.tgz\",\n+      \"integrity\": \"sha512-6/bPho624p3S2pMyvP5kKBPXnI3ufHLObBFCfgx+LkeR5lg2XYy2hqZqUf45ypD8COn2bhgGJSUE+l5dhNBieA==\"\n+    },\n     \"co\": {\n       \"version\": \"4.6.0\",\n       \"resolved\": \"https://registry.npmjs.org/co/-/co-4.6.0.tgz\",\n@@ -4535,6 +4666,11 @@\n         \"yaml\": \"^1.10.0\"\n       }\n     },\n+    \"countup.js\": {\n+      \"version\": \"2.0.8\",\n+      \"resolved\": \"https://registry.npmjs.org/countup.js/-/countup.js-2.0.8.tgz\",\n+      \"integrity\": \"sha512-pW3xwwD+hB+xmtI16xFcuLS0D5hSQqPQWkZOdgpKQyzxCquDNo2VCFPkRw12vmvdpnicXVTcjmYiakG6biwINg==\"\n+    },\n     \"create-ecdh\": {\n       \"version\": \"4.0.4\",\n       \"resolved\": \"https://registry.npmjs.org/create-ecdh/-/create-ecdh-4.0.4.tgz\",\n@@ -4743,6 +4879,15 @@\n         }\n       }\n     },\n+    \"css-vendor\": {\n+      \"version\": \"2.0.8\",\n+      \"resolved\": \"https://registry.npmjs.org/css-vendor/-/css-vendor-2.0.8.tgz\",\n+      \"integrity\": \"sha512-x9Aq0XTInxrkuFeHKbYC7zWY8ai7qJ04Kxd9MnvbC1uO5DagxoHQjm4JvG+vCdXOoFtCjbL2XSZfxmoYa9uQVQ==\",\n+      \"requires\": {\n+        \"@babel/runtime\": \"^7.8.3\",\n+        \"is-in-browser\": \"^1.0.2\"\n+      }\n+    },\n     \"css-what\": {\n       \"version\": \"3.4.2\",\n       \"resolved\": \"https://registry.npmjs.org/css-what/-/css-what-3.4.2.tgz\",\n@@ -4919,6 +5064,11 @@\n         }\n       }\n     },\n+    \"csstype\": {\n+      \"version\": \"2.6.17\",\n+      \"resolved\": \"https://registry.npmjs.org/csstype/-/csstype-2.6.17.tgz\",\n+      \"integrity\": \"sha512-u1wmTI1jJGzCJzWndZo8mk4wnPTZd1eOIYTYvuEyOQGfmDl3TrabCCfKnOC86FZwW/9djqTl933UF/cS425i9A==\"\n+    },\n     \"cyclist\": {\n       \"version\": \"1.0.1\",\n       \"resolved\": \"https://registry.npmjs.org/cyclist/-/cyclist-1.0.1.tgz\",\n@@ -5240,6 +5390,22 @@\n         \"utila\": \"~0.4\"\n       }\n     },\n+    \"dom-helpers\": {\n+      \"version\": \"5.2.1\",\n+      \"resolved\": \"https://registry.npmjs.org/dom-helpers/-/dom-helpers-5.2.1.tgz\",\n+      \"integrity\": \"sha512-nRCa7CK3VTrM2NmGkIy4cbK7IZlgBE/PYMn55rrXefr5xXDP0LdtfPnblFDoVdcAfslJ7or6iqAUnx0CCGIWQA==\",\n+      \"requires\": {\n+        \"@babel/runtime\": \"^7.8.7\",\n+        \"csstype\": \"^3.0.2\"\n+      },\n+      \"dependencies\": {\n+        \"csstype\": {\n+          \"version\": \"3.0.8\",\n+          \"resolved\": \"https://registry.npmjs.org/csstype/-/csstype-3.0.8.tgz\",\n+          \"integrity\": \"sha512-jXKhWqXPmlUeoQnF/EhTtTl4C9SnrxSH/jZUih3jmO6lBKr99rP3/+FmrMj4EFpOXzMtXHAZkd3x0E6h6Fgflw==\"\n+        }\n+      }\n+    },\n     \"dom-serializer\": {\n       \"version\": \"0.2.2\",\n       \"resolved\": \"https://registry.npmjs.org/dom-serializer/-/dom-serializer-0.2.2.tgz\",\n@@ -7194,6 +7360,14 @@\n         \"minimalistic-crypto-utils\": \"^1.0.1\"\n       }\n     },\n+    \"hoist-non-react-statics\": {\n+      \"version\": \"3.3.2\",\n+      \"resolved\": \"https://registry.npmjs.org/hoist-non-react-statics/-/hoist-non-react-statics-3.3.2.tgz\",\n+      \"integrity\": \"sha512-/gGivxi8JPKWNm/W0jSmzcMPpfpPLc3dY/6GxhX2hQ9iGj3aDfklV4ET7NjKpSinLpJ5vafa9iiGIEZg10SfBw==\",\n+      \"requires\": {\n+        \"react-is\": \"^16.7.0\"\n+      }\n+    },\n     \"hoopy\": {\n       \"version\": \"0.1.4\",\n       \"resolved\": \"https://registry.npmjs.org/hoopy/-/hoopy-0.1.4.tgz\",\n@@ -7516,6 +7690,11 @@\n       \"resolved\": \"https://registry.npmjs.org/human-signals/-/human-signals-1.1.1.tgz\",\n       \"integrity\": \"sha512-SEQu7vl8KjNL2eoGBLF3+wAjpsNfA9XMlXAYj/3EdaNfAlxKthD1xjEQfGOUhllCGGJVNY34bRr6lPINhNjyZw==\"\n     },\n+    \"hyphenate-style-name\": {\n+      \"version\": \"1.0.4\",\n+      \"resolved\": \"https://registry.npmjs.org/hyphenate-style-name/-/hyphenate-style-name-1.0.4.tgz\",\n+      \"integrity\": \"sha512-ygGZLjmXfPHj+ZWh6LwbC37l43MhfztxetbFCoYTM2VjkIUpeHgSNn7QIyVFj7YQ1Wl9Cbw5sholVJPzWvC2MQ==\"\n+    },\n     \"iconv-lite\": {\n       \"version\": \"0.4.24\",\n       \"resolved\": \"https://registry.npmjs.org/iconv-lite/-/iconv-lite-0.4.24.tgz\",\n@@ -7867,6 +8046,11 @@\n         \"is-extglob\": \"^2.1.1\"\n       }\n     },\n+    \"is-in-browser\": {\n+      \"version\": \"1.1.3\",\n+      \"resolved\": \"https://registry.npmjs.org/is-in-browser/-/is-in-browser-1.1.3.tgz\",\n+      \"integrity\": \"sha1-Vv9NtoOgeMYILrldrX3GLh0E+DU=\"\n+    },\n     \"is-module\": {\n       \"version\": \"1.0.0\",\n       \"resolved\": \"https://registry.npmjs.org/is-module/-/is-module-1.0.0.tgz\",\n@@ -9680,6 +9864,91 @@\n         \"universalify\": \"^2.0.0\"\n       }\n     },\n+    \"jss\": {\n+      \"version\": \"10.7.1\",\n+      \"resolved\": \"https://registry.npmjs.org/jss/-/jss-10.7.1.tgz\",\n+      \"integrity\": \"sha512-5QN8JSVZR6cxpZNeGfzIjqPEP+ZJwJJfZbXmeABNdxiExyO+eJJDy6WDtqTf8SDKnbL5kZllEpAP71E/Lt7PXg==\",\n+      \"requires\": {\n+        \"@babel/runtime\": \"^7.3.1\",\n+        \"csstype\": \"^3.0.2\",\n+        \"is-in-browser\": \"^1.1.3\",\n+        \"tiny-warning\": \"^1.0.2\"\n+      },\n+      \"dependencies\": {\n+        \"csstype\": {\n+          \"version\": \"3.0.8\",\n+          \"resolved\": \"https://registry.npmjs.org/csstype/-/csstype-3.0.8.tgz\",\n+          \"integrity\": \"sha512-jXKhWqXPmlUeoQnF/EhTtTl4C9SnrxSH/jZUih3jmO6lBKr99rP3/+FmrMj4EFpOXzMtXHAZkd3x0E6h6Fgflw==\"\n+        }\n+      }\n+    },\n+    \"jss-plugin-camel-case\": {\n+      \"version\": \"10.7.1\",\n+      \"resolved\": \"https://registry.npmjs.org/jss-plugin-camel-case/-/jss-plugin-camel-case-10.7.1.tgz\",\n+      \"integrity\": \"sha512-+ioIyWvmAfgDCWXsQcW1NMnLBvRinOVFkSYJUgewQ6TynOcSj5F1bSU23B7z0p1iqK0PPHIU62xY1iNJD33WGA==\",\n+      \"requires\": {\n+        \"@babel/runtime\": \"^7.3.1\",\n+        \"hyphenate-style-name\": \"^1.0.3\",\n+        \"jss\": \"10.7.1\"\n+      }\n+    },\n+    \"jss-plugin-default-unit\": {\n+      \"version\": \"10.7.1\",\n+      \"resolved\": \"https://registry.npmjs.org/jss-plugin-default-unit/-/jss-plugin-default-unit-10.7.1.tgz\",\n+      \"integrity\": \"sha512-tW+dfYVNARBQb/ONzBwd8uyImigyzMiAEDai+AbH5rcHg5h3TtqhAkxx06iuZiT/dZUiFdSKlbe3q9jZGAPIwA==\",\n+      \"requires\": {\n+        \"@babel/runtime\": \"^7.3.1\",\n+        \"jss\": \"10.7.1\"\n+      }\n+    },\n+    \"jss-plugin-global\": {\n+      \"version\": \"10.7.1\",\n+      \"resolved\": \"https://registry.npmjs.org/jss-plugin-global/-/jss-plugin-global-10.7.1.tgz\",\n+      \"integrity\": \"sha512-FbxCnu44IkK/bw8X3CwZKmcAnJqjAb9LujlAc/aP0bMSdVa3/MugKQRyeQSu00uGL44feJJDoeXXiHOakBr/Zw==\",\n+      \"requires\": {\n+        \"@babel/runtime\": \"^7.3.1\",\n+        \"jss\": \"10.7.1\"\n+      }\n+    },\n+    \"jss-plugin-nested\": {\n+      \"version\": \"10.7.1\",\n+      \"resolved\": \"https://registry.npmjs.org/jss-plugin-nested/-/jss-plugin-nested-10.7.1.tgz\",\n+      \"integrity\": \"sha512-RNbICk7FlYKaJyv9tkMl7s6FFfeLA3ubNIFKvPqaWtADK0KUaPsPXVYBkAu4x1ItgsWx67xvReMrkcKA0jSXfA==\",\n+      \"requires\": {\n+        \"@babel/runtime\": \"^7.3.1\",\n+        \"jss\": \"10.7.1\",\n+        \"tiny-warning\": \"^1.0.2\"\n+      }\n+    },\n+    \"jss-plugin-props-sort\": {\n+      \"version\": \"10.7.1\",\n+      \"resolved\": \"https://registry.npmjs.org/jss-plugin-props-sort/-/jss-plugin-props-sort-10.7.1.tgz\",\n+      \"integrity\": \"sha512-eyd5FhA+J0QrpqXxO7YNF/HMSXXl4pB0EmUdY4vSJI4QG22F59vQ6AHtP6fSwhmBdQ98Qd9gjfO+RMxcE39P1A==\",\n+      \"requires\": {\n+        \"@babel/runtime\": \"^7.3.1\",\n+        \"jss\": \"10.7.1\"\n+      }\n+    },\n+    \"jss-plugin-rule-value-function\": {\n+      \"version\": \"10.7.1\",\n+      \"resolved\": \"https://registry.npmjs.org/jss-plugin-rule-value-function/-/jss-plugin-rule-value-function-10.7.1.tgz\",\n+      \"integrity\": \"sha512-fGAAImlbaHD3fXAHI3ooX6aRESOl5iBt3LjpVjxs9II5u9tzam7pqFUmgTcrip9VpRqYHn8J3gA7kCtm8xKwHg==\",\n+      \"requires\": {\n+        \"@babel/runtime\": \"^7.3.1\",\n+        \"jss\": \"10.7.1\",\n+        \"tiny-warning\": \"^1.0.2\"\n+      }\n+    },\n+    \"jss-plugin-vendor-prefixer\": {\n+      \"version\": \"10.7.1\",\n+      \"resolved\": \"https://registry.npmjs.org/jss-plugin-vendor-prefixer/-/jss-plugin-vendor-prefixer-10.7.1.tgz\",\n+      \"integrity\": \"sha512-1UHFmBn7hZNsHXTkLLOL8abRl8vi+D1EVzWD4WmLFj55vawHZfnH1oEz6TUf5Y61XHv0smdHabdXds6BgOXe3A==\",\n+      \"requires\": {\n+        \"@babel/runtime\": \"^7.3.1\",\n+        \"css-vendor\": \"^2.0.8\",\n+        \"jss\": \"10.7.1\"\n+      }\n+    },\n     \"jsx-ast-utils\": {\n       \"version\": \"3.2.0\",\n       \"resolved\": \"https://registry.npmjs.org/jsx-ast-utils/-/jsx-ast-utils-3.2.0.tgz\",\n@@ -11007,6 +11276,11 @@\n         \"ts-pnp\": \"^1.1.6\"\n       }\n     },\n+    \"popper.js\": {\n+      \"version\": \"1.16.1-lts\",\n+      \"resolved\": \"https://registry.npmjs.org/popper.js/-/popper.js-1.16.1-lts.tgz\",\n+      \"integrity\": \"sha512-Kjw8nKRl1m+VrSFCoVGPph93W/qrSO7ZkqPpTf7F4bk/sqcfWK019dWBUpE/fBOsOQY1dks/Bmcbfn1heM/IsA==\"\n+    },\n     \"portfinder\": {\n       \"version\": \"1.0.28\",\n       \"resolved\": \"https://registry.npmjs.org/portfinder/-/portfinder-1.0.28.tgz\",\n@@ -12313,6 +12587,22 @@\n         \"whatwg-fetch\": \"^3.4.1\"\n       }\n     },\n+    \"react-chartjs-2\": {\n+      \"version\": \"3.0.4\",\n+      \"resolved\": \"https://registry.npmjs.org/react-chartjs-2/-/react-chartjs-2-3.0.4.tgz\",\n+      \"integrity\": \"sha512-pcbFNpkPMTkGXXJ7k7hnukbRD0ZV01qB6JQY1ontITc2IYvhGlK6BBDy28VeydYs1Dl/c5ZpRgRVEtT5GUnxcQ==\",\n+      \"requires\": {\n+        \"lodash\": \"^4.17.19\"\n+      }\n+    },\n+    \"react-countup\": {\n+      \"version\": \"5.2.0\",\n+      \"resolved\": \"https://registry.npmjs.org/react-countup/-/react-countup-5.2.0.tgz\",\n+      \"integrity\": \"sha512-R6+FIrW8ypwoAe0Q0CZ16OhrgAntnnnch7HrnRAy9miXFKk8jQzVADjNtGSoNUuJeq/ZFiiXCGJCJIAmRJ5fLg==\",\n+      \"requires\": {\n+        \"countup.js\": \"^2.0.8\"\n+      }\n+    },\n     \"react-dev-utils\": {\n       \"version\": \"11.0.4\",\n       \"resolved\": \"https://registry.npmjs.org/react-dev-utils/-/react-dev-utils-11.0.4.tgz\",\n@@ -12550,6 +12840,17 @@\n         \"workbox-webpack-plugin\": \"5.1.4\"\n       }\n     },\n+    \"react-transition-group\": {\n+      \"version\": \"4.4.2\",\n+      \"resolved\": \"https://registry.npmjs.org/react-transition-group/-/react-transition-group-4.4.2.tgz\",\n+      \"integrity\": \"sha512-/RNYfRAMlZwDSr6z4zNKV6xu53/e2BuaBbGhbyYIXTrmgu/bGHzmqOs7mJSJBHy9Ud+ApHx3QjrkKSp1pxvlFg==\",\n+      \"requires\": {\n+        \"@babel/runtime\": \"^7.5.5\",\n+        \"dom-helpers\": \"^5.0.1\",\n+        \"loose-envify\": \"^1.4.0\",\n+        \"prop-types\": \"^15.6.2\"\n+      }\n+    },\n     \"read-pkg\": {\n       \"version\": \"3.0.0\",\n       \"resolved\": \"https://registry.npmjs.org/read-pkg/-/read-pkg-3.0.0.tgz\",\n@@ -14460,6 +14761,11 @@\n       \"resolved\": \"https://registry.npmjs.org/timsort/-/timsort-0.3.0.tgz\",\n       \"integrity\": \"sha1-QFQRqOfmM5/mTbmiNN4R3DHgK9Q=\"\n     },\n+    \"tiny-warning\": {\n+      \"version\": \"1.0.3\",\n+      \"resolved\": \"https://registry.npmjs.org/tiny-warning/-/tiny-warning-1.0.3.tgz\",\n+      \"integrity\": \"sha512-lBN9zLN/oAf68o3zNXYrdCt1kP8WsiGW8Oo2ka41b2IM5JL/S1CTyX1rW0mb/zSuJun0ZUrDxx4sqvYS2FWzPA==\"\n+    },\n     \"tmpl\": {\n       \"version\": \"1.0.4\",\n       \"resolved\": \"https://registry.npmjs.org/tmpl/-/tmpl-1.0.4.tgz\",",
          "additionalProperties": {}
        },
        {
          "sha": "962b956870c580b4f6b27a5c6eb47e0088d816b5",
          "filename": "package.json",
          "status": "modified",
          "additions": 6,
          "deletions": 0,
          "changes": 6,
          "blobUrl": "https://github.com/sparsh336/Covid-19Tracker/blob/facdc5384b04e845aa11e0030022c4375094e7a2/package.json",
          "rawUrl": "https://github.com/sparsh336/Covid-19Tracker/raw/facdc5384b04e845aa11e0030022c4375094e7a2/package.json",
          "contentsUrl": "https://api.github.com/repos/sparsh336/Covid-19Tracker/contents/package.json?ref=facdc5384b04e845aa11e0030022c4375094e7a2",
          "patch": "@@ -3,10 +3,16 @@\n   \"version\": \"0.1.0\",\n   \"private\": true,\n   \"dependencies\": {\n+    \"@material-ui/core\": \"^4.12.3\",\n     \"@testing-library/jest-dom\": \"^5.14.1\",\n     \"@testing-library/react\": \"^11.2.7\",\n     \"@testing-library/user-event\": \"^12.8.3\",\n+    \"axios\": \"^0.21.1\",\n+    \"chart.js\": \"^3.5.1\",\n+    \"classnames\": \"^2.3.1\",\n     \"react\": \"^17.0.2\",\n+    \"react-chartjs-2\": \"^3.0.4\",\n+    \"react-countup\": \"^5.2.0\",\n     \"react-dom\": \"^17.0.2\",\n     \"react-scripts\": \"4.0.3\",\n     \"web-vitals\": \"^1.1.2\"",
          "additionalProperties": {}
        },
        {
          "sha": "fc44b0a3796c0e0a64c3d858ca038bd4570465d9",
          "filename": "public/logo192.png",
          "status": "removed",
          "additions": 0,
          "deletions": 0,
          "changes": 0,
          "blobUrl": "https://github.com/sparsh336/Covid-19Tracker/blob/eaaf2f035901387598c54ba522d4f4c9201866b7/public%2Flogo192.png",
          "rawUrl": "https://github.com/sparsh336/Covid-19Tracker/raw/eaaf2f035901387598c54ba522d4f4c9201866b7/public%2Flogo192.png",
          "contentsUrl": "https://api.github.com/repos/sparsh336/Covid-19Tracker/contents/public%2Flogo192.png?ref=eaaf2f035901387598c54ba522d4f4c9201866b7",
          "additionalProperties": {}
        },
        {
          "sha": "a4e47a6545bc15971f8f63fba70e4013df88a664",
          "filename": "public/logo512.png",
          "status": "removed",
          "additions": 0,
          "deletions": 0,
          "changes": 0,
          "blobUrl": "https://github.com/sparsh336/Covid-19Tracker/blob/eaaf2f035901387598c54ba522d4f4c9201866b7/public%2Flogo512.png",
          "rawUrl": "https://github.com/sparsh336/Covid-19Tracker/raw/eaaf2f035901387598c54ba522d4f4c9201866b7/public%2Flogo512.png",
          "contentsUrl": "https://api.github.com/repos/sparsh336/Covid-19Tracker/contents/public%2Flogo512.png?ref=eaaf2f035901387598c54ba522d4f4c9201866b7",
          "additionalProperties": {}
        },
        {
          "sha": "74b5e053450a48a6bdb4d71aad648e7af821975c",
          "filename": "src/App.css",
          "status": "removed",
          "additions": 0,
          "deletions": 38,
          "changes": 38,
          "blobUrl": "https://github.com/sparsh336/Covid-19Tracker/blob/eaaf2f035901387598c54ba522d4f4c9201866b7/src%2FApp.css",
          "rawUrl": "https://github.com/sparsh336/Covid-19Tracker/raw/eaaf2f035901387598c54ba522d4f4c9201866b7/src%2FApp.css",
          "contentsUrl": "https://api.github.com/repos/sparsh336/Covid-19Tracker/contents/src%2FApp.css?ref=eaaf2f035901387598c54ba522d4f4c9201866b7",
          "patch": "@@ -1,38 +0,0 @@\n-.App {\n-  text-align: center;\n-}\n-\n-.App-logo {\n-  height: 40vmin;\n-  pointer-events: none;\n-}\n-\n-@media (prefers-reduced-motion: no-preference) {\n-  .App-logo {\n-    animation: App-logo-spin infinite 20s linear;\n-  }\n-}\n-\n-.App-header {\n-  background-color: #282c34;\n-  min-height: 100vh;\n-  display: flex;\n-  flex-direction: column;\n-  align-items: center;\n-  justify-content: center;\n-  font-size: calc(10px + 2vmin);\n-  color: white;\n-}\n-\n-.App-link {\n-  color: #61dafb;\n-}\n-\n-@keyframes App-logo-spin {\n-  from {\n-    transform: rotate(0deg);\n-  }\n-  to {\n-    transform: rotate(360deg);\n-  }\n-}",
          "additionalProperties": {}
        },
        {
          "sha": "16ba241a4f70996f9432127ebf7746e8a502a55f",
          "filename": "src/App.js",
          "status": "modified",
          "additions": 39,
          "deletions": 23,
          "changes": 62,
          "blobUrl": "https://github.com/sparsh336/Covid-19Tracker/blob/facdc5384b04e845aa11e0030022c4375094e7a2/src%2FApp.js",
          "rawUrl": "https://github.com/sparsh336/Covid-19Tracker/raw/facdc5384b04e845aa11e0030022c4375094e7a2/src%2FApp.js",
          "contentsUrl": "https://api.github.com/repos/sparsh336/Covid-19Tracker/contents/src%2FApp.js?ref=facdc5384b04e845aa11e0030022c4375094e7a2",
          "patch": "@@ -1,25 +1,41 @@\n-import logo from './logo.svg';\n-import './App.css';\n-\n-function App() {\n-  return (\n-    <div className=\"App\">\n-      <header className=\"App-header\">\n-        <img src={logo} className=\"App-logo\" alt=\"logo\" />\n-        <p>\n-          Edit <code>src/App.js</code> and save to reload.\n-        </p>\n-        <a\n-          className=\"App-link\"\n-          href=\"https://reactjs.org\"\n-          target=\"_blank\"\n-          rel=\"noopener noreferrer\"\n-        >\n-          Learn React\n-        </a>\n-      </header>\n-    </div>\n-  );\n+import React from 'react';\n+\n+import { Cards, CountryPicker, Chart } from './components';\n+import { fetchData } from './api/';\n+import styles from './App.module.css';\n+\n+import image from './images/image.png';\n+\n+class App extends React.Component {\n+  state = {\n+    data: {},\n+    country: '',\n+  }\n+\n+  async componentDidMount() {\n+    const data = await fetchData();\n+\n+    this.setState({ data });\n+  }\n+\n+  handleCountryChange = async (country) => {\n+    const data = await fetchData(country);\n+\n+    this.setState({ data, country: country });\n+  }\n+\n+  render() {\n+    const { data, country } = this.state;\n+\n+    return (\n+      <div className={styles.container}>\n+        <img className={styles.image} src={image} alt=\"COVID-19\" />\n+        <Cards data={data} />\n+        <CountryPicker handleCountryChange={this.handleCountryChange} />\n+        <Chart data={data} country={country} /> \n+      </div>\n+    );\n+  }\n }\n \n-export default App;\n+export default App;\n\\ No newline at end of file",
          "additionalProperties": {}
        },
        {
          "sha": "24ae9a080f9c6ca0965f434e2ae63b673cd8da26",
          "filename": "src/App.module.css",
          "status": "added",
          "additions": 24,
          "deletions": 0,
          "changes": 24,
          "blobUrl": "https://github.com/sparsh336/Covid-19Tracker/blob/facdc5384b04e845aa11e0030022c4375094e7a2/src%2FApp.module.css",
          "rawUrl": "https://github.com/sparsh336/Covid-19Tracker/raw/facdc5384b04e845aa11e0030022c4375094e7a2/src%2FApp.module.css",
          "contentsUrl": "https://api.github.com/repos/sparsh336/Covid-19Tracker/contents/src%2FApp.module.css?ref=facdc5384b04e845aa11e0030022c4375094e7a2",
          "patch": "@@ -0,0 +1,24 @@\n+body {\n+  background-color: rgb(250, 250,250);\n+}\n+\n+.container {\n+  display: flex;\n+  align-items: center;\n+  flex-direction: column;\n+}\n+\n+.image {\n+  width: 370px;\n+  margin-top: 50px;\n+}\n+\n+@media only screen and (max-width: 770px) {\n+  .container {\n+    margin: 0 10%;\n+  }\n+\n+  .image {\n+    width: 100%;\n+  }\n+}",
          "additionalProperties": {}
        },
        {
          "sha": "1f03afeece5ac28064fa3c73a29215037465f789",
          "filename": "src/App.test.js",
          "status": "removed",
          "additions": 0,
          "deletions": 8,
          "changes": 8,
          "blobUrl": "https://github.com/sparsh336/Covid-19Tracker/blob/eaaf2f035901387598c54ba522d4f4c9201866b7/src%2FApp.test.js",
          "rawUrl": "https://github.com/sparsh336/Covid-19Tracker/raw/eaaf2f035901387598c54ba522d4f4c9201866b7/src%2FApp.test.js",
          "contentsUrl": "https://api.github.com/repos/sparsh336/Covid-19Tracker/contents/src%2FApp.test.js?ref=eaaf2f035901387598c54ba522d4f4c9201866b7",
          "patch": "@@ -1,8 +0,0 @@\n-import { render, screen } from '@testing-library/react';\n-import App from './App';\n-\n-test('renders learn react link', () => {\n-  render(<App />);\n-  const linkElement = screen.getByText(/learn react/i);\n-  expect(linkElement).toBeInTheDocument();\n-});",
          "additionalProperties": {}
        },
        {
          "sha": "93b7054773bbe868deb143beb74405cc81dc294a",
          "filename": "src/api/index.js",
          "status": "added",
          "additions": 50,
          "deletions": 0,
          "changes": 50,
          "blobUrl": "https://github.com/sparsh336/Covid-19Tracker/blob/facdc5384b04e845aa11e0030022c4375094e7a2/src%2Fapi%2Findex.js",
          "rawUrl": "https://github.com/sparsh336/Covid-19Tracker/raw/facdc5384b04e845aa11e0030022c4375094e7a2/src%2Fapi%2Findex.js",
          "contentsUrl": "https://api.github.com/repos/sparsh336/Covid-19Tracker/contents/src%2Fapi%2Findex.js?ref=facdc5384b04e845aa11e0030022c4375094e7a2",
          "patch": "@@ -0,0 +1,50 @@\n+import axios from 'axios';\n+\n+const url = 'https://covid19.mathdro.id/api';\n+\n+export const fetchData = async (country) => {\n+  let changeableUrl = url;\n+\n+  if (country) {\n+    changeableUrl = `${url}/countries/${country}`;\n+  }\n+\n+  try {\n+    const { data: { confirmed, recovered, deaths, lastUpdate } } = await axios.get(changeableUrl);\n+\n+    return { confirmed, recovered, deaths, lastUpdate };\n+  } catch (error) {\n+    return error;\n+  }\n+};\n+\n+// export const fetchDailyData = async () => {\n+//   try {\n+//     const { data } = await axios.get(`${url}/daily`);\n+\n+//     return data.map(({ confirmed, deaths, reportDate: date }) => ({ confirmed: confirmed.total, deaths: deaths.total, date }));\n+//   } catch (error) {\n+//     return error;\n+//   }\n+// };\n+\n+// Instead of Global, it fetches the daily data for the US\n+export const fetchDailyData = async () => {\n+    try {\n+      const { data } = await axios.get('https://api.covidtracking.com/v1/us/daily.json');\n+  \n+      return data.map(({ positive, recovered, death, dateChecked: date }) => ({ confirmed: positive, recovered, deaths: death, date }));\n+    } catch (error) {\n+      return error;\n+    }\n+  };\n+\n+export const fetchCountries = async () => {\n+  try {\n+    const { data: { countries } } = await axios.get(`${url}/countries`);\n+\n+    return countries.map((country) => country.name);\n+  } catch (error) {\n+    return error;\n+  }\n+};",
          "additionalProperties": {}
        },
        {
          "sha": "0786e52146aa90d8b9d807b1bfb1eefcdab84042",
          "filename": "src/components/Cards/Card/Card.jsx",
          "status": "added",
          "additions": 27,
          "deletions": 0,
          "changes": 27,
          "blobUrl": "https://github.com/sparsh336/Covid-19Tracker/blob/facdc5384b04e845aa11e0030022c4375094e7a2/src%2Fcomponents%2FCards%2FCard%2FCard.jsx",
          "rawUrl": "https://github.com/sparsh336/Covid-19Tracker/raw/facdc5384b04e845aa11e0030022c4375094e7a2/src%2Fcomponents%2FCards%2FCard%2FCard.jsx",
          "contentsUrl": "https://api.github.com/repos/sparsh336/Covid-19Tracker/contents/src%2Fcomponents%2FCards%2FCard%2FCard.jsx?ref=facdc5384b04e845aa11e0030022c4375094e7a2",
          "patch": "@@ -0,0 +1,27 @@\n+import React from 'react';\n+import { Card, CardContent, Typography, Grid } from '@material-ui/core';\n+import CountUp from 'react-countup';\n+import cx from 'classnames';\n+\n+import styles from './Card.module.css';\n+\n+const CardComponent = ({ className, cardTitle, value, lastUpdate, cardSubtitle }) => (\n+  <Grid item xs={12} md={3} component={Card} className={cx(styles.card, className)}>\n+    <CardContent>\n+      <Typography color=\"textSecondary\" gutterBottom>\n+        {cardTitle}\n+      </Typography>\n+      <Typography variant=\"h5\" component=\"h2\">\n+        <CountUp start={0} end={value} duration={2.75} separator=\",\" />\n+      </Typography>\n+      <Typography color=\"textSecondary\">\n+        {new Date(lastUpdate).toDateString()}\n+      </Typography>\n+      <Typography variant=\"body2\" component=\"p\">\n+        {cardSubtitle}\n+      </Typography>\n+    </CardContent>\n+  </Grid>\n+);\n+\n+export default CardComponent;",
          "additionalProperties": {}
        },
        {
          "sha": "c3c3d44b954a425ee80771ae9ee7da404d955a53",
          "filename": "src/components/Cards/Card/Card.module.css",
          "status": "added",
          "additions": 8,
          "deletions": 0,
          "changes": 8,
          "blobUrl": "https://github.com/sparsh336/Covid-19Tracker/blob/facdc5384b04e845aa11e0030022c4375094e7a2/src%2Fcomponents%2FCards%2FCard%2FCard.module.css",
          "rawUrl": "https://github.com/sparsh336/Covid-19Tracker/raw/facdc5384b04e845aa11e0030022c4375094e7a2/src%2Fcomponents%2FCards%2FCard%2FCard.module.css",
          "contentsUrl": "https://api.github.com/repos/sparsh336/Covid-19Tracker/contents/src%2Fcomponents%2FCards%2FCard%2FCard.module.css?ref=facdc5384b04e845aa11e0030022c4375094e7a2",
          "patch": "@@ -0,0 +1,8 @@\n+.card {\n+  margin: 0 2% !important;\n+}\n+@media only screen and (max-width: 770px) {\n+  .card {\n+    margin: 2% 0 !important;\n+  }\n+}\n\\ No newline at end of file",
          "additionalProperties": {}
        },
        {
          "sha": "6edb2d9351c0b01c9e479705bb2c1c372170e6c4",
          "filename": "src/components/Cards/Cards.jsx",
          "status": "added",
          "additions": 41,
          "deletions": 0,
          "changes": 41,
          "blobUrl": "https://github.com/sparsh336/Covid-19Tracker/blob/facdc5384b04e845aa11e0030022c4375094e7a2/src%2Fcomponents%2FCards%2FCards.jsx",
          "rawUrl": "https://github.com/sparsh336/Covid-19Tracker/raw/facdc5384b04e845aa11e0030022c4375094e7a2/src%2Fcomponents%2FCards%2FCards.jsx",
          "contentsUrl": "https://api.github.com/repos/sparsh336/Covid-19Tracker/contents/src%2Fcomponents%2FCards%2FCards.jsx?ref=facdc5384b04e845aa11e0030022c4375094e7a2",
          "patch": "@@ -0,0 +1,41 @@\n+import React from 'react';\n+import { Typography, Grid } from '@material-ui/core';\n+import CardComponent from './Card/Card';\n+import styles from './Cards.module.css';\n+\n+const Info = ({ data: { confirmed, recovered, deaths, lastUpdate } }) => {\n+  if (!confirmed) {\n+    return 'Loading...';\n+  }\n+\n+  return (\n+    <div className={styles.container}>\n+        <Typography gutterBottom variant=\"h4\" component=\"h2\">Global</Typography>\n+      <Grid container spacing={3} justify=\"center\">\n+        <CardComponent\n+          className={styles.infected}\n+          cardTitle=\"Infected\"\n+          value={confirmed.value}\n+          lastUpdate={lastUpdate}\n+          cardSubtitle=\"Number of active cases from COVID-19.\"\n+        />\n+        <CardComponent\n+          className={styles.recovered}\n+          cardTitle=\"Recovered\"\n+          value={recovered.value}\n+          lastUpdate={lastUpdate}\n+          cardSubtitle=\"Number of recoveries from COVID-19.\"\n+        />\n+        <CardComponent\n+          className={styles.deaths}\n+          cardTitle=\"Deaths\"\n+          value={deaths.value}\n+          lastUpdate={lastUpdate}\n+          cardSubtitle=\"Number of deaths caused by COVID-19.\"\n+        />\n+      </Grid>\n+    </div>\n+  );\n+};\n+\n+export default Info;",
          "additionalProperties": {}
        },
        {
          "sha": "7c94a646a7a3356571a8e294bb80fbaf72a782e4",
          "filename": "src/components/Cards/Cards.module.css",
          "status": "added",
          "additions": 18,
          "deletions": 0,
          "changes": 18,
          "blobUrl": "https://github.com/sparsh336/Covid-19Tracker/blob/facdc5384b04e845aa11e0030022c4375094e7a2/src%2Fcomponents%2FCards%2FCards.module.css",
          "rawUrl": "https://github.com/sparsh336/Covid-19Tracker/raw/facdc5384b04e845aa11e0030022c4375094e7a2/src%2Fcomponents%2FCards%2FCards.module.css",
          "contentsUrl": "https://api.github.com/repos/sparsh336/Covid-19Tracker/contents/src%2Fcomponents%2FCards%2FCards.module.css?ref=facdc5384b04e845aa11e0030022c4375094e7a2",
          "patch": "@@ -0,0 +1,18 @@\n+.container {\n+  display: flex;\n+  flex-direction: column;\n+  align-items: center;\n+  margin: 50px 0;\n+}\n+\n+.infected {\n+  border-bottom: 10px solid rgba(0, 0, 255, 0.5);\n+}\n+\n+.recovered{\n+  border-bottom: 10px solid rgba(0, 255, 0, 0.5);\n+}\n+\n+.deaths{\n+  border-bottom: 10px solid rgba(255, 0, 0, 0.5);\n+}",
          "additionalProperties": {}
        },
        {
          "sha": "0980afc6b2c0056771534d6613cc6f9f14aac2e8",
          "filename": "src/components/Chart/Chart.jsx",
          "status": "added",
          "additions": 78,
          "deletions": 0,
          "changes": 78,
          "blobUrl": "https://github.com/sparsh336/Covid-19Tracker/blob/facdc5384b04e845aa11e0030022c4375094e7a2/src%2Fcomponents%2FChart%2FChart.jsx",
          "rawUrl": "https://github.com/sparsh336/Covid-19Tracker/raw/facdc5384b04e845aa11e0030022c4375094e7a2/src%2Fcomponents%2FChart%2FChart.jsx",
          "contentsUrl": "https://api.github.com/repos/sparsh336/Covid-19Tracker/contents/src%2Fcomponents%2FChart%2FChart.jsx?ref=facdc5384b04e845aa11e0030022c4375094e7a2",
          "patch": "@@ -0,0 +1,78 @@\n+import React, { useState, useEffect } from 'react';\n+import { Line, Bar } from 'react-chartjs-2';\n+\n+import { fetchDailyData } from '../../api';\n+\n+import styles from './Chart.module.css';\n+\n+const Chart = ({ data: { confirmed, recovered, deaths }, country }) => {\n+  const [dailyData, setDailyData] = useState({});\n+\n+  useEffect(() => {\n+    const fetchMyAPI = async () => {\n+      const initialDailyData = await fetchDailyData();\n+\n+      setDailyData(initialDailyData);\n+    };\n+\n+    fetchMyAPI();\n+  }, []);\n+\n+  const barChart = (\n+    confirmed ? (\n+      <Bar\n+        data={{\n+          labels: ['Infected', 'Recovered', 'Deaths'],\n+          datasets: [\n+            {\n+              label: 'People',\n+              backgroundColor: ['rgba(0, 0, 255, 0.5)', 'rgba(0, 255, 0, 0.5)', 'rgba(255, 0, 0, 0.5)'],\n+              data: [confirmed.value, recovered.value, deaths.value],\n+            },\n+          ],\n+        }}\n+        options={{\n+          legend: { display: false },\n+          title: { display: true, text: `Current state in ${country}` },\n+        }}\n+      />\n+    ) : null\n+  );\n+\n+  const lineChart = (\n+    dailyData[0] ? (\n+      <Line\n+        data={{\n+          labels: dailyData.map(({ date }) => new Date(date).toLocaleDateString()),\n+          datasets: [{\n+            data: dailyData.map((data) => data.confirmed),\n+            label: 'Infected',\n+            borderColor: '#3333ff',\n+            fill: true,\n+          }, {\n+            data: dailyData.map((data) => data.deaths),\n+            label: 'Deaths',\n+            borderColor: 'red',\n+            backgroundColor: 'rgba(255, 0, 0, 0.5)',\n+            fill: true,\n+          },  {\n+            data: dailyData.map((data) => data.recovered),\n+            label: 'Recovered',\n+            borderColor: 'green',\n+            backgroundColor: 'rgba(0, 255, 0, 0.5)',\n+            fill: true,\n+          },\n+          ],\n+        }}\n+      />\n+    ) : null\n+  );\n+\n+  return (\n+    <div className={styles.container}>\n+      {country ? barChart : lineChart}\n+    </div>\n+  );\n+};\n+\n+export default Chart;",
          "additionalProperties": {}
        },
        {
          "sha": "1ab3f0f949770285f6b82c55dce07b1efcd475c2",
          "filename": "src/components/Chart/Chart.module.css",
          "status": "added",
          "additions": 11,
          "deletions": 0,
          "changes": 11,
          "blobUrl": "https://github.com/sparsh336/Covid-19Tracker/blob/facdc5384b04e845aa11e0030022c4375094e7a2/src%2Fcomponents%2FChart%2FChart.module.css",
          "rawUrl": "https://github.com/sparsh336/Covid-19Tracker/raw/facdc5384b04e845aa11e0030022c4375094e7a2/src%2Fcomponents%2FChart%2FChart.module.css",
          "contentsUrl": "https://api.github.com/repos/sparsh336/Covid-19Tracker/contents/src%2Fcomponents%2FChart%2FChart.module.css?ref=facdc5384b04e845aa11e0030022c4375094e7a2",
          "patch": "@@ -0,0 +1,11 @@\n+.container {\n+  display: flex;\n+  justify-content: center;\n+  width: 65%;\n+}\n+\n+@media only screen and (max-width: 770px) {\n+  .container {\n+    width: 100%;\n+  }\n+}\n\\ No newline at end of file",
          "additionalProperties": {}
        },
        {
          "sha": "bd0930700d026c010f00f4e7ea4c98598bc475f4",
          "filename": "src/components/CountryPicker/CountryPicker.jsx",
          "status": "added",
          "additions": 29,
          "deletions": 0,
          "changes": 29,
          "blobUrl": "https://github.com/sparsh336/Covid-19Tracker/blob/facdc5384b04e845aa11e0030022c4375094e7a2/src%2Fcomponents%2FCountryPicker%2FCountryPicker.jsx",
          "rawUrl": "https://github.com/sparsh336/Covid-19Tracker/raw/facdc5384b04e845aa11e0030022c4375094e7a2/src%2Fcomponents%2FCountryPicker%2FCountryPicker.jsx",
          "contentsUrl": "https://api.github.com/repos/sparsh336/Covid-19Tracker/contents/src%2Fcomponents%2FCountryPicker%2FCountryPicker.jsx?ref=facdc5384b04e845aa11e0030022c4375094e7a2",
          "patch": "@@ -0,0 +1,29 @@\n+import React, { useState, useEffect } from 'react';\n+import { NativeSelect, FormControl } from '@material-ui/core';\n+\n+import { fetchCountries } from '../../api';\n+\n+import styles from './CountryPicker.module.css';\n+\n+const Countries = ({ handleCountryChange }) => {\n+  const [countries, setCountries] = useState([]);\n+\n+  useEffect(() => {\n+    const fetchAPI = async () => {\n+      setCountries(await fetchCountries());\n+    };\n+\n+    fetchAPI();\n+  }, []);\n+\n+  return (\n+    <FormControl className={styles.formControl}>\n+      <NativeSelect defaultValue=\"\" onChange={(e) => handleCountryChange(e.target.value)}>\n+        <option value=\"\">United States</option>\n+        {countries.map((country, i) => <option key={i} value={country}>{country}</option>)}\n+      </NativeSelect>\n+    </FormControl>\n+  );\n+};\n+\n+export default Countries;",
          "additionalProperties": {}
        },
        {
          "sha": "c36cc3ba837e44d5f635c0460e5e94447c197840",
          "filename": "src/components/CountryPicker/CountryPicker.module.css",
          "status": "added",
          "additions": 4,
          "deletions": 0,
          "changes": 4,
          "blobUrl": "https://github.com/sparsh336/Covid-19Tracker/blob/facdc5384b04e845aa11e0030022c4375094e7a2/src%2Fcomponents%2FCountryPicker%2FCountryPicker.module.css",
          "rawUrl": "https://github.com/sparsh336/Covid-19Tracker/raw/facdc5384b04e845aa11e0030022c4375094e7a2/src%2Fcomponents%2FCountryPicker%2FCountryPicker.module.css",
          "contentsUrl": "https://api.github.com/repos/sparsh336/Covid-19Tracker/contents/src%2Fcomponents%2FCountryPicker%2FCountryPicker.module.css?ref=facdc5384b04e845aa11e0030022c4375094e7a2",
          "patch": "@@ -0,0 +1,4 @@\n+.formControl {\n+  width: 30%;\n+  margin-bottom: 30px !important;\n+}\n\\ No newline at end of file",
          "additionalProperties": {}
        },
        {
          "sha": "7dd12c3d8bbabfdc34b52fc1c574f5c26602028f",
          "filename": "src/components/index.js",
          "status": "added",
          "additions": 3,
          "deletions": 0,
          "changes": 3,
          "blobUrl": "https://github.com/sparsh336/Covid-19Tracker/blob/facdc5384b04e845aa11e0030022c4375094e7a2/src%2Fcomponents%2Findex.js",
          "rawUrl": "https://github.com/sparsh336/Covid-19Tracker/raw/facdc5384b04e845aa11e0030022c4375094e7a2/src%2Fcomponents%2Findex.js",
          "contentsUrl": "https://api.github.com/repos/sparsh336/Covid-19Tracker/contents/src%2Fcomponents%2Findex.js?ref=facdc5384b04e845aa11e0030022c4375094e7a2",
          "patch": "@@ -0,0 +1,3 @@\n+export { default as Chart } from './Chart/Chart';\n+export { default as CountryPicker } from './CountryPicker/CountryPicker';\n+export { default as Cards } from './Cards/Cards';",
          "additionalProperties": {}
        },
        {
          "sha": "32bbfe3e3c45ac7b99ec7b93324a486b9d05719d",
          "filename": "src/images/image.png",
          "status": "added",
          "additions": 0,
          "deletions": 0,
          "changes": 0,
          "blobUrl": "https://github.com/sparsh336/Covid-19Tracker/blob/facdc5384b04e845aa11e0030022c4375094e7a2/src%2Fimages%2Fimage.png",
          "rawUrl": "https://github.com/sparsh336/Covid-19Tracker/raw/facdc5384b04e845aa11e0030022c4375094e7a2/src%2Fimages%2Fimage.png",
          "contentsUrl": "https://api.github.com/repos/sparsh336/Covid-19Tracker/contents/src%2Fimages%2Fimage.png?ref=facdc5384b04e845aa11e0030022c4375094e7a2",
          "additionalProperties": {}
        },
        {
          "sha": "ec2585e8c0bb8188184ed1e0703c4c8f2a8419b0",
          "filename": "src/index.css",
          "status": "removed",
          "additions": 0,
          "deletions": 13,
          "changes": 13,
          "blobUrl": "https://github.com/sparsh336/Covid-19Tracker/blob/eaaf2f035901387598c54ba522d4f4c9201866b7/src%2Findex.css",
          "rawUrl": "https://github.com/sparsh336/Covid-19Tracker/raw/eaaf2f035901387598c54ba522d4f4c9201866b7/src%2Findex.css",
          "contentsUrl": "https://api.github.com/repos/sparsh336/Covid-19Tracker/contents/src%2Findex.css?ref=eaaf2f035901387598c54ba522d4f4c9201866b7",
          "patch": "@@ -1,13 +0,0 @@\n-body {\n-  margin: 0;\n-  font-family: -apple-system, BlinkMacSystemFont, 'Segoe UI', 'Roboto', 'Oxygen',\n-    'Ubuntu', 'Cantarell', 'Fira Sans', 'Droid Sans', 'Helvetica Neue',\n-    sans-serif;\n-  -webkit-font-smoothing: antialiased;\n-  -moz-osx-font-smoothing: grayscale;\n-}\n-\n-code {\n-  font-family: source-code-pro, Menlo, Monaco, Consolas, 'Courier New',\n-    monospace;\n-}",
          "additionalProperties": {}
        },
        {
          "sha": "ae31e413472730fbe0b765b3f97c5d2f0569d5e1",
          "filename": "src/index.js",
          "status": "modified",
          "additions": 2,
          "deletions": 13,
          "changes": 15,
          "blobUrl": "https://github.com/sparsh336/Covid-19Tracker/blob/facdc5384b04e845aa11e0030022c4375094e7a2/src%2Findex.js",
          "rawUrl": "https://github.com/sparsh336/Covid-19Tracker/raw/facdc5384b04e845aa11e0030022c4375094e7a2/src%2Findex.js",
          "contentsUrl": "https://api.github.com/repos/sparsh336/Covid-19Tracker/contents/src%2Findex.js?ref=facdc5384b04e845aa11e0030022c4375094e7a2",
          "patch": "@@ -1,17 +1,6 @@\n import React from 'react';\n import ReactDOM from 'react-dom';\n-import './index.css';\n-import App from './App';\n-import reportWebVitals from './reportWebVitals';\n \n-ReactDOM.render(\n-  <React.StrictMode>\n-    <App />\n-  </React.StrictMode>,\n-  document.getElementById('root')\n-);\n+import App from './App';\n \n-// If you want to start measuring performance in your app, pass a function\n-// to log results (for example: reportWebVitals(console.log))\n-// or send to an analytics endpoint. Learn more: https://bit.ly/CRA-vitals\n-reportWebVitals();\n+ReactDOM.render(<App />, document.getElementById('root'));",
          "additionalProperties": {}
        },
        {
          "sha": "9dfc1c058cebbef8b891c5062be6f31033d7d186",
          "filename": "src/logo.svg",
          "status": "removed",
          "additions": 0,
          "deletions": 1,
          "changes": 1,
          "blobUrl": "https://github.com/sparsh336/Covid-19Tracker/blob/eaaf2f035901387598c54ba522d4f4c9201866b7/src%2Flogo.svg",
          "rawUrl": "https://github.com/sparsh336/Covid-19Tracker/raw/eaaf2f035901387598c54ba522d4f4c9201866b7/src%2Flogo.svg",
          "contentsUrl": "https://api.github.com/repos/sparsh336/Covid-19Tracker/contents/src%2Flogo.svg?ref=eaaf2f035901387598c54ba522d4f4c9201866b7",
          "patch": "@@ -1 +0,0 @@\n-<svg xmlns=\"http://www.w3.org/2000/svg\" viewBox=\"0 0 841.9 595.3\"><g fill=\"#61DAFB\"><path d=\"M666.3 296.5c0-32.5-40.7-63.3-103.1-82.4 14.4-63.6 8-114.2-20.2-130.4-6.5-3.8-14.1-5.6-22.4-5.6v22.3c4.6 0 8.3.9 11.4 2.6 13.6 7.8 19.5 37.5 14.9 75.7-1.1 9.4-2.9 19.3-5.1 29.4-19.6-4.8-41-8.5-63.5-10.9-13.5-18.5-27.5-35.3-41.6-50 32.6-30.3 63.2-46.9 84-46.9V78c-27.5 0-63.5 19.6-99.9 53.6-36.4-33.8-72.4-53.2-99.9-53.2v22.3c20.7 0 51.4 16.5 84 46.6-14 14.7-28 31.4-41.3 49.9-22.6 2.4-44 6.1-63.6 11-2.3-10-4-19.7-5.2-29-4.7-38.2 1.1-67.9 14.6-75.8 3-1.8 6.9-2.6 11.5-2.6V78.5c-8.4 0-16 1.8-22.6 5.6-28.1 16.2-34.4 66.7-19.9 130.1-62.2 19.2-102.7 49.9-102.7 82.3 0 32.5 40.7 63.3 103.1 82.4-14.4 63.6-8 114.2 20.2 130.4 6.5 3.8 14.1 5.6 22.5 5.6 27.5 0 63.5-19.6 99.9-53.6 36.4 33.8 72.4 53.2 99.9 53.2 8.4 0 16-1.8 22.6-5.6 28.1-16.2 34.4-66.7 19.9-130.1 62-19.1 102.5-49.9 102.5-82.3zm-130.2-66.7c-3.7 12.9-8.3 26.2-13.5 39.5-4.1-8-8.4-16-13.1-24-4.6-8-9.5-15.8-14.4-23.4 14.2 2.1 27.9 4.7 41 7.9zm-45.8 106.5c-7.8 13.5-15.8 26.3-24.1 38.2-14.9 1.3-30 2-45.2 2-15.1 0-30.2-.7-45-1.9-8.3-11.9-16.4-24.6-24.2-38-7.6-13.1-14.5-26.4-20.8-39.8 6.2-13.4 13.2-26.8 20.7-39.9 7.8-13.5 15.8-26.3 24.1-38.2 14.9-1.3 30-2 45.2-2 15.1 0 30.2.7 45 1.9 8.3 11.9 16.4 24.6 24.2 38 7.6 13.1 14.5 26.4 20.8 39.8-6.3 13.4-13.2 26.8-20.7 39.9zm32.3-13c5.4 13.4 10 26.8 13.8 39.8-13.1 3.2-26.9 5.9-41.2 8 4.9-7.7 9.8-15.6 14.4-23.7 4.6-8 8.9-16.1 13-24.1zM421.2 430c-9.3-9.6-18.6-20.3-27.8-32 9 .4 18.2.7 27.5.7 9.4 0 18.7-.2 27.8-.7-9 11.7-18.3 22.4-27.5 32zm-74.4-58.9c-14.2-2.1-27.9-4.7-41-7.9 3.7-12.9 8.3-26.2 13.5-39.5 4.1 8 8.4 16 13.1 24 4.7 8 9.5 15.8 14.4 23.4zM420.7 163c9.3 9.6 18.6 20.3 27.8 32-9-.4-18.2-.7-27.5-.7-9.4 0-18.7.2-27.8.7 9-11.7 18.3-22.4 27.5-32zm-74 58.9c-4.9 7.7-9.8 15.6-14.4 23.7-4.6 8-8.9 16-13 24-5.4-13.4-10-26.8-13.8-39.8 13.1-3.1 26.9-5.8 41.2-7.9zm-90.5 125.2c-35.4-15.1-58.3-34.9-58.3-50.6 0-15.7 22.9-35.6 58.3-50.6 8.6-3.7 18-7 27.7-10.1 5.7 19.6 13.2 40 22.5 60.9-9.2 20.8-16.6 41.1-22.2 60.6-9.9-3.1-19.3-6.5-28-10.2zM310 490c-13.6-7.8-19.5-37.5-14.9-75.7 1.1-9.4 2.9-19.3 5.1-29.4 19.6 4.8 41 8.5 63.5 10.9 13.5 18.5 27.5 35.3 41.6 50-32.6 30.3-63.2 46.9-84 46.9-4.5-.1-8.3-1-11.3-2.7zm237.2-76.2c4.7 38.2-1.1 67.9-14.6 75.8-3 1.8-6.9 2.6-11.5 2.6-20.7 0-51.4-16.5-84-46.6 14-14.7 28-31.4 41.3-49.9 22.6-2.4 44-6.1 63.6-11 2.3 10.1 4.1 19.8 5.2 29.1zm38.5-66.7c-8.6 3.7-18 7-27.7 10.1-5.7-19.6-13.2-40-22.5-60.9 9.2-20.8 16.6-41.1 22.2-60.6 9.9 3.1 19.3 6.5 28.1 10.2 35.4 15.1 58.3 34.9 58.3 50.6-.1 15.7-23 35.6-58.4 50.6zM320.8 78.4z\"/><circle cx=\"420.9\" cy=\"296.5\" r=\"45.7\"/><path d=\"M520.5 78.1z\"/></g></svg>\n\\ No newline at end of file",
          "additionalProperties": {}
        }
      ],
      "additionalProperties": {}
    }
  ],
  "pullRequests": [],
  "additionalProperties": {
    "allow_forking": true,
    "is_template": false,
    "visibility": "public",
    "topics": [],
    "web_commit_signoff_required": false,
    "has_discussions": false
  },
  "_class": "com.cognizant.dashboard.collectors.github.beans.repos.GitHubRepos"
},{
  "_id": {
    "$oid": "643668c4a90e6856194d2392"
  },
  "projectId": 401194981,
  "nodeId": "MDEwOlJlcG9zaXRvcnk0MDExOTQ5ODE=",
  "name": "Travelouge",
  "fullName": "sparsh336/Travelouge",
  "_private": false,
  "owner": {
    "_id": 42486391,
    "login": "sparsh336",
    "nodeId": "MDQ6VXNlcjQyNDg2Mzkx",
    "avatarUrl": "https://avatars.githubusercontent.com/u/42486391?v=4",
    "gravatarId": "",
    "url": "https://api.github.com/users/sparsh336",
    "htmlUrl": "https://github.com/sparsh336",
    "followersUrl": "https://api.github.com/users/sparsh336/followers",
    "followingUrl": "https://api.github.com/users/sparsh336/following{/other_user}",
    "gistsUrl": "https://api.github.com/users/sparsh336/gists{/gist_id}",
    "starredUrl": "https://api.github.com/users/sparsh336/starred{/owner}{/repo}",
    "subscriptionsUrl": "https://api.github.com/users/sparsh336/subscriptions",
    "organizationsUrl": "https://api.github.com/users/sparsh336/orgs",
    "reposUrl": "https://api.github.com/users/sparsh336/repos",
    "eventsUrl": "https://api.github.com/users/sparsh336/events{/privacy}",
    "receivedEventsUrl": "https://api.github.com/users/sparsh336/received_events",
    "type": "User",
    "siteAdmin": false,
    "additionalProperties": {}
  },
  "description": "A ful Stack web APP in which a user can search ,review,comment on an exisiting camground or can add a new campground",
  "fork": false,
  "url": "https://api.github.com/repos/sparsh336/Travelouge",
  "createdAt": "2021-08-30T02:39:55Z",
  "updatedAt": "2021-08-30T02:44:35Z",
  "pushedAt": "2021-08-30T02:44:32Z",
  "size": 112,
  "stargazersCount": 0,
  "watchersCount": 0,
  "language": "JavaScript",
  "hasIssues": true,
  "hasProjects": true,
  "hasDownloads": true,
  "hasWiki": true,
  "hasPages": false,
  "forksCount": 0,
  "disabled": false,
  "openIssuesCount": 0,
  "forks": 0,
  "openIssues": 0,
  "watchers": 0,
  "defaultBranch": "master",
  "commitsList": [
    {
      "sha": "3c51821196239e1b61ea0db6aa352ec87734dc1a",
      "nodeId": "MDY6Q29tbWl0NDAxMTk0OTgxOjNjNTE4MjExOTYyMzllMWI2MWVhMGRiNmFhMzUyZWM4NzczNGRjMWE=",
      "commit": {
        "author": {
          "name": "Sparsh",
          "email": "sparshs336@gmail.com",
          "date": "2021-08-30T02:36:38Z",
          "additionalProperties": {}
        },
        "committer": {
          "name": "Sparsh",
          "email": "sparshs336@gmail.com",
          "date": {
            "$date": "2021-08-30T02:36:38.000Z"
          },
          "additionalProperties": {}
        },
        "message": "ready",
        "tree": {
          "sha": "e2d3214858afcf0e0db3f80d89f1b6ecb1e73c16",
          "url": "https://api.github.com/repos/sparsh336/Travelouge/git/trees/e2d3214858afcf0e0db3f80d89f1b6ecb1e73c16",
          "additionalProperties": {}
        },
        "url": "https://api.github.com/repos/sparsh336/Travelouge/git/commits/3c51821196239e1b61ea0db6aa352ec87734dc1a",
        "commentCount": 0,
        "verification": {
          "verified": false,
          "reason": "unsigned",
          "additionalProperties": {}
        },
        "additionalProperties": {}
      },
      "url": "https://api.github.com/repos/sparsh336/Travelouge/commits/3c51821196239e1b61ea0db6aa352ec87734dc1a",
      "htmlUrl": "https://github.com/sparsh336/Travelouge/commit/3c51821196239e1b61ea0db6aa352ec87734dc1a",
      "commentsUrl": "https://api.github.com/repos/sparsh336/Travelouge/commits/3c51821196239e1b61ea0db6aa352ec87734dc1a/comments",
      "author": {
        "_id": "42486391",
        "login": "sparsh336",
        "nodeId": "MDQ6VXNlcjQyNDg2Mzkx",
        "avatarUrl": "https://avatars.githubusercontent.com/u/42486391?v=4",
        "gravatarId": "",
        "url": "https://api.github.com/users/sparsh336",
        "htmlUrl": "https://github.com/sparsh336",
        "followersUrl": "https://api.github.com/users/sparsh336/followers",
        "followingUrl": "https://api.github.com/users/sparsh336/following{/other_user}",
        "gistsUrl": "https://api.github.com/users/sparsh336/gists{/gist_id}",
        "starredUrl": "https://api.github.com/users/sparsh336/starred{/owner}{/repo}",
        "subscriptionsUrl": "https://api.github.com/users/sparsh336/subscriptions",
        "organizationsUrl": "https://api.github.com/users/sparsh336/orgs",
        "reposUrl": "https://api.github.com/users/sparsh336/repos",
        "eventsUrl": "https://api.github.com/users/sparsh336/events{/privacy}",
        "receivedEventsUrl": "https://api.github.com/users/sparsh336/received_events",
        "type": "User",
        "siteAdmin": false,
        "additionalProperties": {}
      },
      "committer": {
        "_id": "42486391",
        "login": "sparsh336",
        "nodeId": "MDQ6VXNlcjQyNDg2Mzkx",
        "avatarUrl": "https://avatars.githubusercontent.com/u/42486391?v=4",
        "gravatarId": "",
        "url": "https://api.github.com/users/sparsh336",
        "htmlUrl": "https://github.com/sparsh336",
        "followersUrl": "https://api.github.com/users/sparsh336/followers",
        "followingUrl": "https://api.github.com/users/sparsh336/following{/other_user}",
        "gistsUrl": "https://api.github.com/users/sparsh336/gists{/gist_id}",
        "starredUrl": "https://api.github.com/users/sparsh336/starred{/owner}{/repo}",
        "subscriptionsUrl": "https://api.github.com/users/sparsh336/subscriptions",
        "organizationsUrl": "https://api.github.com/users/sparsh336/orgs",
        "reposUrl": "https://api.github.com/users/sparsh336/repos",
        "eventsUrl": "https://api.github.com/users/sparsh336/events{/privacy}",
        "receivedEventsUrl": "https://api.github.com/users/sparsh336/received_events",
        "type": "User",
        "siteAdmin": false,
        "additionalProperties": {}
      },
      "parents": [
        {
          "sha": "775554db73d8e4f29d057a51b030753089f2e99e",
          "url": "https://api.github.com/repos/sparsh336/Travelouge/commits/775554db73d8e4f29d057a51b030753089f2e99e",
          "html_url": "https://github.com/sparsh336/Travelouge/commit/775554db73d8e4f29d057a51b030753089f2e99e"
        }
      ],
      "stats": {
        "total": 81,
        "additions": 80,
        "deletions": 1,
        "additionalProperties": {}
      },
      "files": [
        {
          "sha": "1f408c85747bc63b0cbbf4c4aa3190a31446e040",
          "filename": "package-lock.json",
          "status": "modified",
          "additions": 78,
          "deletions": 0,
          "changes": 78,
          "blobUrl": "https://github.com/sparsh336/Travelouge/blob/3c51821196239e1b61ea0db6aa352ec87734dc1a/package-lock.json",
          "rawUrl": "https://github.com/sparsh336/Travelouge/raw/3c51821196239e1b61ea0db6aa352ec87734dc1a/package-lock.json",
          "contentsUrl": "https://api.github.com/repos/sparsh336/Travelouge/contents/package-lock.json?ref=3c51821196239e1b61ea0db6aa352ec87734dc1a",
          "patch": "@@ -181,6 +181,17 @@\n       \"resolved\": \"https://registry.npmjs.org/arrify/-/arrify-1.0.1.tgz\",\n       \"integrity\": \"sha1-iYUI2iIm84DfkEcoRWhJwVAaSw0=\"\n     },\n+    \"asn1.js\": {\n+      \"version\": \"5.4.1\",\n+      \"resolved\": \"https://registry.npmjs.org/asn1.js/-/asn1.js-5.4.1.tgz\",\n+      \"integrity\": \"sha512-+I//4cYPccV8LdmBLiX8CYvf9Sp3vQsrqu2QNXRcrbiWvcx/UdlFiqUJJzxRQxgsZmvhXhn4cSKeSmoFjVdupA==\",\n+      \"requires\": {\n+        \"bn.js\": \"^4.0.0\",\n+        \"inherits\": \"^2.0.1\",\n+        \"minimalistic-assert\": \"^1.0.0\",\n+        \"safer-buffer\": \"^2.1.0\"\n+      }\n+    },\n     \"async\": {\n       \"version\": \"0.9.2\",\n       \"resolved\": \"https://registry.npmjs.org/async/-/async-0.9.2.tgz\",\n@@ -220,6 +231,11 @@\n       \"resolved\": \"https://registry.npmjs.org/bluebird/-/bluebird-3.5.1.tgz\",\n       \"integrity\": \"sha512-MKiLiV+I1AA596t9w1sQJ8jkiSr5+ZKi0WKrYGUn6d1Fx+Ij4tIj+m2WMQSGczs5jZVxV339chE8iwk6F64wjA==\"\n     },\n+    \"bn.js\": {\n+      \"version\": \"4.12.0\",\n+      \"resolved\": \"https://registry.npmjs.org/bn.js/-/bn.js-4.12.0.tgz\",\n+      \"integrity\": \"sha512-c98Bf3tPniI+scsdk237ku1Dc3ujXQTSgyiPUDEOe7tRkhrqridvh8klBv0HCEso1OLOYcHuCv/cS6DNxKH+ZA==\"\n+    },\n     \"body-parser\": {\n       \"version\": \"1.19.0\",\n       \"resolved\": \"https://registry.npmjs.org/body-parser/-/body-parser-1.19.0.tgz\",\n@@ -419,6 +435,55 @@\n       \"resolved\": \"https://registry.npmjs.org/connect-flash/-/connect-flash-0.1.1.tgz\",\n       \"integrity\": \"sha1-2GMPJtlaf4UfmVax6MxnMvO2qjA=\"\n     },\n+    \"connect-mongo\": {\n+      \"version\": \"4.5.0\",\n+      \"resolved\": \"https://registry.npmjs.org/connect-mongo/-/connect-mongo-4.5.0.tgz\",\n+      \"integrity\": \"sha512-Qd7+CLi3y32bW7PRJsF92OjP0r8aPlf17EJh+WrKTbIPYNrC40Oa4tRaamP/+grqIL76DztNj4dkcgihw/0+zw==\",\n+      \"requires\": {\n+        \"debug\": \"^4.3.1\",\n+        \"kruptein\": \"^3.0.0\",\n+        \"mongodb\": \"4.1.0\"\n+      },\n+      \"dependencies\": {\n+        \"bson\": {\n+          \"version\": \"4.4.1\",\n+          \"resolved\": \"https://registry.npmjs.org/bson/-/bson-4.4.1.tgz\",\n+          \"integrity\": \"sha512-Uu4OCZa0jouQJCKOk1EmmyqtdWAP5HVLru4lQxTwzJzxT+sJ13lVpEZU/MATDxtHiekWMAL84oQY3Xn1LpJVSg==\",\n+          \"requires\": {\n+            \"buffer\": \"^5.6.0\"\n+          }\n+        },\n+        \"debug\": {\n+          \"version\": \"4.3.2\",\n+          \"resolved\": \"https://registry.npmjs.org/debug/-/debug-4.3.2.tgz\",\n+          \"integrity\": \"sha512-mOp8wKcvj7XxC78zLgw/ZA+6TSgkoE2C/ienthhRD298T7UNwAg9diBpLRxC0mOezLl4B0xV7M0cCO6P/O0Xhw==\",\n+          \"requires\": {\n+            \"ms\": \"2.1.2\"\n+          }\n+        },\n+        \"denque\": {\n+          \"version\": \"1.5.1\",\n+          \"resolved\": \"https://registry.npmjs.org/denque/-/denque-1.5.1.tgz\",\n+          \"integrity\": \"sha512-XwE+iZ4D6ZUB7mfYRMb5wByE8L74HCn30FBN7sWnXksWc1LO1bPDl67pBR9o/kC4z/xSNAwkMYcGgqDV3BE3Hw==\"\n+        },\n+        \"mongodb\": {\n+          \"version\": \"4.1.0\",\n+          \"resolved\": \"https://registry.npmjs.org/mongodb/-/mongodb-4.1.0.tgz\",\n+          \"integrity\": \"sha512-Gx9U9MsFWgJ3E0v4oHAdWvYTGBznNYPCkhmD/3i/kPTY/URnPfHD5/6VoKUFrdgQTK3icFiM9976hVbqCRBO9Q==\",\n+          \"requires\": {\n+            \"bson\": \"^4.4.0\",\n+            \"denque\": \"^1.5.0\",\n+            \"mongodb-connection-string-url\": \"^1.0.1\",\n+            \"saslprep\": \"^1.0.0\"\n+          }\n+        },\n+        \"ms\": {\n+          \"version\": \"2.1.2\",\n+          \"resolved\": \"https://registry.npmjs.org/ms/-/ms-2.1.2.tgz\",\n+          \"integrity\": \"sha512-sGkPx+VjMtmA6MX27oA4FBFELFCZZ4S4XqeGOXCv68tT+jb3vk/RyaKWP0PTKyWtmLSM0b+adUTEvbs1PEaH2w==\"\n+        }\n+      }\n+    },\n     \"connect-mongodb-session\": {\n       \"version\": \"3.0.0\",\n       \"resolved\": \"https://registry.npmjs.org/connect-mongodb-session/-/connect-mongodb-session-3.0.0.tgz\",\n@@ -1134,6 +1199,14 @@\n       \"resolved\": \"https://registry.npmjs.org/klona/-/klona-2.0.4.tgz\",\n       \"integrity\": \"sha512-ZRbnvdg/NxqzC7L9Uyqzf4psi1OM4Cuc+sJAkQPjO6XkQIJTNbfK2Rsmbw8fx1p2mkZdp2FZYo2+LwXYY/uwIA==\"\n     },\n+    \"kruptein\": {\n+      \"version\": \"3.0.1\",\n+      \"resolved\": \"https://registry.npmjs.org/kruptein/-/kruptein-3.0.1.tgz\",\n+      \"integrity\": \"sha512-fOsChnWqVt8hRH0YyQyWwSvLhg9IESpSxCYxCfkpQOjuVlt1Mx1Y/6LCagkrr9zPdOSuwH8emmDbQWHSGOAOoQ==\",\n+      \"requires\": {\n+        \"asn1.js\": \"^5.4.1\"\n+      }\n+    },\n     \"lines-and-columns\": {\n       \"version\": \"1.1.6\",\n       \"resolved\": \"https://registry.npmjs.org/lines-and-columns/-/lines-and-columns-1.1.6.tgz\",\n@@ -1287,6 +1360,11 @@\n       \"resolved\": \"https://registry.npmjs.org/min-indent/-/min-indent-1.0.1.tgz\",\n       \"integrity\": \"sha512-I9jwMn07Sy/IwOj3zVkVik2JTvgpaykDZEigL6Rx6N9LbMywwUSMtxET+7lVoDLLd3O3IXwJwvuuns8UB/HeAg==\"\n     },\n+    \"minimalistic-assert\": {\n+      \"version\": \"1.0.1\",\n+      \"resolved\": \"https://registry.npmjs.org/minimalistic-assert/-/minimalistic-assert-1.0.1.tgz\",\n+      \"integrity\": \"sha512-UtJcAD4yEaGtjPezWuO9wC4nwUnVH/8/Im3yEHQP4b67cXlD/Qr9hdITCU1xDbSEXg2XKNaP8jsReV7vQd00/A==\"\n+    },\n     \"minimatch\": {\n       \"version\": \"3.0.4\",\n       \"resolved\": \"https://registry.npmjs.org/minimatch/-/minimatch-3.0.4.tgz\",",
          "additionalProperties": {}
        },
        {
          "sha": "5888b8e0223ca27524bda21e711f3e2aeadf21bf",
          "filename": "package.json",
          "status": "modified",
          "additions": 2,
          "deletions": 1,
          "changes": 3,
          "blobUrl": "https://github.com/sparsh336/Travelouge/blob/3c51821196239e1b61ea0db6aa352ec87734dc1a/package.json",
          "rawUrl": "https://github.com/sparsh336/Travelouge/raw/3c51821196239e1b61ea0db6aa352ec87734dc1a/package.json",
          "contentsUrl": "https://api.github.com/repos/sparsh336/Travelouge/contents/package.json?ref=3c51821196239e1b61ea0db6aa352ec87734dc1a",
          "patch": "@@ -7,6 +7,7 @@\n     \"@mapbox/mapbox-sdk\": \"^0.11.0\",\n     \"cloudinary\": \"^1.23.0\",\n     \"connect-flash\": \"^0.1.1\",\n+    \"connect-mongo\": \"^4.5.0\",\n     \"connect-mongodb-session\": \"^3.0.0\",\n     \"dotenv\": \"^8.2.0\",\n     \"ejs\": \"^3.1.5\",\n@@ -29,7 +30,7 @@\n   \"devDependencies\": {},\n   \"scripts\": {\n     \"test\": \"echo \\\"Error: no test specified\\\" && exit 1\",\n-    \"start\":\"node app.js\"\n+    \"start\": \"node app.js\"\n   },\n   \"author\": \"\",\n   \"license\": \"ISC\"",
          "additionalProperties": {}
        }
      ],
      "additionalProperties": {}
    }
  ],
  "pullRequests": [],
  "additionalProperties": {
    "allow_forking": true,
    "is_template": false,
    "visibility": "public",
    "topics": [],
    "web_commit_signoff_required": false,
    "has_discussions": false
  },
  "_class": "com.cognizant.dashboard.collectors.github.beans.repos.GitHubRepos"
},{
  "_id": {
    "$oid": "64366977a90e6856194d2393"
  },
  "projectId": 626820018,
  "nodeId": "R_kgDOJVyDsg",
  "name": "functions",
  "fullName": "sparsh336/functions",
  "_private": false,
  "owner": {
    "_id": 42486391,
    "login": "sparsh336",
    "nodeId": "MDQ6VXNlcjQyNDg2Mzkx",
    "avatarUrl": "https://avatars.githubusercontent.com/u/42486391?v=4",
    "gravatarId": "",
    "url": "https://api.github.com/users/sparsh336",
    "htmlUrl": "https://github.com/sparsh336",
    "followersUrl": "https://api.github.com/users/sparsh336/followers",
    "followingUrl": "https://api.github.com/users/sparsh336/following{/other_user}",
    "gistsUrl": "https://api.github.com/users/sparsh336/gists{/gist_id}",
    "starredUrl": "https://api.github.com/users/sparsh336/starred{/owner}{/repo}",
    "subscriptionsUrl": "https://api.github.com/users/sparsh336/subscriptions",
    "organizationsUrl": "https://api.github.com/users/sparsh336/orgs",
    "reposUrl": "https://api.github.com/users/sparsh336/repos",
    "eventsUrl": "https://api.github.com/users/sparsh336/events{/privacy}",
    "receivedEventsUrl": "https://api.github.com/users/sparsh336/received_events",
    "type": "User",
    "siteAdmin": false,
    "additionalProperties": {}
  },
  "fork": false,
  "url": "https://api.github.com/repos/sparsh336/functions",
  "createdAt": "2023-04-12T08:18:15Z",
  "updatedAt": "2023-04-12T08:18:15Z",
  "pushedAt": "2023-04-12T08:18:15Z",
  "size": 0,
  "stargazersCount": 0,
  "watchersCount": 0,
  "hasIssues": true,
  "hasProjects": true,
  "hasDownloads": true,
  "hasWiki": true,
  "hasPages": false,
  "forksCount": 0,
  "disabled": false,
  "openIssuesCount": 0,
  "forks": 0,
  "openIssues": 0,
  "watchers": 0,
  "defaultBranch": "main",
  "commitsList": [],
  "pullRequests": [],
  "additionalProperties": {
    "allow_forking": true,
    "is_template": false,
    "visibility": "public",
    "topics": [],
    "web_commit_signoff_required": false,
    "has_discussions": false
  },
  "_class": "com.cognizant.dashboard.collectors.github.beans.repos.GitHubRepos"
},{
  "_id": {
    "$oid": "64366a2ba90e6856194d2394"
  },
  "projectId": 626821423,
  "nodeId": "R_kgDOJVyJLw",
  "name": "bakery",
  "fullName": "sparsh336/bakery",
  "_private": false,
  "owner": {
    "_id": 42486391,
    "login": "sparsh336",
    "nodeId": "MDQ6VXNlcjQyNDg2Mzkx",
    "avatarUrl": "https://avatars.githubusercontent.com/u/42486391?v=4",
    "gravatarId": "",
    "url": "https://api.github.com/users/sparsh336",
    "htmlUrl": "https://github.com/sparsh336",
    "followersUrl": "https://api.github.com/users/sparsh336/followers",
    "followingUrl": "https://api.github.com/users/sparsh336/following{/other_user}",
    "gistsUrl": "https://api.github.com/users/sparsh336/gists{/gist_id}",
    "starredUrl": "https://api.github.com/users/sparsh336/starred{/owner}{/repo}",
    "subscriptionsUrl": "https://api.github.com/users/sparsh336/subscriptions",
    "organizationsUrl": "https://api.github.com/users/sparsh336/orgs",
    "reposUrl": "https://api.github.com/users/sparsh336/repos",
    "eventsUrl": "https://api.github.com/users/sparsh336/events{/privacy}",
    "receivedEventsUrl": "https://api.github.com/users/sparsh336/received_events",
    "type": "User",
    "siteAdmin": false,
    "additionalProperties": {}
  },
  "fork": false,
  "url": "https://api.github.com/repos/sparsh336/bakery",
  "createdAt": "2023-04-12T08:21:39Z",
  "updatedAt": "2023-04-12T08:21:39Z",
  "pushedAt": "2023-04-12T08:21:40Z",
  "size": 0,
  "stargazersCount": 0,
  "watchersCount": 0,
  "hasIssues": true,
  "hasProjects": true,
  "hasDownloads": true,
  "hasWiki": true,
  "hasPages": false,
  "forksCount": 0,
  "disabled": false,
  "openIssuesCount": 0,
  "forks": 0,
  "openIssues": 0,
  "watchers": 0,
  "defaultBranch": "main",
  "commitsList": [],
  "pullRequests": [],
  "additionalProperties": {
    "allow_forking": true,
    "is_template": false,
    "visibility": "public",
    "topics": [],
    "web_commit_signoff_required": false,
    "has_discussions": false
  },
  "_class": "com.cognizant.dashboard.collectors.github.beans.repos.GitHubRepos"
},{
  "_id": {
    "$oid": "64366a69a90e6856194d2395"
  },
  "projectId": 626821804,
  "nodeId": "R_kgDOJVyKrA",
  "name": "Sample",
  "fullName": "sparsh336/Sample",
  "_private": false,
  "owner": {
    "_id": 42486391,
    "login": "sparsh336",
    "nodeId": "MDQ6VXNlcjQyNDg2Mzkx",
    "avatarUrl": "https://avatars.githubusercontent.com/u/42486391?v=4",
    "gravatarId": "",
    "url": "https://api.github.com/users/sparsh336",
    "htmlUrl": "https://github.com/sparsh336",
    "followersUrl": "https://api.github.com/users/sparsh336/followers",
    "followingUrl": "https://api.github.com/users/sparsh336/following{/other_user}",
    "gistsUrl": "https://api.github.com/users/sparsh336/gists{/gist_id}",
    "starredUrl": "https://api.github.com/users/sparsh336/starred{/owner}{/repo}",
    "subscriptionsUrl": "https://api.github.com/users/sparsh336/subscriptions",
    "organizationsUrl": "https://api.github.com/users/sparsh336/orgs",
    "reposUrl": "https://api.github.com/users/sparsh336/repos",
    "eventsUrl": "https://api.github.com/users/sparsh336/events{/privacy}",
    "receivedEventsUrl": "https://api.github.com/users/sparsh336/received_events",
    "type": "User",
    "siteAdmin": false,
    "additionalProperties": {}
  },
  "fork": false,
  "url": "https://api.github.com/repos/sparsh336/Sample",
  "createdAt": "2023-04-12T08:22:34Z",
  "updatedAt": "2023-04-12T08:22:34Z",
  "pushedAt": "2023-04-12T08:22:35Z",
  "size": 0,
  "stargazersCount": 0,
  "watchersCount": 0,
  "hasIssues": true,
  "hasProjects": true,
  "hasDownloads": true,
  "hasWiki": true,
  "hasPages": false,
  "forksCount": 0,
  "disabled": false,
  "openIssuesCount": 0,
  "forks": 0,
  "openIssues": 0,
  "watchers": 0,
  "defaultBranch": "main",
  "commitsList": [],
  "pullRequests": [],
  "additionalProperties": {
    "allow_forking": true,
    "is_template": false,
    "visibility": "public",
    "topics": [],
    "web_commit_signoff_required": false,
    "has_discussions": false
  },
  "_class": "com.cognizant.dashboard.collectors.github.beans.repos.GitHubRepos"
},{
  "_id": {
    "$oid": "64366a69a90e6856194d2396"
  },
  "projectId": 626821920,
  "nodeId": "R_kgDOJVyLIA",
  "name": "Trav",
  "fullName": "sparsh336/Trav",
  "_private": false,
  "owner": {
    "_id": 42486391,
    "login": "sparsh336",
    "nodeId": "MDQ6VXNlcjQyNDg2Mzkx",
    "avatarUrl": "https://avatars.githubusercontent.com/u/42486391?v=4",
    "gravatarId": "",
    "url": "https://api.github.com/users/sparsh336",
    "htmlUrl": "https://github.com/sparsh336",
    "followersUrl": "https://api.github.com/users/sparsh336/followers",
    "followingUrl": "https://api.github.com/users/sparsh336/following{/other_user}",
    "gistsUrl": "https://api.github.com/users/sparsh336/gists{/gist_id}",
    "starredUrl": "https://api.github.com/users/sparsh336/starred{/owner}{/repo}",
    "subscriptionsUrl": "https://api.github.com/users/sparsh336/subscriptions",
    "organizationsUrl": "https://api.github.com/users/sparsh336/orgs",
    "reposUrl": "https://api.github.com/users/sparsh336/repos",
    "eventsUrl": "https://api.github.com/users/sparsh336/events{/privacy}",
    "receivedEventsUrl": "https://api.github.com/users/sparsh336/received_events",
    "type": "User",
    "siteAdmin": false,
    "additionalProperties": {}
  },
  "fork": false,
  "url": "https://api.github.com/repos/sparsh336/Trav",
  "createdAt": "2023-04-12T08:22:52Z",
  "updatedAt": "2023-04-12T08:22:52Z",
  "pushedAt": "2023-04-12T08:22:53Z",
  "size": 0,
  "stargazersCount": 0,
  "watchersCount": 0,
  "hasIssues": true,
  "hasProjects": true,
  "hasDownloads": true,
  "hasWiki": true,
  "hasPages": false,
  "forksCount": 0,
  "disabled": false,
  "openIssuesCount": 0,
  "forks": 0,
  "openIssues": 0,
  "watchers": 0,
  "defaultBranch": "main",
  "commitsList": [],
  "pullRequests": [],
  "additionalProperties": {
    "allow_forking": true,
    "is_template": false,
    "visibility": "public",
    "topics": [],
    "web_commit_signoff_required": false,
    "has_discussions": false
  },
  "_class": "com.cognizant.dashboard.collectors.github.beans.repos.GitHubRepos"
}]