[{
  "_id": {
    "$oid": "643697299370531b5595b028"
  },
  "releaseId": "1001",
  "releaseName": "Release 10.5",
  "domainName": "DEFAULT",
  "projectName": "DemoProject",
  "description": "<html><body> \n<div align=\"left\">\n<font face=\"Arial\"><span style=\"font-size:8pt\">Release 10.5 of the Mercury Tours application.</span></font>\n</div> \n<div align=\"left\">\n<font face=\"Arial\"><span style=\"font-size:8pt\">Activities tracked by this release are all QA activities</span></font>\n</div> \n<div align=\"left\">\n&nbsp;&nbsp;\n</div>  \n</body></html>",
  "parentId": "101",
  "startDate": {
    "$date": "2016-01-30T18:30:00.000Z"
  },
  "endDate": {
    "$date": "2016-08-02T18:30:00.000Z"
  },
  "lastModified": {
    "$date": "2018-10-24T08:16:42.000Z"
  },
  "reqCount": 131,
  "verStamp": "29",
  "scopeItemsCount": 4,
  "milestonesCount": 4,
  "_class": "com.cognizant.collector.alm.beans.release.Release"
},{
  "_id": {
    "$oid": "643697299370531b5595b029"
  },
  "releaseId": "1002",
  "releaseName": "Release 10.6",
  "domainName": "DEFAULT",
  "projectName": "DemoProject",
  "parentId": "101",
  "startDate": {
    "$date": "2016-08-30T18:30:00.000Z"
  },
  "endDate": {
    "$date": "2017-03-03T18:30:00.000Z"
  },
  "lastModified": {
    "$date": "2022-08-29T23:18:12.000Z"
  },
  "reqCount": 7,
  "verStamp": "3",
  "scopeItemsCount": 0,
  "milestonesCount": 0,
  "_class": "com.cognizant.collector.alm.beans.release.Release"
},{
  "_id": {
    "$oid": "643697299370531b5595b02a"
  },
  "releaseId": "1003",
  "releaseName": "Release10.0",
  "domainName": "DEFAULT",
  "projectName": "DemoProject",
  "parentId": "102",
  "startDate": {
    "$date": "2022-08-25T18:30:00.000Z"
  },
  "endDate": {
    "$date": "2022-09-25T18:30:00.000Z"
  },
  "lastModified": {
    "$date": "2022-08-24T22:44:42.000Z"
  },
  "reqCount": 2,
  "verStamp": "2",
  "scopeItemsCount": 0,
  "milestonesCount": 1,
  "_class": "com.cognizant.collector.alm.beans.release.Release"
},{
  "_id": {
    "$oid": "643697299370531b5595b02b"
  },
  "releaseId": "1004",
  "releaseName": "Release10.1",
  "domainName": "DEFAULT",
  "projectName": "DemoProject",
  "parentId": "102",
  "startDate": {
    "$date": "2022-09-07T18:30:00.000Z"
  },
  "endDate": {
    "$date": "2022-09-19T18:30:00.000Z"
  },
  "lastModified": {
    "$date": "2022-08-25T01:23:11.000Z"
  },
  "reqCount": 0,
  "verStamp": "2",
  "scopeItemsCount": 0,
  "milestonesCount": 0,
  "_class": "com.cognizant.collector.alm.beans.release.Release"
},{
  "_id": {
    "$oid": "643697299370531b5595b02c"
  },
  "releaseId": "1016",
  "releaseName": "Release1.0",
  "domainName": "DEFAULT",
  "projectName": "DemoProject",
  "parentId": "104",
  "startDate": {
    "$date": "2022-10-14T18:30:00.000Z"
  },
  "endDate": {
    "$date": "2022-11-14T18:30:00.000Z"
  },
  "lastModified": {
    "$date": "2022-10-14T07:11:16.000Z"
  },
  "reqCount": 4,
  "verStamp": "1",
  "scopeItemsCount": 0,
  "milestonesCount": 0,
  "_class": "com.cognizant.collector.alm.beans.release.Release"
},{
  "_id": {
    "$oid": "643697299370531b5595b02d"
  },
  "releaseId": "1017",
  "releaseName": "Release2.0",
  "domainName": "DEFAULT",
  "projectName": "DemoProject",
  "parentId": "104",
  "startDate": {
    "$date": "2022-11-14T18:30:00.000Z"
  },
  "endDate": {
    "$date": "2022-12-14T18:30:00.000Z"
  },
  "lastModified": {
    "$date": "2022-10-14T07:11:39.000Z"
  },
  "reqCount": 2,
  "verStamp": "2",
  "scopeItemsCount": 0,
  "milestonesCount": 1,
  "_class": "com.cognizant.collector.alm.beans.release.Release"
},{
  "_id": {
    "$oid": "643697299370531b5595b02e"
  },
  "releaseId": "1018",
  "releaseName": "Release 2.1",
  "domainName": "DEFAULT",
  "projectName": "DemoProject",
  "parentId": "104",
  "startDate": {
    "$date": "2022-10-27T18:30:00.000Z"
  },
  "endDate": {
    "$date": "2022-11-03T18:30:00.000Z"
  },
  "lastModified": {
    "$date": "2022-10-31T21:01:12.000Z"
  },
  "reqCount": 0,
  "verStamp": "1",
  "scopeItemsCount": 0,
  "milestonesCount": 0,
  "_class": "com.cognizant.collector.alm.beans.release.Release"
}]