[{
  "_id": {
    "$oid": "63883fae290cb7172392335f"
  },
  "lobName": "Online Ordering",
  "lobDescription": "Online Ordering Program",
  "orgId": "63883f1e290cb7172392335e",
  "createdUser": "sample@cts.com",
  "createdDate": {
    "$date": {
      "$numberLong": "1669873582816"
    }
  },
  "lastModifiedUser": "sample@cts.com",
  "lastModifiedDate": {
    "$date": {
      "$numberLong": "1669873582816"
    }
  },
  "_class": "com.cognizant.ciqdashboardapi.models.LOB"
},{
  "_id": {
    "$oid": "641890cc4f5f77270e96f7b3"
  },
  "lobName": "QEATechCOE",
  "lobDescription": "test",
  "orgId": "6418901a4f5f77270e96f7b0",
  "createdUser": "sample@cts.com",
  "createdDate": {
    "$date": {
      "$numberLong": "1679331532953"
    }
  },
  "lastModifiedUser": "sample@cts.com",
  "lastModifiedDate": {
    "$date": {
      "$numberLong": "1679331532953"
    }
  },
  "_class": "com.cognizant.ciqdashboardapi.models.LOB"
},{
  "_id": {
    "$oid": "6423d5284f5f77270e96f7e3"
  },
  "lobName": "Ware House Management",
  "lobDescription": "Ware House Stock",
  "orgId": "63883f1e290cb7172392335e",
  "createdUser": "sample@cts.com",
  "createdDate": {
    "$date": {
      "$numberLong": "1680069928966"
    }
  },
  "lastModifiedUser": "sample@cts.com",
  "lastModifiedDate": {
    "$date": {
      "$numberLong": "1680069928966"
    }
  },
  "_class": "com.cognizant.ciqdashboardapi.models.LOB"
}]