[{
  "_id": {
    "$oid": "6308bc7ccf1144634a5d05d1"
  },
  "name": "Jira",
  "group": "Jira",
  "collectionName": "source_jira_Issues",
  "description": "Jira",
  "toolName": "Jira",
  "image": "",
  "imageType": "image",
  "fields": [
    {
      "name": "issueTypeIconUrl",
      "type": "string",
      "label": "issueTypeIconUrl"
    },
    {
      "name": "reporterSelf",
      "type": "string",
      "label": "reporterSelf"
    },
    {
      "name": "watches",
      "type": "object",
      "label": "watches"
    },
    {
      "name": "reporterActive",
      "type": "bool",
      "label": "reporterActive"
    },
    {
      "name": "subTasks",
      "type": "array",
      "label": "subTasks"
    },
    {
      "name": "creatorEmailAddress",
      "type": "string",
      "label": "creatorEmailAddress"
    },
    {
      "name": "reporterDisplayName",
      "type": "string",
      "label": "reporterDisplayName"
    },
    {
      "name": "projectSelf",
      "type": "string",
      "label": "projectSelf"
    },
    {
      "name": "statusIconUrl",
      "type": "string",
      "label": "statusIconUrl"
    },
    {
      "name": "resolutionSelf",
      "type": "string",
      "label": "resolutionSelf"
    },
    {
      "name": "projectId",
      "type": "string",
      "label": "projectId"
    },
    {
      "name": "assigneeSelf",
      "type": "string",
      "label": "assigneeSelf"
    },
    {
      "name": "statusCategoryColorName",
      "type": "string",
      "label": "statusCategoryColorName"
    },
    {
      "name": "issueTypeDescription",
      "type": "string",
      "label": "issueTypeDescription"
    },
    {
      "name": "assigneeTimeZone",
      "type": "string",
      "label": "assigneeTimeZone"
    },
    {
      "name": "workRatio",
      "type": "long",
      "label": "workRatio"
    },
    {
      "name": "self",
      "type": "string",
      "label": "self"
    },
    {
      "name": "assigneeEmailAddress",
      "type": "string",
      "label": "assigneeEmailAddress"
    },
    {
      "name": "reporterEmailAddress",
      "type": "string",
      "label": "reporterEmailAddress"
    },
    {
      "name": "versions",
      "type": "array",
      "label": "versions"
    },
    {
      "name": "assigneeAvatarUrls",
      "type": "object",
      "label": "assigneeAvatarUrls"
    },
    {
      "name": "fixVersionReleased",
      "type": "bool",
      "label": "fixVersionReleased"
    },
    {
      "name": "assigneeActive",
      "type": "bool",
      "label": "assigneeActive"
    },
    {
      "name": "creatorDisplayName",
      "type": "string",
      "label": "creatorDisplayName"
    },
    {
      "name": "issueTypeSubtask",
      "type": "bool",
      "label": "issueTypeSubtask"
    },
    {
      "name": "creatorAvatarUrls",
      "type": "object",
      "label": "creatorAvatarUrls"
    },
    {
      "name": "projectName",
      "type": "string",
      "label": "projectName"
    },
    {
      "name": "resolutionName",
      "type": "string",
      "label": "resolutionName"
    },
    {
      "name": "key",
      "type": "string",
      "label": "key"
    },
    {
      "name": "issueTypeId",
      "type": "string",
      "label": "issueTypeId"
    },
    {
      "name": "issueTypeSelf",
      "type": "string",
      "label": "issueTypeSelf"
    },
    {
      "name": "projectAvatarUrls",
      "type": "object",
      "label": "projectAvatarUrls"
    },
    {
      "name": "statusCategoryId",
      "type": "int",
      "label": "statusCategoryId"
    },
    {
      "name": "priority",
      "type": "string",
      "label": "priority"
    },
    {
      "name": "votes",
      "type": "object",
      "label": "votes"
    },
    {
      "name": "statusDescription",
      "type": "string",
      "label": "statusDescription"
    },
    {
      "name": "statusCategorySelf",
      "type": "string",
      "label": "statusCategorySelf"
    },
    {
      "name": "resolutionDescription",
      "type": "string",
      "label": "resolutionDescription"
    },
    {
      "name": "projectKey",
      "type": "string",
      "label": "projectKey"
    },
    {
      "name": "updated",
      "type": "date",
      "label": "updated"
    },
    {
      "name": "priorityId",
      "type": "string",
      "label": "priorityId"
    },
    {
      "name": "statusCategoryName",
      "type": "string",
      "label": "statusCategoryName"
    },
    {
      "name": "creatorActive",
      "type": "bool",
      "label": "creatorActive"
    },
    {
      "name": "description",
      "type": "string",
      "label": "description"
    },
    {
      "name": "fixVersionArchived",
      "type": "bool",
      "label": "fixVersionArchived"
    },
    {
      "name": "reporterTimeZone",
      "type": "string",
      "label": "reporterTimeZone"
    },
    {
      "name": "assigneeDisplayName",
      "type": "string",
      "label": "assigneeDisplayName"
    },
    {
      "name": "creatorTimeZone",
      "type": "string",
      "label": "creatorTimeZone"
    },
    {
      "name": "statusSelf",
      "type": "string",
      "label": "statusSelf"
    },
    {
      "name": "progress",
      "type": "object",
      "label": "progress"
    },
    {
      "name": "issueTypeAvatarId",
      "type": "int",
      "label": "issueTypeAvatarId"
    },
    {
      "name": "statusId",
      "type": "string",
      "label": "statusId"
    },
    {
      "name": "statusCategoryKey",
      "type": "string",
      "label": "statusCategoryKey"
    },
    {
      "name": "labels",
      "type": "array",
      "label": "labels"
    },
    {
      "name": "projectTypeKey",
      "type": "string",
      "label": "projectTypeKey"
    },
    {
      "name": "summary",
      "type": "string",
      "label": "summary"
    },
    {
      "name": "statusName",
      "type": "string",
      "label": "statusName"
    },
    {
      "name": "issueLinks",
      "type": "array",
      "label": "issueLinks"
    },
    {
      "name": "creatorSelf",
      "type": "string",
      "label": "creatorSelf"
    },
    {
      "name": "issueTypeName",
      "type": "string",
      "label": "issueTypeName"
    },
    {
      "name": "created",
      "type": "date",
      "label": "created"
    },
    {
      "name": "reporterAvatarUrls",
      "type": "object",
      "label": "reporterAvatarUrls"
    },
    {
      "name": "additionalProperties",
      "type": "object",
      "label": "additionalProperties"
    },
    {
      "name": "expand",
      "type": "string",
      "label": "expand"
    },
    {
      "name": "resolutionId",
      "type": "string",
      "label": "resolutionId"
    },
    {
      "name": "aggregateProgress",
      "type": "object",
      "label": "aggregateProgress"
    }
  ],
  "createdUser": "sample@cts.com",
  "createdDate": {
    "$date": {
      "$numberLong": "1661516924567"
    }
  },
  "lastModifiedUser": "sample@cts.com",
  "lastModifiedDate": {
    "$date": {
      "$numberLong": "1661516924567"
    }
  },
  "_class": "com.cognizant.ciqdashboardapi.models.CIQDashboardDataSource"
},{
  "_id": {
    "$oid": "632a6db87f171e41679eadbd"
  },
  "name": "ALM - Test Plan",
  "group": "Design",
  "collectionName": "source_alm_test",
  "description": "",
  "toolName": "ALM",
  "image": "",
  "imageType": "image",
  "fields": [
    {
      "name": "status",
      "type": "string",
      "label": "status"
    },
    {
      "name": "domainName",
      "type": "string",
      "label": "domainName"
    },
    {
      "name": "hasLinkage",
      "type": "string",
      "label": "hasLinkage"
    },
    {
      "name": "testName",
      "type": "string",
      "label": "testName"
    },
    {
      "name": "lastModified",
      "type": "date",
      "label": "lastModified"
    },
    {
      "name": "executionStatus",
      "type": "string",
      "label": "executionStatus"
    },
    {
      "name": "type",
      "type": "string",
      "label": "type"
    },
    {
      "name": "designer",
      "type": "string",
      "label": "designer"
    },
    {
      "name": "devComments",
      "type": "string",
      "label": "devComments"
    },
    {
      "name": "testId",
      "type": "string",
      "label": "testId"
    },
    {
      "name": "stepParam",
      "type": "string",
      "label": "stepParam"
    },
    {
      "name": "description",
      "type": "string",
      "label": "description"
    },
    {
      "name": "template",
      "type": "string",
      "label": "template"
    },
    {
      "name": "steps",
      "type": "string",
      "label": "steps"
    },
    {
      "name": "parentId",
      "type": "string",
      "label": "parentId"
    },
    {
      "name": "attachment",
      "type": "string",
      "label": "attachment"
    },
    {
      "name": "projectName",
      "type": "string",
      "label": "projectName"
    },
    {
      "name": "orderId",
      "type": "string",
      "label": "orderId"
    },
    {
      "name": "creationDate",
      "type": "date",
      "label": "creationDate"
    }
  ],
  "createdUser": "sample@cts.com",
  "createdDate": {
    "$date": {
      "$numberLong": "1663724984754"
    }
  },
  "lastModifiedUser": "sample@cts.com",
  "lastModifiedDate": {
    "$date": {
      "$numberLong": "1663724984754"
    }
  },
  "_class": "com.cognizant.ciqdashboardapi.models.CIQDashboardDataSource"
},{
  "_id": {
    "$oid": "632a7ab97f171e41679eadc6"
  },
  "name": "ALM - Test Run",
  "group": "Execution",
  "collectionName": "source_alm_runs",
  "description": "",
  "toolName": "ALM",
  "image": "",
  "imageType": "image",
  "fields": [
    {
      "name": "lastModified",
      "type": "date",
      "label": "lastModified"
    },
    {
      "name": "testSetName",
      "type": "string",
      "label": "testSetName"
    },
    {
      "name": "testInstance",
      "type": "string",
      "label": "testInstance"
    },
    {
      "name": "testRunId",
      "type": "string",
      "label": "testRunId"
    },
    {
      "name": "host",
      "type": "string",
      "label": "host"
    },
    {
      "name": "subtypeId",
      "type": "string",
      "label": "subtypeId"
    },
    {
      "name": "testId",
      "type": "string",
      "label": "testId"
    },
    {
      "name": "testRunName",
      "type": "string",
      "label": "testRunName"
    },
    {
      "name": "testCycleId",
      "type": "string",
      "label": "testCycleId"
    },
    {
      "name": "osBuild",
      "type": "string",
      "label": "osBuild"
    },
    {
      "name": "hasLinkage",
      "type": "string",
      "label": "hasLinkage"
    },
    {
      "name": "testName",
      "type": "string",
      "label": "testName"
    },
    {
      "name": "testConfigId",
      "type": "string",
      "label": "testConfigId"
    },
    {
      "name": "duration",
      "type": "int",
      "label": "duration"
    },
    {
      "name": "releaseId",
      "type": "string",
      "label": "releaseId"
    },
    {
      "name": "projectName",
      "type": "string",
      "label": "projectName"
    },
    {
      "name": "executionDate",
      "type": "date",
      "label": "executionDate"
    },
    {
      "name": "tester",
      "type": "string",
      "label": "tester"
    },
    {
      "name": "executionTime",
      "type": "date",
      "label": "executionTime"
    },
    {
      "name": "testDescription",
      "type": "string",
      "label": "testDescription"
    },
    {
      "name": "status",
      "type": "string",
      "label": "status"
    },
    {
      "name": "assignedCycleName",
      "type": "string",
      "label": "assignedCycleName"
    },
    {
      "name": "assignedCycleId",
      "type": "string",
      "label": "assignedCycleId"
    },
    {
      "name": "cycleId",
      "type": "string",
      "label": "cycleId"
    },
    {
      "name": "osName",
      "type": "string",
      "label": "osName"
    },
    {
      "name": "domainName",
      "type": "string",
      "label": "domainName"
    },
    {
      "name": "path",
      "type": "string",
      "label": "path"
    },
    {
      "name": "testCycleName",
      "type": "string",
      "label": "testCycleName"
    }
  ],
  "createdUser": "sample@cts.com",
  "createdDate": {
    "$date": {
      "$numberLong": "1663728313443"
    }
  },
  "lastModifiedUser": "sample@cts.com",
  "lastModifiedDate": {
    "$date": {
      "$numberLong": "1663728313443"
    }
  },
  "_class": "com.cognizant.ciqdashboardapi.models.CIQDashboardDataSource"
},{
  "_id": {
    "$oid": "632a930a7f171e41679eadcd"
  },
  "name": "ALM - Requirements",
  "group": "Requirements",
  "collectionName": "source_alm_requirements",
  "description": "",
  "toolName": "ALM",
  "image": "",
  "imageType": "image",
  "fields": [
    {
      "name": "product",
      "type": "string",
      "label": "product"
    },
    {
      "name": "description",
      "type": "string",
      "label": "description"
    },
    {
      "name": "requirementName",
      "type": "string",
      "label": "requirementName"
    },
    {
      "name": "requirementTypeId",
      "type": "string",
      "label": "requirementTypeId"
    },
    {
      "name": "requirementTypeName",
      "type": "string",
      "label": "requirementTypeName"
    },
    {
      "name": "status",
      "type": "string",
      "label": "status"
    },
    {
      "name": "requirementId",
      "type": "string",
      "label": "requirementId"
    },
    {
      "name": "creationTime",
      "type": "date",
      "label": "creationTime"
    },
    {
      "name": "versionNumber",
      "type": "string",
      "label": "versionNumber"
    },
    {
      "name": "projectName",
      "type": "string",
      "label": "projectName"
    },
    {
      "name": "lastModified",
      "type": "date",
      "label": "lastModified"
    },
    {
      "name": "domainName",
      "type": "string",
      "label": "domainName"
    },
    {
      "name": "isTemplate",
      "type": "string",
      "label": "isTemplate"
    },
    {
      "name": "verStamp",
      "type": "string",
      "label": "verStamp"
    },
    {
      "name": "targetCycleName",
      "type": "string",
      "label": "targetCycleName"
    },
    {
      "name": "fatherName",
      "type": "string",
      "label": "fatherName"
    },
    {
      "name": "hasRichContent",
      "type": "string",
      "label": "hasRichContent"
    },
    {
      "name": "noOfSons",
      "type": "string",
      "label": "noOfSons"
    },
    {
      "name": "targetReleaseId",
      "type": "string",
      "label": "targetReleaseId"
    },
    {
      "name": "parentId",
      "type": "string",
      "label": "parentId"
    },
    {
      "name": "author",
      "type": "string",
      "label": "author"
    },
    {
      "name": "orderId",
      "type": "string",
      "label": "orderId"
    },
    {
      "name": "creationDate",
      "type": "date",
      "label": "creationDate"
    },
    {
      "name": "reviewed",
      "type": "string",
      "label": "reviewed"
    },
    {
      "name": "priority",
      "type": "string",
      "label": "priority"
    },
    {
      "name": "hasLinkage",
      "type": "string",
      "label": "hasLinkage"
    },
    {
      "name": "hierarchicalPath",
      "type": "string",
      "label": "hierarchicalPath"
    },
    {
      "name": "comments",
      "type": "string",
      "label": "comments"
    },
    {
      "name": "targetReleaseName",
      "type": "string",
      "label": "targetReleaseName"
    },
    {
      "name": "targetCycleId",
      "type": "string",
      "label": "targetCycleId"
    }
  ],
  "createdUser": "sample@cts.com",
  "createdDate": {
    "$date": {
      "$numberLong": "1663734538222"
    }
  },
  "lastModifiedUser": "sample@cts.com",
  "lastModifiedDate": {
    "$date": {
      "$numberLong": "1663734538222"
    }
  },
  "_class": "com.cognizant.ciqdashboardapi.models.CIQDashboardDataSource"
},{
  "_id": {
    "$oid": "632ab20c9fd54818e8d9dac4"
  },
  "name": "Metrics",
  "group": "Metrics",
  "collectionName": "source_metrics",
  "description": "Metrics",
  "toolName": "Metrics",
  "image": "",
  "imageType": "image",
  "fields": [
    {
      "name": "projectName",
      "type": "string",
      "label": "projectName"
    },
    {
      "name": "dashboardName",
      "type": "string",
      "label": "dashboardName"
    },
    {
      "name": "toolType",
      "type": "string",
      "label": "toolType"
    },
    {
      "name": "metricName",
      "type": "string",
      "label": "metricName"
    },
    {
      "name": "itemId",
      "type": "string",
      "label": "itemId"
    },
    {
      "name": "lastCalculatedDate",
      "type": "date",
      "label": "lastCalculatedDate"
    },
    {
      "name": "pageName",
      "type": "string",
      "label": "pageName"
    },
    {
      "name": "metricValue",
      "type": "int",
      "label": "metricValue"
    }
  ],
  "createdUser": "sample@cts.com",
  "createdDate": {
    "$date": {
      "$numberLong": "1663742476965"
    }
  },
  "lastModifiedUser": "sample@cts.com",
  "lastModifiedDate": {
    "$date": {
      "$numberLong": "1663742476965"
    }
  },
  "_class": "com.cognizant.ciqdashboardapi.models.CIQDashboardDataSource"
},{
  "_id": {
    "$oid": "632ae11ae2c76f783ca0b262"
  },
  "name": "CI - Jenkins",
  "group": "Cont. Int",
  "collectionName": "source_jenkinsbuild",
  "description": "",
  "toolName": "Jenkins",
  "image": "",
  "imageType": "image",
  "fields": [
    {
      "name": "buildId",
      "type": "string",
      "label": "buildId"
    },
    {
      "name": "queueId",
      "type": "int",
      "label": "queueId"
    },
    {
      "name": "jobName",
      "type": "string",
      "label": "jobName"
    },
    {
      "name": "buildEndTime",
      "type": "date",
      "label": "buildEndTime"
    },
    {
      "name": "culprits",
      "type": "array",
      "label": "culprits"
    },
    {
      "name": "number",
      "type": "int",
      "label": "number"
    },
    {
      "name": "result",
      "type": "string",
      "label": "result"
    },
    {
      "name": "url",
      "type": "string",
      "label": "url"
    },
    {
      "name": "keepLog",
      "type": "bool",
      "label": "keepLog"
    },
    {
      "name": "duration",
      "type": "int",
      "label": "duration"
    },
    {
      "name": "displayName",
      "type": "string",
      "label": "displayName"
    },
    {
      "name": "jobDescription",
      "type": "string",
      "label": "jobDescription"
    },
    {
      "name": "jobURL",
      "type": "string",
      "label": "jobURL"
    },
    {
      "name": "building",
      "type": "bool",
      "label": "building"
    },
    {
      "name": "jobFullName",
      "type": "string",
      "label": "jobFullName"
    },
    {
      "name": "fullDisplayName",
      "type": "string",
      "label": "fullDisplayName"
    },
    {
      "name": "buildStartTime",
      "type": "date",
      "label": "buildStartTime"
    },
    {
      "name": "timestamp",
      "type": "long",
      "label": "timestamp"
    },
    {
      "name": "estimatedDuration",
      "type": "int",
      "label": "estimatedDuration"
    },
    {
      "name": "description",
      "type": "string",
      "label": "description"
    },
    {
      "name": "environment",
      "type": "string",
      "label": "environment"
    }
  ],
  "lastModifiedUser": "sample@cts.com",
  "lastModifiedDate": {
    "$date": {
      "$numberLong": "1680823685623"
    }
  },
  "_class": "com.cognizant.ciqdashboardapi.models.CIQDashboardDataSource"
},{
  "_id": {
    "$oid": "632d4746e2c76f783ca0b28b"
  },
  "name": "ALM - Defects",
  "group": "Defects",
  "collectionName": "source_alm_defects",
  "description": "",
  "toolName": "ALM",
  "image": "",
  "imageType": "image",
  "fields": [
    {
      "name": "detectionVersion",
      "type": "string",
      "label": "detectionVersion"
    },
    {
      "name": "lastModified",
      "type": "date",
      "label": "lastModified"
    },
    {
      "name": "attachment",
      "type": "string",
      "label": "attachment"
    },
    {
      "name": "domainName",
      "type": "string",
      "label": "domainName"
    },
    {
      "name": "detectedCycleName",
      "type": "string",
      "label": "detectedCycleName"
    },
    {
      "name": "verStamp",
      "type": "string",
      "label": "verStamp"
    },
    {
      "name": "defectName",
      "type": "string",
      "label": "defectName"
    },
    {
      "name": "project",
      "type": "string",
      "label": "project"
    },
    {
      "name": "reproducible",
      "type": "string",
      "label": "reproducible"
    },
    {
      "name": "actualFixTime",
      "type": "int",
      "label": "actualFixTime"
    },
    {
      "name": "description",
      "type": "string",
      "label": "description"
    },
    {
      "name": "environment",
      "type": "string",
      "label": "environment"
    },
    {
      "name": "assignedTo",
      "type": "string",
      "label": "assignedTo"
    },
    {
      "name": "detectedReleaseId",
      "type": "string",
      "label": "detectedReleaseId"
    },
    {
      "name": "status",
      "type": "string",
      "label": "status"
    },
    {
      "name": "detectedCycleId",
      "type": "string",
      "label": "detectedCycleId"
    },
    {
      "name": "detectedBy",
      "type": "string",
      "label": "detectedBy"
    },
    {
      "name": "projectName",
      "type": "string",
      "label": "projectName"
    },
    {
      "name": "devComments",
      "type": "string",
      "label": "devComments"
    },
    {
      "name": "detectedReleaseName",
      "type": "string",
      "label": "detectedReleaseName"
    },
    {
      "name": "priority",
      "type": "string",
      "label": "priority"
    },
    {
      "name": "hasLinkage",
      "type": "string",
      "label": "hasLinkage"
    },
    {
      "name": "severity",
      "type": "string",
      "label": "severity"
    },
    {
      "name": "closingDate",
      "type": "date",
      "label": "closingDate"
    },
    {
      "name": "defectId",
      "type": "string",
      "label": "defectId"
    },
    {
      "name": "subject",
      "type": "string",
      "label": "subject"
    },
    {
      "name": "creationDate",
      "type": "date",
      "label": "creationDate"
    },
    {
      "name": "hasOthersLinkage",
      "type": "string",
      "label": "hasOthersLinkage"
    }
  ],
  "createdUser": "sample1@cts.com",
  "createdDate": {
    "$date": {
      "$numberLong": "1663911750240"
    }
  },
  "lastModifiedUser": "sample1@cts.com",
  "lastModifiedDate": {
    "$date": {
      "$numberLong": "1663911750240"
    }
  },
  "_class": "com.cognizant.ciqdashboardapi.models.CIQDashboardDataSource"
},{
  "_id": {
    "$oid": "633fe0b528d7a13e281ea511"
  },
  "name": "Test Source",
  "group": "Defetcs_Test",
  "collectionName": "source_jira_Issues",
  "description": "",
  "toolName": "Jira-Test",
  "image": "",
  "imageType": "image",
  "fields": [
    {
      "name": "fixVersionReleased",
      "type": "bool",
      "label": "fixVersionReleased"
    },
    {
      "name": "reporterSelf",
      "type": "string",
      "label": "reporterSelf"
    },
    {
      "name": "statusCategorySelf",
      "type": "string",
      "label": "statusCategorySelf"
    },
    {
      "name": "assigneeActive",
      "type": "bool",
      "label": "assigneeActive"
    },
    {
      "name": "versions",
      "type": "array",
      "label": "versions"
    },
    {
      "name": "assigneeTimeZone",
      "type": "string",
      "label": "assigneeTimeZone"
    },
    {
      "name": "self",
      "type": "string",
      "label": "self"
    },
    {
      "name": "issueTypeSubtask",
      "type": "bool",
      "label": "issueTypeSubtask"
    },
    {
      "name": "reporterEmailAddress",
      "type": "string",
      "label": "reporterEmailAddress"
    },
    {
      "name": "priorityId",
      "type": "string",
      "label": "priorityId"
    },
    {
      "name": "issueTypeDescription",
      "type": "string",
      "label": "issueTypeDescription"
    },
    {
      "name": "creatorAvatarUrls",
      "type": "object",
      "label": "creatorAvatarUrls"
    },
    {
      "name": "assigneeSelf",
      "type": "string",
      "label": "assigneeSelf"
    },
    {
      "name": "resolutionName",
      "type": "string",
      "label": "resolutionName"
    },
    {
      "name": "issueTypeIconUrl",
      "type": "string",
      "label": "issueTypeIconUrl"
    },
    {
      "name": "projectName",
      "type": "string",
      "label": "projectName"
    },
    {
      "name": "expand",
      "type": "string",
      "label": "expand"
    },
    {
      "name": "priority",
      "type": "string",
      "label": "priority"
    },
    {
      "name": "assigneeDisplayName",
      "type": "string",
      "label": "assigneeDisplayName"
    },
    {
      "name": "progress",
      "type": "object",
      "label": "progress"
    },
    {
      "name": "statusCategoryId",
      "type": "int",
      "label": "statusCategoryId"
    },
    {
      "name": "workRatio",
      "type": "int",
      "label": "workRatio"
    },
    {
      "name": "reporterActive",
      "type": "bool",
      "label": "reporterActive"
    },
    {
      "name": "votes",
      "type": "object",
      "label": "votes"
    },
    {
      "name": "issueTypeSelf",
      "type": "string",
      "label": "issueTypeSelf"
    },
    {
      "name": "statusCategoryName",
      "type": "string",
      "label": "statusCategoryName"
    },
    {
      "name": "updated",
      "type": "date",
      "label": "updated"
    },
    {
      "name": "projectKey",
      "type": "string",
      "label": "projectKey"
    },
    {
      "name": "created",
      "type": "date",
      "label": "created"
    },
    {
      "name": "creatorActive",
      "type": "bool",
      "label": "creatorActive"
    },
    {
      "name": "projectTypeKey",
      "type": "string",
      "label": "projectTypeKey"
    },
    {
      "name": "lastViewed",
      "type": "string",
      "label": "lastViewed"
    },
    {
      "name": "fixVersionArchived",
      "type": "bool",
      "label": "fixVersionArchived"
    },
    {
      "name": "labels",
      "type": "array",
      "label": "labels"
    },
    {
      "name": "reporterTimeZone",
      "type": "string",
      "label": "reporterTimeZone"
    },
    {
      "name": "creatorTimeZone",
      "type": "string",
      "label": "creatorTimeZone"
    },
    {
      "name": "statusDescription",
      "type": "string",
      "label": "statusDescription"
    },
    {
      "name": "statusId",
      "type": "string",
      "label": "statusId"
    },
    {
      "name": "watches",
      "type": "object",
      "label": "watches"
    },
    {
      "name": "environment",
      "type": "string",
      "label": "ENVR"
    },
    {
      "name": "projectId",
      "type": "string",
      "label": "projectId"
    },
    {
      "name": "description",
      "type": "string",
      "label": "description"
    },
    {
      "name": "resolutionId",
      "type": "string",
      "label": "resolutionId"
    },
    {
      "name": "issueTypeName",
      "type": "string",
      "label": "issueTypeName"
    },
    {
      "name": "statusName",
      "type": "string",
      "label": "statusName"
    },
    {
      "name": "reporterAvatarUrls",
      "type": "object",
      "label": "reporterAvatarUrls"
    },
    {
      "name": "additionalProperties",
      "type": "object",
      "label": "additionalProperties"
    },
    {
      "name": "issueTypeAvatarId",
      "type": "int",
      "label": "issueTypeAvatarId"
    },
    {
      "name": "creatorSelf",
      "type": "string",
      "label": "creatorSelf"
    },
    {
      "name": "aggregateProgress",
      "type": "object",
      "label": "aggregateProgress"
    },
    {
      "name": "summary",
      "type": "string",
      "label": "summary"
    },
    {
      "name": "resolutionSelf",
      "type": "string",
      "label": "resolutionSelf"
    },
    {
      "name": "statusCategoryColorName",
      "type": "string",
      "label": "statusCategoryColorName"
    },
    {
      "name": "subTasks",
      "type": "array",
      "label": "subTasks"
    },
    {
      "name": "creatorDisplayName",
      "type": "string",
      "label": "creatorDisplayName"
    },
    {
      "name": "issueLinks",
      "type": "array",
      "label": "issueLinks"
    },
    {
      "name": "assigneeEmailAddress",
      "type": "string",
      "label": "assigneeEmailAddress"
    },
    {
      "name": "creatorEmailAddress",
      "type": "string",
      "label": "creatorEmailAddress"
    },
    {
      "name": "reporterDisplayName",
      "type": "string",
      "label": "reporterDisplayName"
    },
    {
      "name": "statusSelf",
      "type": "string",
      "label": "statusSelf"
    },
    {
      "name": "statusIconUrl",
      "type": "string",
      "label": "statusIconUrl"
    },
    {
      "name": "statusCategoryKey",
      "type": "string",
      "label": "statusCategoryKey"
    },
    {
      "name": "projectSelf",
      "type": "string",
      "label": "projectSelf"
    },
    {
      "name": "projectAvatarUrls",
      "type": "object",
      "label": "projectAvatarUrls"
    },
    {
      "name": "resolutionDescription",
      "type": "string",
      "label": "resolutionDescription"
    },
    {
      "name": "key",
      "type": "string",
      "label": "key"
    },
    {
      "name": "issueTypeId",
      "type": "string",
      "label": "issueTypeId"
    },
    {
      "name": "assigneeAvatarUrls",
      "type": "object",
      "label": "assigneeAvatarUrls"
    }
  ],
  "createdUser": "sample@cts.com",
  "createdDate": {
    "$date": {
      "$numberLong": "1665130677211"
    }
  },
  "lastModifiedUser": "sample@cts.com",
  "lastModifiedDate": {
    "$date": {
      "$numberLong": "1665130677211"
    }
  },
  "_class": "com.cognizant.ciqdashboardapi.models.CIQDashboardDataSource"
},{
  "_id": {
    "$oid": "637e02d404b3600ab33cbffb"
  },
  "name": "Performance",
  "group": "Performance",
  "collectionName": "source_performance",
  "description": "",
  "toolName": "JMeter",
  "image": "",
  "imageType": "image",
  "fields": [
    {
      "name": "type",
      "type": "string",
      "label": "type"
    },
    {
      "name": "severity",
      "type": "string",
      "label": "severity"
    },
    {
      "name": "endUserExperience",
      "type": "string",
      "label": "endUserExperience"
    }
  ],
  "lastModifiedUser": "sample@cts.com",
  "lastModifiedDate": {
    "$date": {
      "$numberLong": "1669205066974"
    }
  },
  "_class": "com.cognizant.ciqdashboardapi.models.CIQDashboardDataSource"
},{
  "_id": {
    "$oid": "64193ca44f5f77270e96f7b9"
  },
  "name": "BOTS PREDICTIONS",
  "group": "Defects",
  "collectionName": "source_bots_defects",
  "description": "",
  "toolName": "BOTS",
  "image": "",
  "imageType": "image",
  "fields": [
    {
      "name": "modelid",
      "type": "string",
      "label": "modelid"
    },
    {
      "name": "modulecnt",
      "type": "int",
      "label": "modulecnt"
    },
    {
      "name": "priorityGraphLabel",
      "type": "null",
      "label": "priorityGraphLabel"
    },
    {
      "name": "defectData",
      "type": "null",
      "label": "defectData"
    },
    {
      "name": "files",
      "type": "null",
      "label": "files"
    },
    {
      "name": "projectid",
      "type": "string",
      "label": "projectid"
    },
    {
      "name": "prioritycnt",
      "type": "int",
      "label": "prioritycnt"
    },
    {
      "name": "linkedTcCount",
      "type": "int",
      "label": "linkedTcCount"
    },
    {
      "name": "linkedTescaseDescription",
      "type": "null",
      "label": "linkedTescaseDescription"
    },
    {
      "name": "linkedTestCases",
      "type": "array",
      "label": "linkedTestCases"
    },
    {
      "name": "linkedTescaseID",
      "type": "null",
      "label": "linkedTescaseID"
    },
    {
      "name": "defpredresult",
      "type": "null",
      "label": "defpredresult"
    },
    {
      "name": "defectKeys",
      "type": "null",
      "label": "defectKeys"
    },
    {
      "name": "associatedCount",
      "type": "int",
      "label": "associatedCount"
    },
    {
      "name": "severityGraphLabel",
      "type": "null",
      "label": "severityGraphLabel"
    },
    {
      "name": "sevCount",
      "type": "int",
      "label": "sevCount"
    },
    {
      "name": "type",
      "type": "string",
      "label": "type"
    },
    {
      "name": "moduleGraphLabel",
      "type": "null",
      "label": "moduleGraphLabel"
    },
    {
      "name": "runid",
      "type": "string",
      "label": "runid"
    },
    {
      "name": "testcaseResult",
      "type": "null",
      "label": "testcaseResult"
    },
    {
      "name": "defid",
      "type": "string",
      "label": "defid"
    }
  ],
  "createdUser": "sample@cts.com",
  "createdDate": {
    "$date": {
      "$numberLong": "1679375524505"
    }
  },
  "lastModifiedUser": "sample@cts.com",
  "lastModifiedDate": {
    "$date": {
      "$numberLong": "1679375524505"
    }
  },
  "_class": "com.cognizant.ciqdashboardapi.models.CIQDashboardDataSource"
},{
  "_id": {
    "$oid": "641ad6d04f5f77270e96f7c1"
  },
  "name": "ServiceNow",
  "group": "ServiceNow",
  "collectionName": "source_servicenow_components",
  "description": "ServiceNow",
  "toolName": "ServiceNow",
  "image": "",
  "imageType": "image",
  "fields": [
    {
      "name": "reminderNotifications",
      "type": "string",
      "label": "reminderNotifications"
    },
    {
      "name": "urgency",
      "type": "string",
      "label": "urgency"
    },
    {
      "name": "description",
      "type": "string",
      "label": "description"
    },
    {
      "name": "location",
      "type": "string",
      "label": "location"
    },
    {
      "name": "ETA",
      "type": "date",
      "label": "ETA"
    },
    {
      "name": "shortDescription",
      "type": "string",
      "label": "shortDescription"
    },
    {
      "name": "impact",
      "type": "string",
      "label": "impact"
    },
    {
      "name": "state",
      "type": "string",
      "label": "state"
    },
    {
      "name": "category",
      "type": "string",
      "label": "category"
    },
    {
      "name": "openedAt",
      "type": "date",
      "label": "openedAt"
    },
    {
      "name": "majorIncidentManager",
      "type": "string",
      "label": "majorIncidentManager"
    },
    {
      "name": "assignmentGroup",
      "type": "string",
      "label": "assignmentGroup"
    },
    {
      "name": "type",
      "type": "string",
      "label": "type"
    },
    {
      "name": "situation",
      "type": "string",
      "label": "situation"
    },
    {
      "name": "assignedTo",
      "type": "string",
      "label": "assignedTo"
    },
    {
      "name": "priority",
      "type": "string",
      "label": "priority"
    },
    {
      "name": "reportedBy",
      "type": "string",
      "label": "reportedBy"
    },
    {
      "name": "openedBy",
      "type": "string",
      "label": "openedBy"
    },
    {
      "name": "affectedEnvironment",
      "type": "string",
      "label": "affectedEnvironment"
    },
    {
      "name": "subCategory",
      "type": "string",
      "label": "subCategory"
    },
    {
      "name": "workplaceLocation",
      "type": "string",
      "label": "workplaceLocation"
    },
    {
      "name": "contactType",
      "type": "string",
      "label": "contactType"
    },
    {
      "name": "bestContactNumber",
      "type": "string",
      "label": "bestContactNumber"
    },
    {
      "name": "projectName",
      "type": "string",
      "label": "projectName"
    }
  ],
  "createdUser": "sample@cts.com",
  "createdDate": {
    "$date": {
      "$numberLong": "1679480528112"
    }
  },
  "lastModifiedUser": "sample@cts.com",
  "lastModifiedDate": {
    "$date": {
      "$numberLong": "1679480528112"
    }
  },
  "_class": "com.cognizant.ciqdashboardapi.models.CIQDashboardDataSource"
},{
  "_id": {
    "$oid": "641b92894f5f77270e96f7d5"
  },
  "name": "XRay Plugin",
  "group": "JIRA",
  "collectionName": "source_xray_tests",
  "description": "",
  "toolName": "XRAY",
  "image": "",
  "imageType": "image",
  "fields": [
    {
      "name": "testExecLastModified",
      "type": "date",
      "label": "testExecLastModified"
    },
    {
      "name": "customFields",
      "type": "array",
      "label": "customFields"
    },
    {
      "name": "executedById",
      "type": "string",
      "label": "executedById"
    },
    {
      "name": "startedOn",
      "type": "date",
      "label": "startedOn"
    },
    {
      "name": "projectKey",
      "type": "string",
      "label": "projectKey"
    },
    {
      "name": "assigneeId",
      "type": "string",
      "label": "assigneeId"
    },
    {
      "name": "testReporterTimeZone",
      "type": "string",
      "label": "testReporterTimeZone"
    },
    {
      "name": "testId",
      "type": "string",
      "label": "testId"
    },
    {
      "name": "testReporterDisplayName",
      "type": "string",
      "label": "testReporterDisplayName"
    },
    {
      "name": "testExecKey",
      "type": "string",
      "label": "testExecKey"
    },
    {
      "name": "projectTypeKey",
      "type": "string",
      "label": "projectTypeKey"
    },
    {
      "name": "projectId",
      "type": "string",
      "label": "projectId"
    },
    {
      "name": "statusFinal",
      "type": "bool",
      "label": "statusFinal"
    },
    {
      "name": "testExecId",
      "type": "string",
      "label": "testExecId"
    },
    {
      "name": "testFolderPath",
      "type": "string",
      "label": "testFolderPath"
    },
    {
      "name": "testEnvironments",
      "type": "string",
      "label": "testEnvironments"
    },
    {
      "name": "testKey",
      "type": "string",
      "label": "testKey"
    },
    {
      "name": "parameters",
      "type": "array",
      "label": "parameters"
    },
    {
      "name": "statusName",
      "type": "string",
      "label": "statusName"
    },
    {
      "name": "testLastModified",
      "type": "date",
      "label": "testLastModified"
    },
    {
      "name": "finishedOn",
      "type": "date",
      "label": "finishedOn"
    },
    {
      "name": "testTypeId",
      "type": "string",
      "label": "testTypeId"
    },
    {
      "name": "testTypeKind",
      "type": "string",
      "label": "testTypeKind"
    },
    {
      "name": "testAssigneeActive",
      "type": "bool",
      "label": "testAssigneeActive"
    },
    {
      "name": "statusDescription",
      "type": "string",
      "label": "statusDescription"
    },
    {
      "name": "testAssigneeTimeZone",
      "type": "string",
      "label": "testAssigneeTimeZone"
    },
    {
      "name": "testReporterActive",
      "type": "bool",
      "label": "testReporterActive"
    },
    {
      "name": "testTypeName",
      "type": "string",
      "label": "testTypeName"
    },
    {
      "name": "testAssigneeDisplayName",
      "type": "string",
      "label": "testAssigneeDisplayName"
    },
    {
      "name": "defects",
      "type": "string",
      "label": "defects"
    },
    {
      "name": "lastModified",
      "type": "date",
      "label": "lastModified"
    },
    {
      "name": "scenarioType",
      "type": "string",
      "label": "scenarioType"
    },
    {
      "name": "projectName",
      "type": "string",
      "label": "projectName"
    },
    {
      "name": "testFolderName",
      "type": "string",
      "label": "testFolderName"
    }
  ],
  "createdUser": "sample@cts.com",
  "createdDate": {
    "$date": {
      "$numberLong": "1679528585442"
    }
  },
  "lastModifiedUser": "sample@cts.com",
  "lastModifiedDate": {
    "$date": {
      "$numberLong": "1679528585442"
    }
  },
  "_class": "com.cognizant.ciqdashboardapi.models.CIQDashboardDataSource"
}]