[{
  "_id": {
    "$oid": "63244f723960062fd7775af8"
  },
  "name": "TestProj",
  "description": "ALM - Design & Execution Template",
  "createdUser": "sample@cts.com",
  "createdDate": {
    "$date": {
      "$numberLong": "1663324018649"
    }
  },
  "lastModifiedUser": "sample@cts.com",
  "lastModifiedDate": {
    "$date": {
      "$numberLong": "1663324018649"
    }
  },
  "_class": "com.cognizant.ciqdashboardapi.models.CIQDashboardProject",
  "LOBId": {
    "$oid": "6364f16bd2a64d598d55be87"
  },
  "OrgId": {
    "$oid": "6364f139d2a64d598d55bd68"
  }
},{
  "_id": {
    "$oid": "632a6c9b7f171e41679eadb9"
  },
  "name": "DemoProject",
  "description": "JIRA - Story & Bugs Template and JENKINS",
  "createdUser": "sample@cts.com",
  "createdDate": {
    "$date": {
      "$numberLong": "1663724699073"
    }
  },
  "lastModifiedUser": "sample@cts.com",
  "lastModifiedDate": {
    "$date": {
      "$numberLong": "1663724699073"
    }
  },
  "_class": "com.cognizant.ciqdashboardapi.models.CIQDashboardProject"
},{
  "_id": {
    "$oid": "6332c595ae3a811597024eeb"
  },
  "name": "ALM_Req_Def",
  "description": "ALM - Requirements & Defects Template",
  "createdUser": "sample@cts.com",
  "createdDate": {
    "$date": {
      "$numberLong": "1664271765896"
    }
  },
  "lastModifiedUser": "sample@cts.com",
  "lastModifiedDate": {
    "$date": {
      "$numberLong": "1664271765896"
    }
  },
  "_class": "com.cognizant.ciqdashboardapi.models.CIQDashboardProject"
},{
  "_id": {
    "$oid": "633bd16128d7a13e281ea506"
  },
  "name": "Digital",
  "description": "ALM Trends",
  "createdUser": "sample@cts.com",
  "createdDate": {
    "$date": {
      "$numberLong": "1664864609959"
    }
  },
  "lastModifiedUser": "sample@cts.com",
  "lastModifiedDate": {
    "$date": {
      "$numberLong": "1664864609959"
    }
  },
  "_class": "com.cognizant.ciqdashboardapi.models.CIQDashboardProject"
},{
  "_id": {
    "$oid": "6388404c290cb71723923360"
  },
  "name": "ShopOnline",
  "description": "Shop Online Project",
  "lobId": "63883fae290cb7172392335f",
  "orgId": "63883f1e290cb7172392335e",
  "sourceTools": [
    {
      "Jira": [
        "ShopOnline"
      ]
    }
  ],
  "createdUser": "sample@cts.com",
  "createdDate": {
    "$date": {
      "$numberLong": "1669873740698"
    }
  },
  "lastModifiedUser": "sample@cts.com",
  "lastModifiedDate": {
    "$date": {
      "$numberLong": "1669873740698"
    }
  },
  "_class": "com.cognizant.ciqdashboardapi.models.CIQDashboardProject"
},{
  "_id": {
    "$oid": "638843fc290cb71723923363"
  },
  "name": "ShoppingCart",
  "description": "Shopping Cart Handling",
  "lobId": "63883fae290cb7172392335f",
  "orgId": "63883f1e290cb7172392335e",
  "sourceTools": [
    {
      "Jira": [
        "ShoppingCart"
      ]
    }
  ],
  "createdUser": "sample@cts.com",
  "createdDate": {
    "$date": {
      "$numberLong": "1669874684399"
    }
  },
  "lastModifiedUser": "sample@cts.com",
  "lastModifiedDate": {
    "$date": {
      "$numberLong": "1669874684399"
    }
  },
  "_class": "com.cognizant.ciqdashboardapi.models.CIQDashboardProject"
},{
  "_id": {
    "$oid": "638867f5290cb7172392336d"
  },
  "name": "EasyBanking",
  "description": "EasyBanking App",
  "lobId": "63883fae290cb7172392335f",
  "orgId": "63883f1e290cb7172392335e",
  "createdUser": "sample@cts.com",
  "sourceTools": [
    {
      "Jira": [
        "EasyBanking"
      ]
    }
  ],
  "createdDate": {
    "$date": {
      "$numberLong": "1669883893803"
    }
  },
  "lastModifiedUser": "sample@cts.com",
  "lastModifiedDate": {
    "$date": {
      "$numberLong": "1669883893803"
    }
  },
  "_class": "com.cognizant.ciqdashboardapi.models.CIQDashboardProject"
},{
  "_id": {
    "$oid": "63888fc8290cb71723923372"
  },
  "name": "Billing Dashboard",
  "description": "Billing Statistics",
  "lobId": "63883fae290cb7172392335f",
  "orgId": "63883f1e290cb7172392335e",
  "sourceTools": [
    {
      "Jira": [
        "Billing Dashboard"
      ]
    }
  ],
  "createdUser": "sample@cts.com",
  "createdDate": {
    "$date": {
      "$numberLong": "1669894088440"
    }
  },
  "lastModifiedUser": "sample@cts.com",
  "lastModifiedDate": {
    "$date": {
      "$numberLong": "1669894088440"
    }
  },
  "_class": "com.cognizant.ciqdashboardapi.models.CIQDashboardProject"
},{
  "_id": {
    "$oid": "6388904f290cb71723923374"
  },
  "name": "Academy Courses",
  "description": "Online Ordering Learnings",
  "lobId": "63883fae290cb7172392335f",
  "orgId": "63883f1e290cb7172392335e",
  "sourceTools": [
    {
      "Jira": [
        "AcademyCourses"
      ]
    }
  ],
  "createdUser": "sample@cts.com",
  "createdDate": {
    "$date": {
      "$numberLong": "1669894223439"
    }
  },
  "lastModifiedUser": "sample@cts.com",
  "lastModifiedDate": {
    "$date": {
      "$numberLong": "1669894223439"
    }
  },
  "_class": "com.cognizant.ciqdashboardapi.models.CIQDashboardProject"
},{
  "_id": {
    "$oid": "640ebf244ab2947b980f5947"
  },
  "name": "test123",
  "description": "test123",
  "createdUser": "sample@cts.com",
  "createdDate": {
    "$date": {
      "$numberLong": "1678688036994"
    }
  },
  "lastModifiedUser": "sample@cts.com",
  "lastModifiedDate": {
    "$date": {
      "$numberLong": "1678688036994"
    }
  },
  "_class": "com.cognizant.ciqdashboardapi.models.CIQDashboardProject"
},{
  "_id": {
    "$oid": "640ec6754ab2947b980f5948"
  },
  "name": "test12344",
  "description": "test1234",
  "createdUser": "sample@cts.com",
  "createdDate": {
    "$date": {
      "$numberLong": "1678689909876"
    }
  },
  "lastModifiedUser": "sample@cts.com",
  "lastModifiedDate": {
    "$date": {
      "$numberLong": "1678689909876"
    }
  },
  "_class": "com.cognizant.ciqdashboardapi.models.CIQDashboardProject"
},{
  "_id": {
    "$oid": "640ecb2c9387703c61b8a310"
  },
  "name": "test12345",
  "description": "test1235",
  "sourceTools": [
    {
      "toolName": "JIRA",
      "projectNames": [
        "ShopOnline"
      ]
    }
  ],
  "createdUser": "sample@cts.com",
  "createdDate": {
    "$date": {
      "$numberLong": "1678691116846"
    }
  },
  "lastModifiedUser": "sample@cts.com",
  "lastModifiedDate": {
    "$date": {
      "$numberLong": "1678691116846"
    }
  },
  "_class": "com.cognizant.ciqdashboardapi.models.CIQDashboardProject"
},{
  "_id": {
    "$oid": "641891294f5f77270e96f7b5"
  },
  "name": "iDashboard",
  "description": "test",
  "lobId": "641890cc4f5f77270e96f7b3",
  "orgId": "6418901a4f5f77270e96f7b0",
  "sourceTools": [
    {
      "toolName": "JIRA",
      "projectNames": [
        "AcademyCourses",
        "Billing Dashboard"
      ]
    }
  ],
  "createdUser": "sample@cts.com",
  "createdDate": {
    "$date": {
      "$numberLong": "1679331625534"
    }
  },
  "lastModifiedUser": "sample@cts.com",
  "lastModifiedDate": {
    "$date": {
      "$numberLong": "1679331625534"
    }
  },
  "_class": "com.cognizant.ciqdashboardapi.models.CIQDashboardProject"
},{
  "_id": {
    "$oid": "641ad6764f5f77270e96f7bf"
  },
  "name": "ServiceNow",
  "description": "servicenow",
  "lobId": "641890cc4f5f77270e96f7b3",
  "orgId": "6418901a4f5f77270e96f7b0",
  "sourceTools": [
    {
      "toolName": "JIRA",
      "projectNames": [
        "AcademyCourses"
      ]
    }
  ],
  "createdUser": "sample@cts.com",
  "createdDate": {
    "$date": {
      "$numberLong": "1679480438155"
    }
  },
  "lastModifiedUser": "sample@cts.com",
  "lastModifiedDate": {
    "$date": {
      "$numberLong": "1679480438155"
    }
  },
  "_class": "com.cognizant.ciqdashboardapi.models.CIQDashboardProject"
},{
  "_id": {
    "$oid": "641af6d34f5f77270e96f7cd"
  },
  "name": "eLearning",
  "description": "eLearning",
  "lobId": "641890cc4f5f77270e96f7b3",
  "orgId": "6418901a4f5f77270e96f7b0",
  "sourceTools": [
    {
      "toolName": "JIRA",
      "projectNames": [
        "AcademyCourses"
      ]
    }
  ],
  "createdUser": "sample@cts.com",
  "createdDate": {
    "$date": {
      "$numberLong": "1679488723797"
    }
  },
  "lastModifiedUser": "sample@cts.com",
  "lastModifiedDate": {
    "$date": {
      "$numberLong": "1679488723797"
    }
  },
  "_class": "com.cognizant.ciqdashboardapi.models.CIQDashboardProject"
},{
  "_id": {
    "$oid": "641b8f0b4f5f77270e96f7d1"
  },
  "name": "Tickets Handling",
  "description": "Service Now & XRay",
  "lobId": "63883fae290cb7172392335f",
  "orgId": "63883f1e290cb7172392335e",
  "sourceTools": [
    {
      "toolName": "JIRA",
      "projectNames": [
        "AcademyCourses"
      ]
    }
  ],
  "createdUser": "sample@cts.com",
  "createdDate": {
    "$date": {
      "$numberLong": "1679527691764"
    }
  },
  "lastModifiedUser": "sample@cts.com",
  "lastModifiedDate": {
    "$date": {
      "$numberLong": "1679527691764"
    }
  },
  "_class": "com.cognizant.ciqdashboardapi.models.CIQDashboardProject"
}]