[{
  "_id": {
    "$oid": "63883f1e290cb7172392335e"
  },
  "organizationName": "A-2-Z",
  "organizationDesc": "E-Commerce Organization",
  "createdUser": "sample@cts.com",
  "createdDate": {
    "$date": {
      "$numberLong": "1669873438598"
    }
  },
  "lastModifiedUser": "sample@cts.com",
  "lastModifiedDate": {
    "$date": {
      "$numberLong": "1669873438598"
    }
  },
  "_class": "com.cognizant.ciqdashboardapi.models.Organization"
},{
  "_id": {
    "$oid": "6418901a4f5f77270e96f7b0"
  },
  "organizationName": "cognizant",
  "organizationDesc": "test",
  "createdUser": "sample@cts.com",
  "createdDate": {
    "$date": {
      "$numberLong": "1679331354302"
    }
  },
  "lastModifiedUser": "sample@cts.com",
  "lastModifiedDate": {
    "$date": {
      "$numberLong": "1679331354302"
    }
  },
  "_class": "com.cognizant.ciqdashboardapi.models.Organization"
}]