[{
  "_id": {
    "$oid": "62d1205673809f6a9ec6beb3"
  },
  "emailId": "sample@cts.com",
  "issuedAt": {
    "$date": {
      "$numberLong": "1681210170000"
    }
  },
  "lastModifiedUser": "",
  "lastModifiedDate": {
    "$date": {
      "$numberLong": "1681210172938"
    }
  },
  "_class": "com.cognizant.ciqdashboardapi.models.UserSession"
},{
  "_id": {
    "$oid": "63281574e51d4c1d423b0416"
  },
  "emailId": "inti.sandeep@cognizant.com",
  "issuedAt": {
    "$date": {
      "$numberLong": "1666166225000"
    }
  },
  "lastModifiedUser": "",
  "lastModifiedDate": {
    "$date": {
      "$numberLong": "1666166235456"
    }
  },
  "_class": "com.cognizant.ciqdashboardapi.models.UserSession"
},{
  "_id": {
    "$oid": "63280c35e51d4c1d423b0414"
  },
  "emailId": "sample1@cts.com",
  "issuedAt": {
    "$date": {
      "$numberLong": "1667204070000"
    }
  },
  "lastModifiedUser": "",
  "lastModifiedDate": {
    "$date": {
      "$numberLong": "1667204071330"
    }
  },
  "_class": "com.cognizant.ciqdashboardapi.models.UserSession"
},{
  "_id": {
    "$oid": "6329b339e51d4c1d423b0418"
  },
  "emailId": "adminuser@cts.com",
  "issuedAt": {
    "$date": {
      "$numberLong": "1663677716000"
    }
  },
  "lastModifiedUser": "",
  "lastModifiedDate": {
    "$date": {
      "$numberLong": "1663677716996"
    }
  },
  "_class": "com.cognizant.ciqdashboardapi.models.UserSession"
},{
  "_id": {
    "$oid": "6329b35ce51d4c1d423b041a"
  },
  "emailId": "demouser@cts.com",
  "issuedAt": {
    "$date": {
      "$numberLong": "1663677754000"
    }
  },
  "lastModifiedUser": "",
  "lastModifiedDate": {
    "$date": {
      "$numberLong": "1663677754464"
    }
  },
  "_class": "com.cognizant.ciqdashboardapi.models.UserSession"
}]